<?xml version="1.0" encoding="UTF-8"?>
<addon
  id="skin.mediastream_redux.plexbmc"
  version="1.1.2"
  name="MediaStream Redux"
  provider-name="Jezz_X (graphics by team razorfish)">
  <requires>
    <import addon="xbmc.gui" version="2.11"/>
  </requires>
  <extension
    point="xbmc.gui.skin"
    defaultresolution="720p" 
    defaultresolutionwide="720p"
    defaultthemename="textures.xbt" 
    effectslowdown="1.0"
    debugging="false"/>
  <extension point="xbmc.addon.metadata">
    <summary>Jezz_X's redesign of the original "MediaStream" skin</summary>
    <description>   MediaStream Redux is a complete remake from the ground up of Team Razorfish's MediaStream skin and only uses the original skins graphics (also its home window layout and some of its views) and is for 16x9 only no 4x3 support like the original.[CR]   I made this skin because coming from the Project Mayhem skins I loved the original Mediastream skin looks but found it very hard to navigate my way around in the original (old habits die hard). So this skin Navigates more like the PM skins (Menu is on the left hand side)[CR]  All credit to Team Razorfish for the original concept and graphics used in this version</description>
    <platform>all</platform>
  </extension>
</addon>
