<?xml version="1.0"?>
<includes>
	<include name="List">
		<control type="group">
			<description>List View</description>
			<!-- ### INFO/METADATA ### -->
			<control type="grouplist">
				<animation effect="fade" start="0" end="100" delay="280" time="100">Visible</animation>
				<animation effect="fade" start="100" end="0" delay="0" time="100">Hidden</animation>
				<visible>[[System.IdleTime(3) + !Skin.HasSetting(WaitShort) + !Skin.HasSetting(NoWait)] | [System.IdleTime(1) + Skin.HasSetting(WaitShort)] | Skin.HasSetting(NoWait)] + Container.Content(Movies)</visible>
				<posx>90</posx>
				<posy>340</posy>
				<itemgap>5</itemgap>
				<orientation>vertical</orientation>
				<usecontrolcoords>false</usecontrolcoords>
				<control type="group">
					<height>34</height>
					<control type="grouplist">
						<visible>Skin.HasSetting(Flags)</visible>
						<width>400</width>
						<orientation>horizontal</orientation>
						<height>34</height>
						<itemgap>-2</itemgap>
						<control type="image">
							<width min="1" max="34">auto</width>
							<height>30</height>
							<texture>$INFO[Listitem.Property(mediaTag-videoResolution),flags/resolution/,.png]</texture>
							<aspectratio align="left" aligny="bottom">keep</aspectratio>
						</control>
						<control type="image">
							<width min="1" max="12">auto</width>
							<height>34</height>
							<texture>$INFO[Listitem.Property(mediaTag-videoResolution),flags/resolution/,.png]</texture>
							<colordiffuse>00ffffff</colordiffuse>
							<aspectratio align="left" aligny="top">keep</aspectratio>
						</control>
						<control type="label">
							<width>400</width>
							<height>34</height>
							<font>info1</font>
							<align>left</align>
							<aligny>bottom</aligny>
							<textcolor>White</textcolor>
							<label>$INFO[ListItem.Label]</label>
						</control>
					</control>
					<control type="grouplist">
						<visible>!Skin.HasSetting(Flags)</visible>
						<width>400</width>
						<orientation>horizontal</orientation>
						<height>34</height>
						<itemgap>0</itemgap>
						<control type="label">
							<width>400</width>
							<height>36</height>
							<font>info1</font>
							<align>left</align>
							<aligny>bottom</aligny>
							<textcolor>White</textcolor>
							<label>$INFO[ListItem.Label]</label>
						</control>
					</control>
					<control type="label">
						<posy>0</posy>
						<posx>480</posx>
						<visible>!IsEmpty(ListItem.Rating) + Skin.HasSetting(AlternateRating)</visible>
						<width>80</width>
						<height>30</height>
						<font>info2</font>
						<align>right</align>
						<textcolor>White</textcolor>
						<label>$INFO[ListItem.Rating]</label>
					</control>
					<control type="image">
						<posy>0</posy>
						<posx>410</posx>
						<visible>!IsEmpty(ListItem.Rating) + !Skin.HasSetting(AlternateRating)</visible>
						<width>88</width>
						<height>34</height>
						<info>ListItem.StarRating</info>
						<aspectratio aligny="bottom" align="left">keep</aspectratio>
					</control>
				</control>
				<control type="image">
					<posy>0</posy>
					<posx>0</posx>
					<width>510</width>
					<height>1</height>
					<texture>white.png</texture>
					<aspectratio>scale</aspectratio>
					<colordiffuse>WhiteTrans</colordiffuse>
				</control>
				<control type="textbox">
					<description>Plot/Details</description>
					<width>510</width>
					<height>163</height>
					<info>ListItem.Plot</info>
					<textcolor>White</textcolor>
					<font>info2</font>
					<autoscroll delay="8000" time="2000" repeat="10000">true</autoscroll>
				</control>
				<control type="image">
					<posy>0</posy>
					<posx>0</posx>
					<width>510</width>
					<height>1</height>
					<texture>white.png</texture>
					<aspectratio>scale</aspectratio>
					<colordiffuse>WhiteTrans</colordiffuse>
				</control>
				<control type="group">
					<height>75</height>
					<control type="label">
						<posx>83</posx>
						<posy>0</posy>
						<width>83</width>
						<height>25</height>
						<font>info2</font>
						<align>right</align>
						<aligny>center</aligny>
						<textcolor>WhiteTrans</textcolor>
						<label>Genre:</label>
					</control>
					<control type="label">
						<posx>83</posx>
						<posy>25</posy>
						<width>83</width>
						<height>25</height>
						<font>info2</font>
						<align>right</align>
						<aligny>center</aligny>
						<textcolor>WhiteTrans</textcolor>
						<label>Release:</label>
					</control>
					<control type="label">
						<posx>83</posx>
						<posy>50</posy>
						<width>83</width>
						<height>25</height>
						<font>info2</font>
						<align>right</align>
						<aligny>center</aligny>
						<textcolor>WhiteTrans</textcolor>
						<label>Duration:</label>
					</control>
					<control type="label">
						<posx>90</posx>
						<posy>0</posy>
						<width>400</width>
						<height>25</height>
						<font>info2</font>
						<align>left</align>
						<aligny>center</aligny>
						<textcolor>White</textcolor>
						<info>ListItem.FirstGenre</info>
					</control>
					<control type="label">
						<posx>90</posx>
						<posy>25</posy>
						<width>400</width>
						<height>25</height>
						<font>info2</font>
						<align>left</align>
						<aligny>center</aligny>
						<textcolor>White</textcolor>
						<info>ListItem.Year</info>
					</control>
					<control type="label">
						<posx>90</posx>
						<posy>50</posy>
						<width>400</width>
						<height>25</height>
						<font>info2</font>
						<align>left</align>
						<aligny>center</aligny>
						<textcolor>White</textcolor>
						<info>ListItem.Duration</info>
					</control>
				</control>
				<control type="image">
					<posy>0</posy>
					<posx>0</posx>
					<width>510</width>
					<height>1</height>
					<texture>white.png</texture>
					<aspectratio>scale</aspectratio>
					<colordiffuse>WhiteTrans</colordiffuse>
				</control>
			</control>
			<control type="grouplist">
				<animation effect="fade" start="0" end="100" delay="280" time="100">Visible</animation>
				<animation effect="fade" start="100" end="0" delay="0" time="100">Hidden</animation>
				<visible>[[System.IdleTime(3) + !Skin.HasSetting(WaitShort) + !Skin.HasSetting(NoWait)] | [System.IdleTime(1) + Skin.HasSetting(WaitShort)] | Skin.HasSetting(NoWait)] + Container.Content(tvshows)</visible>
				<posx>90</posx>
				<posy>340</posy>
				<itemgap>5</itemgap>
				<orientation>vertical</orientation>
				<usecontrolcoords>false</usecontrolcoords>
				<control type="group">
					<height>34</height>
					<control type="label">
						<width>400</width>
						<height>26</height>
						<font>info1</font>
						<align>left</align>
						<aligny>top</aligny>
						<textcolor>White</textcolor>
						<label>$INFO[ListItem.Label]</label>
					</control>
					<control type="label">
						<posy>0</posy>
						<posx>480</posx>
						<visible>!IsEmpty(ListItem.Rating) + Skin.HasSetting(AlternateRating)</visible>
						<width>80</width>
						<height>30</height>
						<font>info2</font>
						<align>right</align>
						<textcolor>White</textcolor>
						<label>$INFO[ListItem.Rating]</label>
					</control>
					<control type="image">
						<posy>0</posy>
						<posx>410</posx>
						<visible>!IsEmpty(ListItem.Rating) + !Skin.HasSetting(AlternateRating)</visible>
						<width>88</width>
						<height>34</height>
						<info>ListItem.StarRating</info>
						<aspectratio aligny="bottom" align="left">keep</aspectratio>
					</control>
				</control>
				<control type="image">
					<posy>0</posy>
					<posx>0</posx>
					<width>510</width>
					<height>1</height>
					<texture>white.png</texture>
					<aspectratio>scale</aspectratio>
					<colordiffuse>WhiteTrans</colordiffuse>
				</control>
				<control type="textbox">
					<description>Plot/Details</description>
					<width>510</width>
					<height>163</height>
					<info>ListItem.Plot</info>
					<textcolor>White</textcolor>
					<font>info2</font>
					<autoscroll delay="8000" time="2000" repeat="10000">true</autoscroll>
				</control>
				<control type="image">
					<posy>0</posy>
					<posx>0</posx>
					<width>510</width>
					<height>1</height>
					<texture>white.png</texture>
					<aspectratio>scale</aspectratio>
					<colordiffuse>WhiteTrans</colordiffuse>
				</control>
				<control type="group">
					<height>75</height>
					<control type="label">
						<posx>94</posx>
						<posy>0</posy>
						<width>94</width>
						<height>25</height>
						<font>info2</font>
						<align>right</align>
						<aligny>center</aligny>
						<textcolor>WhiteTrans</textcolor>
						<label>Genre:</label>
					</control>
					<control type="label">
						<posx>94</posx>
						<posy>25</posy>
						<width>94</width>
						<height>25</height>
						<font>info2</font>
						<align>right</align>
						<aligny>center</aligny>
						<textcolor>WhiteTrans</textcolor>
						<label>First aired:</label>
					</control>
					<control type="label">
						<posx>94</posx>
						<posy>50</posy>
						<width>94</width>
						<height>25</height>
						<font>info2</font>
						<align>right</align>
						<aligny>center</aligny>
						<textcolor>WhiteTrans</textcolor>
						<label>Duration:</label>
					</control>
					<control type="label">
						<posx>100</posx>
						<posy>0</posy>
						<width>400</width>
						<height>25</height>
						<font>info2</font>
						<align>left</align>
						<aligny>center</aligny>
						<textcolor>White</textcolor>
						<info>ListItem.FirstGenre</info>
					</control>
					<control type="label">
						<posx>100</posx>
						<posy>25</posy>
						<width>400</width>
						<height>25</height>
						<font>info2</font>
						<align>left</align>
						<aligny>center</aligny>
						<textcolor>White</textcolor>
						<info>ListItem.Year</info>
					</control>
					<control type="label">
						<posx>100</posx>
						<posy>50</posy>
						<width>400</width>
						<height>25</height>
						<font>info2</font>
						<align>left</align>
						<aligny>center</aligny>
						<textcolor>White</textcolor>
						<info>ListItem.Duration</info>
					</control>
				</control>
				<control type="image">
					<posy>0</posy>
					<posx>0</posx>
					<width>510</width>
					<height>1</height>
					<texture>white.png</texture>
					<aspectratio>scale</aspectratio>
					<colordiffuse>WhiteTrans</colordiffuse>
				</control>
			</control>
			<control type="grouplist">
				<animation effect="fade" start="0" end="100" delay="280" time="100">Visible</animation>
				<animation effect="fade" start="100" end="0" delay="0" time="100">Hidden</animation>
				<visible>[[System.IdleTime(3) + !Skin.HasSetting(WaitShort) + !Skin.HasSetting(NoWait)] | [System.IdleTime(1) + Skin.HasSetting(WaitShort)] | Skin.HasSetting(NoWait)] + Container.Content(episodes)</visible>
				<posx>90</posx>
				<posy>340</posy>
				<itemgap>5</itemgap>
				<orientation>vertical</orientation>
				<usecontrolcoords>false</usecontrolcoords>
				<control type="group">
					<height>34</height>
					<control type="grouplist">
						<visible>Skin.HasSetting(Flags)</visible>
						<width>400</width>
						<orientation>horizontal</orientation>
						<height>34</height>
						<itemgap>-2</itemgap>
						<control type="image">
							<width min="1" max="34">auto</width>
							<height>29</height>
							<texture>$INFO[Listitem.Property(mediaTag-videoResolution),flags/resolution/,.png]</texture>
							<aspectratio align="left" aligny="bottom">keep</aspectratio>
						</control>
						<control type="image">
							<width min="1" max="12">auto</width>
							<height>34</height>
							<texture diffuse="Black.png">$INFO[Listitem.Property(mediaTag-videoResolution),flags/resolution/,.png]</texture>
							<aspectratio align="left" aligny="top">keep</aspectratio>
							<colordiffuse>00ffffff</colordiffuse>
						</control>
						<control type="label">
							<width>400</width>
							<height>34</height>
							<font>info1</font>
							<align>left</align>
							<aligny>bottom</aligny>
							<textcolor>White</textcolor>
							<label>$INFO[ListItem.Label]</label>
						</control>
					</control>
					<control type="grouplist">
						<visible>!Skin.HasSetting(Flags)</visible>
						<width>400</width>
						<orientation>horizontal</orientation>
						<height>34</height>
						<itemgap>0</itemgap>
						<control type="label">
							<width>400</width>
							<height>34</height>
							<font>info1</font>
							<align>left</align>
							<aligny>bottom</aligny>
							<textcolor>White</textcolor>
							<label>$INFO[ListItem.Label]</label>
						</control>
					</control>
					<control type="label">
						<posy>0</posy>
						<posx>480</posx>
						<visible>!IsEmpty(ListItem.Rating) + Skin.HasSetting(AlternateRating)</visible>
						<width>80</width>
						<height>30</height>
						<font>info2</font>
						<align>right</align>
						<textcolor>White</textcolor>
						<label>$INFO[ListItem.Rating]</label>
					</control>
					<control type="image">
						<posy>0</posy>
						<posx>410</posx>
						<visible>!IsEmpty(ListItem.Rating) + !Skin.HasSetting(AlternateRating)</visible>
						<width>88</width>
						<height>34</height>
						<info>ListItem.StarRating</info>
						<aspectratio aligny="bottom" align="left">keep</aspectratio>
					</control>
				</control>
				<control type="image">
					<posy>0</posy>
					<posx>0</posx>
					<width>510</width>
					<height>1</height>
					<texture>white.png</texture>
					<aspectratio>scale</aspectratio>
					<colordiffuse>WhiteTrans</colordiffuse>
				</control>
				<control type="textbox">
					<description>Plot/Details</description>
					<width>510</width>
					<height>163</height>
					<info>ListItem.Plot</info>
					<textcolor>White</textcolor>
					<font>info2</font>
					<autoscroll delay="8000" time="2000" repeat="10000">true</autoscroll>
				</control>
				<control type="image">
					<posy>0</posy>
					<posx>0</posx>
					<width>510</width>
					<height>1</height>
					<texture>white.png</texture>
					<aspectratio>scale</aspectratio>
					<colordiffuse>WhiteTrans</colordiffuse>
				</control>
				<control type="group">
					<height>75</height>
					<control type="label">
						<posx>83</posx>
						<posy>0</posy>
						<width>83</width>
						<height>25</height>
						<font>info2</font>
						<align>right</align>
						<aligny>center</aligny>
						<textcolor>WhiteTrans</textcolor>
						<label>Episode:</label>
					</control>
					<control type="label">
						<posx>83</posx>
						<posy>25</posy>
						<width>83</width>
						<height>25</height>
						<font>info2</font>
						<align>right</align>
						<aligny>center</aligny>
						<textcolor>WhiteTrans</textcolor>
						<label>Aired on:</label>
					</control>
					<control type="label">
						<posx>83</posx>
						<posy>50</posy>
						<width>83</width>
						<height>25</height>
						<font>info2</font>
						<align>right</align>
						<aligny>center</aligny>
						<textcolor>WhiteTrans</textcolor>
						<label>Duration:</label>
					</control>
					<control type="label">
						<posx>90</posx>
						<posy>0</posy>
						<width>400</width>
						<height>25</height>
						<font>info2</font>
						<align>left</align>
						<aligny>center</aligny>
						<textcolor>White</textcolor>
						<label>$INFO[ListItem.Episode] (Season $INFO[ListItem.Season])</label>
					</control>
					<control type="label">
						<posx>90</posx>
						<posy>25</posy>
						<width>400</width>
						<height>25</height>
						<font>info2</font>
						<align>left</align>
						<aligny>center</aligny>
						<textcolor>White</textcolor>
						<info>ListItem.Date</info>
					</control>
					<control type="label">
						<posx>90</posx>
						<posy>50</posy>
						<width>400</width>
						<height>25</height>
						<font>info2</font>
						<align>left</align>
						<aligny>center</aligny>
						<textcolor>White</textcolor>
						<info>ListItem.Duration</info>
					</control>
				</control>
				<control type="image">
					<posy>0</posy>
					<posx>0</posx>
					<width>510</width>
					<height>1</height>
					<texture>white.png</texture>
					<aspectratio>scale</aspectratio>
					<colordiffuse>WhiteTrans</colordiffuse>
				</control>
			</control>
			<control type="grouplist">
				<animation effect="fade" start="0" end="100" delay="280" time="100">Visible</animation>
				<animation effect="fade" start="100" end="0" delay="0" time="100">Hidden</animation>
				<visible>[[System.IdleTime(3) + !Skin.HasSetting(WaitShort) + !Skin.HasSetting(NoWait)] | [System.IdleTime(1) + Skin.HasSetting(WaitShort)] | Skin.HasSetting(NoWait)] + !Container.Content(movies) + !Container.Content(episodes) + !Container.Content(tvshows) + !Container.Content(seasons) + !Container.Content(albums) + !Container.Content(songs) + !Container.Content(artists) + !IsEmpty(ListItem.Plot)</visible>
				<posx>90</posx>
				<posy>340</posy>
				<itemgap>5</itemgap>
				<orientation>vertical</orientation>
				<usecontrolcoords>false</usecontrolcoords>
				<control type="group">
					<height>34</height>
					<control type="label">
						<width>400</width>
						<height>26</height>
						<font>info1</font>
						<align>left</align>
						<aligny>top</aligny>
						<textcolor>White</textcolor>
						<label>$INFO[ListItem.Label]</label>
					</control>
					<control type="label">
						<posy>0</posy>
						<posx>480</posx>
						<visible>!IsEmpty(ListItem.Rating) + Skin.HasSetting(AlternateRating)</visible>
						<width>80</width>
						<height>30</height>
						<font>info2</font>
						<align>right</align>
						<textcolor>White</textcolor>
						<label>$INFO[ListItem.Rating]</label>
					</control>
					<control type="image">
						<posy>0</posy>
						<posx>410</posx>
						<visible>!IsEmpty(ListItem.Rating) + !Skin.HasSetting(AlternateRating)</visible>
						<width>88</width>
						<height>34</height>
						<info>ListItem.StarRating</info>
						<aspectratio aligny="bottom" align="left">keep</aspectratio>
					</control>
				</control>
				<control type="image">
					<posy>0</posy>
					<posx>0</posx>
					<width>510</width>
					<height>1</height>
					<texture>white.png</texture>
					<aspectratio>scale</aspectratio>
					<colordiffuse>WhiteTrans</colordiffuse>
				</control>
				<control type="label">
					<width>400</width>
					<height>26</height>
					<font>info2</font>
					<align>left</align>
					<aligny>top</aligny>
					<textcolor>WhiteTrans</textcolor>
					<label>$INFO[ListItem.Label2]</label>
					<visible>!IsEmpty(ListItem.Label2)</visible>
				</control>
				<control type="textbox">
					<description>Plot/Details</description>
					<width>510</width>
					<height>263</height>
					<info>ListItem.Plot</info>
					<textcolor>White</textcolor>
					<font>info2</font>
					<autoscroll delay="8000" time="2000" repeat="10000">true</autoscroll>
				</control>
			</control>
			<!-- ### POSTER/FANART/THUMBNAIL ### -->
			<control type="group">
				<animation type="WindowOpen">
					<effect type="rotatey" start="0" end="-10" center="0,0" time="300"/>
					<effect type="zoom" start="100" end="120" center="0,0" time="300"/>
				</animation>
				<animation type="Conditional" condition="[[System.IdleTime(3) + !Skin.HasSetting(WaitShort) + !Skin.HasSetting(NoWait)] | [System.IdleTime(1) + Skin.HasSetting(WaitShort)]] + [[Container.Content(Movies) | Container.Content(episodes) | Container.Content(tvshows)] |[!Container.Content(episodes) + !Container.Content(tvshows) + !Container.Content(seasons) + !Container.Content(albums) + !Container.Content(songs) + !Container.Content(artists) + !IsEmpty(ListItem.Plot)]]">
					<effect type="rotatey" start="0" end="12" center="0,0" time="300"/>
					<effect type="zoom" start="100" end="50" center="280,0" time="300"/>
				</animation>
				<animation type="Conditional" condition="Skin.HasSetting(NoWait) + [[Container.Content(Movies) | Container.Content(episodes) | Container.Content(tvshows)] |[!Container.Content(episodes) + !Container.Content(tvshows) + !Container.Content(seasons) + !Container.Content(albums) + !Container.Content(songs) + !Container.Content(artists) + !IsEmpty(ListItem.Plot)]]">
					<effect type="rotatey" start="0" end="12" center="0,0" time="0"/>
					<effect type="zoom" start="100" end="50" center="280,0" time="0"/>
				</animation>
				<control type="group">
					<posx>10</posx>
					<posy>100</posy>
					<visible>!Container.Content(tvshows) | [Container.Content(tvshows) + Skin.HasSetting(PosterTVShows)]</visible>
					<control type="image">
						<visible>!Container.OnNext + !Container.OnPrevious</visible>
						<animation effect="fade" end="100" start="0" time="600" delay="0" reversible="false">VisibleChange</animation>
						<posx>0</posx>
						<posy>0</posy>
						<width>506</width>
						<height>434</height>
						<aspectratio aligny="bottom">keep</aspectratio>
						<info>ListItem.Thumb</info>
					</control>
					<control type="image">
						<visible>Container.OnPrevious + !Skin.HasSetting(NoWait)</visible>
						<animation effect="fade" end="100" start="0" time="600" delay="0" reversible="false">VisibleChange</animation>
						<posx>0</posx>
						<posy>434</posy>
						<width>506</width>
						<height>434</height>
						<texture flipy="true" diffuse="DiffuseMirror.png"/>
						<aspectratio aligny="top">keep</aspectratio>
						<info>Container.ListItem(1).Thumb</info>
					</control>
					<control type="image">
						<visible>Container.OnNext</visible>
						<animation effect="fade" end="100" start="0" time="600" delay="0" reversible="false">VisibleChange</animation>
						<posx>0</posx>
						<posy>0</posy>
						<width>506</width>
						<height>434</height>
						<aspectratio aligny="bottom">keep</aspectratio>
						<info>Container.ListItem(-1).Thumb</info>
					</control>
					<control type="image">
						<visible>!Container.OnNext + !Container.OnPrevious + !Skin.HasSetting(NoWait)</visible>
						<animation effect="fade" end="100" start="0" time="600" delay="0" reversible="false">VisibleChange</animation>
						<posx>0</posx>
						<posy>434</posy>
						<width>506</width>
						<height>434</height>
						<texture flipy="true" diffuse="DiffuseMirror.png"/>
						<aspectratio aligny="top">keep</aspectratio>
						<info>ListItem.Thumb</info>
						<animation effect="fade" start="100" end="0" time="200" condition="[[System.IdleTime(3) + !Skin.HasSetting(WaitShort) + !Skin.HasSetting(NoWait)] | [System.IdleTime(1) + Skin.HasSetting(WaitShort)] | Skin.HasSetting(NoWait)] + [[Container.Content(Movies) | Container.Content(episodes) | Container.Content(tvshows)] |[!Container.Content(episodes) + !Container.Content(tvshows) + !Container.Content(seasons) + !Container.Content(albums) + !Container.Content(songs) + !Container.Content(artists) + !IsEmpty(ListItem.Plot)]]">Conditional</animation>
					</control>
					<control type="image">
						<visible>[[System.IdleTime(3) + !Skin.HasSetting(WaitShort) + !Skin.HasSetting(NoWait)] | [System.IdleTime(1) + Skin.HasSetting(WaitShort)] | Skin.HasSetting(NoWait)] + [[Container.Content(Movies) | Container.Content(episodes) | Container.Content(tvshows)] |[!Container.Content(episodes) + !Container.Content(tvshows) + !Container.Content(seasons) + !Container.Content(albums) + !Container.Content(songs) + !Container.Content(artists) + !IsEmpty(ListItem.Plot)]] + !Container.OnNext + !Container.OnPrevious </visible>
						<animation effect="fade" end="100" start="0" time="600" delay="0" reversible="false">VisibleChange</animation>
						<posx>0</posx>
						<posy>434</posy>
						<width>506</width>
						<height>434</height>
						<texture flipy="true" diffuse="DiffuseMirror3.png"/>
						<aspectratio aligny="top">keep</aspectratio>
						<info>ListItem.Thumb</info>
					</control>
					<control>
						<visible>Skin.HasSetting(NoWait) + Container.OnNext</visible>
						<animation effect="fade" end="100" start="0" time="600" delay="0" reversible="false">VisibleChange</animation>
						<posx>0</posx>
						<posy>434</posy>
						<width>506</width>
						<height>434</height>
						<texture flipy="true" diffuse="DiffuseMirror3.png"/>
						<aspectratio aligny="top">keep</aspectratio>
						<info>Container.ListItem(-1).Thumb</info>
					</control>
					<control>
						<visible>Skin.HasSetting(NoWait) + Container.OnPrevious</visible>
						<animation effect="fade" end="100" start="0" time="600" delay="0" reversible="false">VisibleChange</animation>
						<posx>0</posx>
						<posy>434</posy>
						<width>506</width>
						<height>434</height>
						<texture flipy="true" diffuse="DiffuseMirror3.png"/>
						<aspectratio aligny="top">keep</aspectratio>
						<info>Container.ListItem(1).Thumb</info>
					</control>
					<control type="image">
						<visible>Container.OnNext + !Skin.HasSetting(NoWait)</visible>
						<animation effect="fade" end="100" start="0" time="600" delay="0" reversible="false">VisibleChange</animation>
						<posx>0</posx>
						<posy>434</posy>
						<width>506</width>
						<height>434</height>
						<texture flipy="true" diffuse="DiffuseMirror.png"/>
						<aspectratio aligny="top">keep</aspectratio>
						<info>Container.ListItem(-1).Thumb</info>
					</control>
					<control type="image">
						<visible>Container.OnPrevious</visible>
						<animation effect="fade" end="100" start="0" time="600" delay="0" reversible="false">VisibleChange</animation>
						<posx>0</posx>
						<posy>0</posy>
						<width>506</width>
						<height>434</height>
						<info>Container.ListItem(1).Thumb</info>
						<aspectratio aligny="bottom">keep</aspectratio>
					</control>
				</control>
				<control type="group">
					<posx>10</posx>
					<posy>80</posy>
					<visible>Container.Content(tvshows) + !Skin.HasSetting(PosterTVShows)</visible>
					<control type="image">
						<visible>!Container.OnNext + !Container.OnPrevious</visible>
						<animation effect="fade" end="100" start="0" time="600" delay="0" reversible="false">VisibleChange</animation>
						<posx>0</posx>
						<posy>0</posy>
						<width>506</width>
						<height>434</height>
						<aspectratio aligny="bottom">keep</aspectratio>
						<info>ListItem.Property(fanart_image)</info>
					</control>
					<control type="image">
						<visible>Container.OnPrevious + !Skin.HasSetting(NoWait)</visible>
						<animation effect="fade" end="100" start="0" time="600" delay="0" reversible="false">VisibleChange</animation>
						<posx>0</posx>
						<posy>434</posy>
						<width>506</width>
						<height>434</height>
						<texture flipy="true" diffuse="DiffuseMirror.png"/>
						<aspectratio aligny="top">keep</aspectratio>
						<info>Container.ListItem(1).Property(fanart_image)</info>
					</control>
					<control type="image">
						<visible>Container.OnNext</visible>
						<animation effect="fade" end="100" start="0" time="600" delay="0" reversible="false">VisibleChange</animation>
						<posx>0</posx>
						<posy>0</posy>
						<width>506</width>
						<height>434</height>
						<aspectratio aligny="bottom">keep</aspectratio>
						<info>Container.ListItem(-1).Property(fanart_image)</info>
					</control>
					<control type="image">
						<visible>!Container.OnNext + !Container.OnPrevious + !Skin.HasSetting(NoWait)</visible>
						<animation effect="fade" end="100" start="0" time="600" delay="0" reversible="false">VisibleChange</animation>
						<posx>0</posx>
						<posy>434</posy>
						<width>506</width>
						<height>434</height>
						<texture flipy="true" diffuse="DiffuseMirror.png"/>
						<aspectratio aligny="top">keep</aspectratio>
						<info>ListItem.Property(fanart_image)</info>
						<animation effect="fade" start="100" end="0" time="200" condition="[[System.IdleTime(3) + !Skin.HasSetting(WaitShort) + !Skin.HasSetting(NoWait)] | [System.IdleTime(1) + Skin.HasSetting(WaitShort)] | Skin.HasSetting(NoWait)] + Container.Content(tvshows)">Conditional</animation>
					</control>
					<control>
						<visible>Skin.HasSetting(NoWait) + Container.OnNext</visible>
						<animation effect="fade" end="100" start="0" time="600" delay="0" reversible="false">VisibleChange</animation>
						<posx>0</posx>
						<posy>434</posy>
						<width>506</width>
						<height>434</height>
						<texture flipy="true" diffuse="DiffuseMirror3.png"/>
						<aspectratio aligny="top">keep</aspectratio>
						<info>Container.ListItem(-1).Property(fanart_image)</info>
					</control>
					<control>
						<visible>Skin.HasSetting(NoWait) + Container.OnPrevious</visible>
						<animation effect="fade" end="100" start="0" time="600" delay="0" reversible="false">VisibleChange</animation>
						<posx>0</posx>
						<posy>434</posy>
						<width>506</width>
						<height>434</height>
						<texture flipy="true" diffuse="DiffuseMirror3.png"/>
						<aspectratio aligny="top">keep</aspectratio>
						<info>Container.ListItem(1).Property(fanart_image)</info>
					</control>
					<control type="image">
						<visible>Container.OnNext + !Skin.HasSetting(NoWait)</visible>
						<animation effect="fade" end="100" start="0" time="600" delay="0" reversible="false">VisibleChange</animation>
						<posx>0</posx>
						<posy>434</posy>
						<width>506</width>
						<height>434</height>
						<texture flipy="true" diffuse="DiffuseMirror.png"/>
						<aspectratio aligny="top">keep</aspectratio>
						<info>Container.ListItem(-1).Property(fanart_image)</info>
					</control>
					<control type="image">
						<visible>Container.OnPrevious</visible>
						<animation effect="fade" end="100" start="0" time="600" delay="0" reversible="false">VisibleChange</animation>
						<posx>0</posx>
						<posy>0</posy>
						<width>506</width>
						<height>434</height>
						<info>Container.ListItem(1).Property(fanart_image)</info>
						<aspectratio aligny="bottom">keep</aspectratio>
					</control>
					<control type="image">
						<visible>[[System.IdleTime(3) + !Skin.HasSetting(WaitShort) + !Skin.HasSetting(NoWait)] | [System.IdleTime(1) + Skin.HasSetting(WaitShort)] | Skin.HasSetting(NoWait)] + Container.Content(tvshows)</visible>
						<animation effect="fade" end="100" start="0" time="600" delay="0" reversible="false">VisibleChange</animation>
						<posx>0</posx>
						<posy>434</posy>
						<width>506</width>
						<height>434</height>
						<texture flipy="true" diffuse="DiffuseMirror2.png"/>
						<aspectratio aligny="top">keep</aspectratio>
						<info>ListItem.Property(fanart_image)</info>
					</control>
				</control>
			</control>
			<!-- ### LIST VIEW ITSELF ### -->
			<control type="list" id="50">
				<posx>650</posx>
				<posy>110</posy>
				<width>551</width>
				<height>579</height>
				<onleft>9000</onleft>
				<onright>9000</onright>
				<onup>50</onup>
				<ondown>50</ondown>
				<viewtype label="List">list</viewtype>
				<scrolltime>200</scrolltime>
				<itemlayout height="58">
					<control type="group">
						<posy>15</posy>
						<posx>30</posx>
						<visible>!Skin.HasSetting(NoWatchedFlags)</visible>
						<control type="group">
							<visible>Container.Content(episodes) | Container.Content(tvshows) | Container.Content(seasons) | Container.Content(movies)</visible>
							<control type="label">
								<visible>!Container.Content(episodes)</visible>
								<posy>0</posy>
								<posx>35</posx>
								<width>430</width>
								<height>50</height>
								<aligny>center</aligny>
								<info>ListItem.Label</info>
								<textcolor>White</textcolor>
								<scroll>false</scroll>
								<font>list1</font>
							</control>
							<control type="label">
								<visible>Container.Content(episodes) + IsEmpty(Container.Property(mixedParents))</visible>
								<posy>0</posy>
								<posx>35</posx>
								<width>430</width>
								<aligny>center</aligny>
								<height>50</height>
								<label>$INFO[ListItem.Episode]. $INFO[ListItem.Label]</label>
								<textcolor>White</textcolor>
								<scroll>false</scroll>
								<font>list1</font>
							</control>
							<control type="label">
								<visible>Container.Content(episodes) + !IsEmpty(Container.Property(mixedParents))</visible>
								<posy>0</posy>
								<posx>35</posx>
								<width>430</width>
								<aligny>center</aligny>
								<height>50</height>
								<label>$INFO[ListItem.Season]x$INFO[ListItem.Episode] - $INFO[ListItem.TVShowTitle]</label>
								<textcolor>White</textcolor>
								<scroll>false</scroll>
								<font>list1</font>
							</control>
							<control type="image">
								<posy>13</posy>
								<posx>5</posx>
								<width>24</width>
								<height>24</height>
								<texture>$INFO[ListItem.Overlay]</texture>
								<colordiffuse>White</colordiffuse>
							</control>
						</control>
						<control type="group">
							<visible>!Container.Content(episodes) + !Container.Content(tvshows) + !Container.Content(seasons)  + !Container.Content(movies)</visible>
							<control type="label">
								<posy>0</posy>
								<posx>20</posx>
								<width>430</width>
								<height>50</height>
								<aligny>center</aligny>
								<info>ListItem.Label</info>
								<textcolor>White</textcolor>
								<scroll>false</scroll>
								<font>list1</font>
							</control>
						</control>
					</control>
					<control type="group">
						<posx>30</posx>
						<posy>15</posy>
						<visible>Skin.HasSetting(NoWatchedFlags)</visible>
						<control type="group">
							<visible>Container.Content(episodes) | Container.Content(tvshows) | Container.Content(seasons) | Container.Content(movies)</visible>
							<control type="label">
								<visible>!Container.Content(episodes)</visible>
								<posy>0</posy>
								<posx>20</posx>
								<width>450</width>
								<height>50</height>
								<aligny>center</aligny>
								<info>ListItem.Label</info>
								<textcolor>White</textcolor>
								<scroll>false</scroll>
								<font>list1</font>
							</control>
							<control type="label">
								<visible>Container.Content(episodes) + IsEmpty(Container.Property(mixedParents))</visible>
								<posy>0</posy>
								<posx>20</posx>
								<width>450</width>
								<aligny>center</aligny>
								<height>50</height>
								<label>$INFO[ListItem.Episode]. $INFO[ListItem.Label]</label>
								<textcolor>White</textcolor>
								<scroll>false</scroll>
								<font>list1</font>
							</control>
							<control type="label">
								<visible>Container.Content(episodes) + !IsEmpty(Container.Property(mixedParents))</visible>
								<posy>0</posy>
								<posx>20</posx>
								<width>450</width>
								<aligny>center</aligny>
								<height>50</height>
								<label>$INFO[ListItem.Season]x$INFO[ListItem.Episode] - $INFO[ListItem.TVShowTitle]</label>
								<textcolor>White</textcolor>
								<scroll>false</scroll>
								<font>list1</font>
							</control>
						</control>
						<control type="group">
							<visible>!Container.Content(episodes) + !Container.Content(tvshows) + !Container.Content(seasons)  + !Container.Content(movies)</visible>
							<control type="label">
								<posy>0</posy>
								<posx>20</posx>
								<width>450</width>
								<height>50</height>
								<aligny>center</aligny>
								<info>ListItem.Label</info>
								<textcolor>White</textcolor>
								<scroll>false</scroll>
								<font>list1</font>
							</control>
						</control>
					</control>
				</itemlayout>
				<focusedlayout height="58">
					<control type="image">
						<posy>0</posy>
						<width>551</width>
						<height>80</height>
						<texture>button_media.png</texture>
						<aspectratio>keep</aspectratio>
						<animation effect="slide" start="0,-50" end="0,0" time="200" reversible="false" easing="out" condition="Container(50).OnNext">Focus</animation>
						<animation effect="slide" start="0,50" end="0,0" time="200" reversible="false" easing="out" condition="Container(50).OnPrevious">Focus</animation>
					</control>
					<control type="group">
						<posy>15</posy>
						<posx>30</posx>
						<visible>!Skin.HasSetting(NoWatchedFlags)</visible>
						<control type="group">
							<visible>Container.Content(episodes) | Container.Content(tvshows) | Container.Content(seasons) | Container.Content(movies)</visible>
							<control type="label">
								<visible>!Container.Content(episodes)</visible>
								<posy>0</posy>
								<posx>35</posx>
								<width>430</width>
								<height>50</height>
								<aligny>center</aligny>
								<info>ListItem.Label</info>
								<textcolor>White</textcolor>
								<scroll>true</scroll>
								<font>list1</font>
							</control>
							<control type="label">
								<visible>Container.Content(episodes) + IsEmpty(Container.Property(mixedParents))</visible>
								<posy>0</posy>
								<posx>35</posx>
								<width>430</width>
								<aligny>center</aligny>
								<height>50</height>
								<label>$INFO[ListItem.Episode]. $INFO[ListItem.Label]</label>
								<textcolor>White</textcolor>
								<scroll>true</scroll>
								<font>list1</font>
							</control>
							<control type="label">
								<visible>Container.Content(episodes) + !IsEmpty(Container.Property(mixedParents))</visible>
								<posy>0</posy>
								<posx>35</posx>
								<width>430</width>
								<aligny>center</aligny>
								<height>50</height>
								<label>$INFO[ListItem.Season]x$INFO[ListItem.Episode] - $INFO[ListItem.TVShowTitle]</label>
								<textcolor>White</textcolor>
								<scroll>true</scroll>
								<font>list1</font>
							</control>
							<control type="image">
								<posy>13</posy>
								<posx>5</posx>
								<width>24</width>
								<height>24</height>
								<texture>$INFO[ListItem.Overlay]</texture>
								<colordiffuse>White</colordiffuse>
							</control>
						</control>
						<control type="group">
							<visible>!Container.Content(episodes) + !Container.Content(tvshows) + !Container.Content(seasons)  + !Container.Content(movies)</visible>
							<control type="label">
								<posy>0</posy>
								<posx>20</posx>
								<width>430</width>
								<height>50</height>
								<aligny>center</aligny>
								<info>ListItem.Label</info>
								<textcolor>White</textcolor>
								<scroll>true</scroll>
								<font>list1</font>
							</control>
						</control>
					</control>
					<control type="group">
						<posx>30</posx>
						<posy>15</posy>
						<visible>Skin.HasSetting(NoWatchedFlags)</visible>
						<control type="group">
							<visible>Container.Content(episodes) | Container.Content(tvshows) | Container.Content(seasons) | Container.Content(movies)</visible>
							<control type="label">
								<visible>!Container.Content(episodes)</visible>
								<posy>0</posy>
								<posx>20</posx>
								<width>450</width>
								<height>50</height>
								<aligny>center</aligny>
								<info>ListItem.Label</info>
								<textcolor>White</textcolor>
								<scroll>true</scroll>
								<font>list1</font>
							</control>
							<control type="label">
								<visible>Container.Content(episodes) + IsEmpty(Container.Property(mixedParents))</visible>
								<posy>0</posy>
								<posx>20</posx>
								<width>450</width>
								<aligny>center</aligny>
								<height>50</height>
								<label>$INFO[ListItem.Episode]. $INFO[ListItem.Label]</label>
								<textcolor>White</textcolor>
								<scroll>true</scroll>
								<font>list1</font>
							</control>
							<control type="label">
								<visible>Container.Content(episodes) + !IsEmpty(Container.Property(mixedParents))</visible>
								<posy>0</posy>
								<posx>20</posx>
								<width>450</width>
								<aligny>center</aligny>
								<height>50</height>
								<label>$INFO[ListItem.Season]x$INFO[ListItem.Episode] - $INFO[ListItem.TVShowTitle]</label>
								<textcolor>White</textcolor>
								<scroll>true</scroll>
								<font>list1</font>
							</control>
						</control>
						<control type="group">
							<visible>!Container.Content(episodes) + !Container.Content(tvshows) + !Container.Content(seasons)  + !Container.Content(movies)</visible>
							<control type="label">
								<posy>0</posy>
								<posx>20</posx>
								<width>450</width>
								<height>50</height>
								<aligny>center</aligny>
								<info>ListItem.Label</info>
								<textcolor>White</textcolor>
								<scroll>true</scroll>
								<font>list1</font>
							</control>
						</control>
					</control>
				</focusedlayout>
			</control>
			<!-- ### FADE OF LIST TOP/BOTTOM ### -->
			<control type="image" id="1010">
				<posy>636</posy>
				<posx>650</posx>
				<width>700</width>
				<height>58</height>
				<texture>bottom.png</texture>
				<aspectratio>scale</aspectratio>
				<visible>Container.HasNext</visible>
			</control>
			<control type="image" id="1010">
				<posy>100</posy>
				<posx>650</posx>
				<width>700</width>
				<height>25</height>
				<texture flipy="true">black.png</texture>
				<aspectratio>stretch</aspectratio>
				<visible>Container.HasPrevious + !Container.Row(0)</visible>
				<animation effect="fade" start="0" end="100" delay="0" time="100">Visible</animation>
				<animation effect="fade" start="100" end="0" delay="0" time="100">Hidden</animation>
			</control>
			<control type="image" id="1010">
				<posy>124</posy>
				<posx>650</posx>
				<width>700</width>
				<height>58</height>
				<texture flipy="true">bottom.png</texture>
				<aspectratio>scale</aspectratio>
				<visible>Container.HasPrevious + !Container.Row(0)</visible>
				<animation effect="fade" start="0" end="100" delay="0" time="100">Visible</animation>
				<animation effect="fade" start="100" end="0" delay="0" time="100">Hidden</animation>
			</control>
		</control>
	</include>
</includes>
