<?xml version="1.0"?>
<window id="56">
	<defaultcontrol always="true">5</defaultcontrol>
	<allowoverlay>yes</allowoverlay>
	<controls>
		<include>Background</include>
		<control type="grouplist" id="5">
			<description>Control Area</description>
			<posx>170</posx>
			<posy>100</posy>
			<width>900</width>
			<height>563</height>
			<itemgap>4</itemgap>
			<onleft>3</onleft>
			<onright>3</onright>
			<orientation>vertical</orientation>
			<control type="radiobutton" id="2018">
				<label>Hide Plex Logo in Home</label>
				<selected>Skin.HasSetting(HidePlexLogo)</selected>
				<onclick>Skin.ToggleSetting(HidePlexLogo)</onclick>
			</control>
			<control type="radiobutton" id="2019">
				<label>Show HD Icon</label>
				<onclick>Skin.ToggleSetting(Flags)</onclick>
				<selected>Skin.HasSetting(Flags)</selected>
			</control>
			<control type="radiobutton" id="2020">
				<label>Use Posters for TV Shows instead of Fanart</label>
				<onclick>Skin.ToggleSetting(PosterTVShows)</onclick>
				<selected>Skin.HasSetting(PosterTVShows)</selected>
			</control>
			<control type="radiobutton" id="2021">
				<label>Hide Unwatched flags</label>
				<onclick>Skin.ToggleSetting(NoWatchedFlags)</onclick>
				<selected>Skin.HasSetting(NoWatchedFlags)</selected>
			</control>
			<control type="radiobutton" id="2022">
				<label>[COLOR=WhiteTrans]Wait before showing info: [/COLOR]Don't wait</label>
				<onclick>Skin.Reset(WaitShort)</onclick>
				<onclick>Skin.ToggleSetting(NoWait)</onclick>
				<selected>Skin.HasSetting(NoWait)</selected>
			</control>
			<control type="radiobutton" id="2023">
				<label>[COLOR=WhiteTrans]Wait before showing info: [/COLOR]Wait for 1 second</label>
				<onclick>Skin.Reset(NoWait)</onclick>
				<onclick>Skin.ToggleSetting(WaitShort)</onclick>
				<selected>Skin.HasSetting(WaitShort)</selected>
			</control>
			<control type="radiobutton" id="2024">
				<label>[COLOR=WhiteTrans]Wait before showing info: [/COLOR]Wait for 3 seconds</label>
				<onclick>Skin.Reset(NoWait)</onclick>
				<onclick>Skin.Reset(WaitShort)</onclick>
				<selected>!Skin.HasSetting(WaitShort) + !Skin.HasSetting(NoWait)</selected>
			</control>
			<control type="image">
				<posy>0</posy>
				<posx>0</posx>
				<width>510</width>
				<height>1</height>
				<texture>white.png</texture>
				<aspectratio>scale</aspectratio>
				<colordiffuse>WhiteTrans</colordiffuse>
			</control>
		</control>
	</controls>
</window>
