<?xml version="1.0"?>
<window id="145">
	<defaultcontrol>11</defaultcontrol>
	<coordinates>
		<system>1</system>
		<posx>398</posx>
		<posy>300</posy>
	</coordinates>
	<include>dialogOpen</include>
	<controls>
		<control type="image">
			<width>485</width>
			<height>120</height>
			<include>dialogWindow</include>
		</control>
		<control type="label" id="10">
			<description>heading label</description>
			<width>417</width>
			<scroll>true</scroll>
			<include>dialogHeading</include>
		</control>
		<control type="image">
			<posx>34</posx>
			<posy>42</posy>
			<width>32</width>
			<height>32</height>
			<texture>dialogs/scrollLeftIndicator.png</texture>
			<aspectratio>keep</aspectratio>
		</control>
		<control type="image">
			<posx>419</posx>
			<posy>42</posy>
			<width>32</width>
			<height>32</height>
			<texture>dialogs/scrollRightIndicator.png</texture>
			<aspectratio>keep</aspectratio>
		</control>
		<control type="label" id="12">
			<description>Slider Value</description>
			<posx>34</posx>
			<posy>60</posy>
			<width>417</width>
			<align>center</align>
			<aligny>center</aligny>
			<font>normalLow</font>
			<textcolor>Color4</textcolor>
		</control>
		<control type="slider" id="11">
			<description>Slider</description>
			<onup>11</onup>
			<ondown>11</ondown>
			<onleft>11</onleft>
			<onright>11</onright>
		</control>
	</controls>
</window>
