<?xml version="1.0"?>
<window id="2008">
	<defaultcontrol always="true">450</defaultcontrol>
	<allowoverlay>yes</allowoverlay>
	<coordinates>
		<system>1</system>
		<posx>100</posx>
		<posy>80</posy>
	</coordinates>
	<controls>
		<include>DialogBack</include>
		<control type="label">
			<include>DialogID</include>
			<label>DialogFileStacking.xml</label>
		</control>
		<control type="list" id="450">
			<posx>10</posx>
			<posy>40</posy>
			<width>520</width>
			<height>382</height>
			<onleft>450</onleft>
			<onright>450</onright>
			<onup>450</onup>
			<ondown>450</ondown>
			<itemlayout height="32">
				<control type="image">
					<width>500</width>
					<height>30</height>
					<texture>ButtonNF.png</texture>
				</control>
				<control type="image">
					<posy>2</posy>
					<width>26</width>
					<height>26</height>
					<info>ListItem.Icon</info>
					<texture>ButtonCDNF.png</texture>
				</control>
				<control type="label">
					<posx>30</posx>
					<width>465</width>
					<height>30</height>
					<info>ListItem.Label</info>
					<scroll>false</scroll>
				</control>
			</itemlayout>
			<focusedlayout height="32">
				<control type="image">
					<width>500</width>
					<height>30</height>
					<texture>ButtonFo.png</texture>
				</control>
				<control type="image">
					<posy>2</posy>
					<width>26</width>
					<height>26</height>
					<info>ListItem.Icon</info>
					<texture>ButtonCDNF.png</texture>
				</control>
				<control type="label">
					<posx>30</posx>
					<width>465</width>
					<height>30</height>
					<textcolor>White</textcolor>
					<info>ListItem.Label</info>
				</control>
			</focusedlayout>
		</control>
	</controls>
</window>
