<?xml version="1.0"?>
<window id="139">
	<defaultcontrol>5</defaultcontrol>
	<include>dialogOpen</include>
	<coordinates>
		<system>1</system>
		<posx>265</posx>
		<posy>70</posy>
	</coordinates>
	<controls>
		<control type="group">
			<control type="image">
				<width>750</width>
				<height>555</height>
				<include>dialogWindow</include>
			</control>
			<control type="label" id="1">
				<description>Heading Label</description>
				<width>682</width>
				<label>13406</label>
				<include>dialogHeading</include>
			</control>
			<control type="image">
				<posx>19</posx>
				<posy>75</posy>
				<width>712</width>
				<include>dialogSeparator</include>
			</control>
			<control type="list" id="5">
				<posx>19</posx>
				<posy>76</posy>
				<width>712</width>
				<height>400</height>
				<onleft>-</onleft>
				<onright>-</onright>
				<onup>5</onup>
				<ondown>5</ondown>
				<scrolltime>200</scrolltime>
				<itemlayout height="40">
					<control type="image">
						<width>712</width>
						<height>40</height>
						<texture border="3">dialogs/list-nofocus.png</texture>
					</control>
					<control type="label">
						<posx>20</posx>
						<width>600</width>
						<height>35</height>
						<label>[B]$INFO[ListItem.Label][/B]</label>
						<font>mediumLow</font>
						<aligny>center</aligny>
						<textcolor>Color4</textcolor>
					</control>
					<control type="label">
						<posx>693</posx>
						<width>473</width>
						<height>35</height>
						<label>$INFO[ListItem.Label2]</label>
						<font>mediumLow</font>
						<align>right</align>
						<aligny>center</aligny>
						<textcolor>Color4</textcolor>
					</control>
				</itemlayout>
				<focusedlayout height="40">
					<control type="image">
						<width>712</width>
						<height>40</height>
						<texture border="3">dialogs/list-focus.png</texture>
					</control>
					<control type="label">
						<posx>20</posx>
						<width>600</width>
						<height>35</height>
						<font>mediumLow</font>
						<aligny>center</aligny>
						<textcolor>Color1</textcolor>
						<label>[B]$INFO[ListItem.Label][/B]</label>
					</control>
					<control type="label">
						<posx>693</posx>
						<width>473</width>
						<height>35</height>
						<label>$INFO[ListItem.Label2]</label>
						<font>mediumLow</font>
						<align>right</align>
						<aligny>center</aligny>
						<textcolor>Color1</textcolor>
					</control>
				</focusedlayout>
			</control>
			<control type="label">
				<posx>34</posx>
				<posy>488</posy>
				<width>682</width>
				<height>30</height>
				<align>center</align>
				<aligny>center</aligny>
				<font>medium</font>
				<label>$INFO[Container(5).CurrentPage]/$INFO[Container(5).NumPages]</label>
				<textcolor>Color4</textcolor>
				<shadowcolor>fff4f4f4</shadowcolor>
			</control>
		</control>
	</controls>
</window>
