<?xml version="1.0"?>
<window id="2004">
	<defaultcontrol>61</defaultcontrol>
	<include>dialogOpen</include>
	<coordinates>
		<system>1</system>
		<posx>340</posx>
		<posy>100</posy>
	</coordinates>
	<controls>
		<control type="image" id="0">
			<width>600</width>
			<height>565</height>
			<include>dialogWindow</include>
		</control>
		<control type="label" id="1">
			<description>Heading Label</description>
			<posx>34</posx>
			<width>532</width>
			<label>262</label>
			<include>dialogHeading</include>
		</control>
		<control type="image">
			<posx>19</posx>
			<posy>71</posy>
			<width>563</width>
			<include>dialogSeparator</include>
		</control>
		<control type="group">
			<posx>34</posx>
			<posy>73</posy>
			<control type="textbox" id="5">
				<description>textarea</description>
				<width>532</width>
				<height>450</height>
				<label>-</label>
				<align>left</align>
				<aligny>top</aligny>
				<textcolor>Color4</textcolor>
				<pagecontrol>61</pagecontrol>
				<font>mediumLow</font>
				<include>textBox</include>
			</control>
			<control type="scrollbar" id="61">
				<visible>false</visible>
			</control>
		</control>
	</controls>
</window>
