<?xml version="1.0"?>
<window id="106">
	<defaultcontrol>1000</defaultcontrol>
	<include>dialogOpen</include>
	<coordinates>
		<system>1</system>
		<posx>0</posx>
		<posy>0</posy>
		<origin x="340" y="70"/>
	</coordinates>
	<controls>
		<control type="image" id="9209">
			<description>background top image</description>
			<posx>-340</posx>
			<posy>-70</posy>
			<width>1280</width>
			<height>720</height>
			<texture border="0">black.png</texture>
			<aspectratio>stretch</aspectratio>
			<animation type="WindowOpen">
				<effect type="fade" start="0" end="90" time="300"/>
			</animation>
			<animation type="WindowClose">
				<effect type="fade" start="90" end="0" time="300"/>
			</animation>
		</control>
		<control type="button" id="1000">
			<description>button template</description>
			<textcolor>White</textcolor>
			<focusedcolor>White</focusedcolor>
			<texturenofocus border="0">-</texturenofocus>
			<texturefocus border="10" aligny="center" align="center">button_media.png</texturefocus>
			<height>86</height>
			<align>center</align>
			<aligny>center</aligny>
			<textoffsetx>40</textoffsetx>
			<width>600</width>
			<pulseonselect>false</pulseonselect>
		</control>
	</controls>
</window>
