<?xml version="1.0"?>
<window id="2000">
	<defaultcontrol>3</defaultcontrol>
	<include>dialogOpen</include>
	<coordinates>
		<system>1</system>
		<posx>315</posx>
		<posy>60</posy>
	</coordinates>
	<controls>
		<control type="group">
			<animation effect="fade" start="400" end="50" time="500" condition="Window.IsActive(103)">Conditional</animation>
			<control type="image">
				<width>650</width>
				<height>580</height>
				<include>dialogWindow</include>
			</control>
			<control type="label" id="1">
				<description>heading label</description>
				<width>582</width>
				<scroll>true</scroll>
				<include>dialogHeading</include>
			</control>
			<control type="image">
				<posx>19</posx>
				<posy>75</posy>
				<width>613</width>
				<include>dialogSeparator</include>
			</control>
			<control type="list" id="3">
				<posx>19</posx>
				<posy>76</posy>
				<width>613</width>
				<height>400</height>
				<onleft>5</onleft>
				<onright>5</onright>
				<onup>3</onup>
				<ondown>3</ondown>
				<scrolltime>200</scrolltime>
				<itemlayout height="40">
					<control type="image">
						<width>613</width>
						<height>40</height>
						<texture border="3">dialogs/list-nofocus.png</texture>
					</control>
					<control type="label">
						<posx>20</posx>
						<width>573</width>
						<height>35</height>
						<label>$INFO[ListItem.Label]</label>
						<font>normalLow</font>
						<aligny>center</aligny>
						<textcolor>Color4</textcolor>
					</control>
				</itemlayout>
				<focusedlayout height="40">
					<control type="image">
						<width>613</width>
						<height>40</height>
						<texture>dialogs/list-focus.png</texture>
					</control>
					<control type="label">
						<posx>20</posx>
						<width>573</width>
						<height>35</height>
						<font>normalLow</font>
						<aligny>center</aligny>
						<textcolor>Color1</textcolor>
						<label>$INFO[ListItem.Label]</label>
					</control>
				</focusedlayout>
			</control>
			<control type="list" id="6">
				<posx>19</posx>
				<posy>76</posy>
				<width>613</width>
				<height>384</height>
				<onleft>5</onleft>
				<onright>5</onright>
				<onup>6</onup>
				<ondown>6</ondown>
				<scrolltime>150</scrolltime>
				<itemlayout width="600" height="128">
					<control type="image">
						<width>613</width>
						<height>128</height>
						<texture border="3">dialogs/list-nofocus.png</texture>
					</control>
					<control type="image">
						<width>613</width>
						<height>30</height>
						<texture border="3">1black.png</texture>
					</control>
					<control type="image">
						<posx>43</posx>
						<posy>22</posy>
						<width>48</width>
						<height>48</height>
						<aspectratio align="center">keep</aspectratio>
						<texture>$INFO[ListItem.ActualIcon]</texture>
					</control>
					<control type="image">
						<width>128</width>
						<height>128</height>
						<aspectratio align="left">stretch</aspectratio>
						<texture>$INFO[ListItem.Icon]</texture>
					</control>
					<control type="label">
						<posx>150</posx>
						<posy>15</posy>
						<width>473</width>
						<height>32</height>
						<label>[B]$INFO[ListItem.Label][/B]</label>
						<font>bigLow</font>
						<aligny>center</aligny>
						<textcolor>Color4</textcolor>
					</control>
					<control type="textbox">
						<posx>150</posx>
						<posy>42</posy>
						<width>450</width>
						<height>100</height>
						<label>$INFO[ListItem.Label2]</label>
						<aligny>top</aligny>
						<font>mediumLow</font>
						<aligny>center</aligny>
						<textcolor>Color4</textcolor>
					</control>
					<control type="textbox">
						<posx>150</posx>
						<posy>66</posy>
						<width>450</width>
						<height>100</height>
						<label>$LOCALIZE[24051] $INFO[ListItem.Property(Addon.Version)]</label>
						<aligny>top</aligny>
						<font>mediumLow</font>
						<aligny>center</aligny>
						<textcolor>Color4</textcolor>
					</control>
				</itemlayout>
				<focusedlayout width="600" height="128">
					<control type="image">
						<width>613</width>
						<height>128</height>
						<texture border="3">dialogs/list-focus.png</texture>
					</control>
					<control type="image">
						<posx>43</posx>
						<posy>22</posy>
						<width>48</width>
						<height>48</height>
						<aspectratio align="center">keep</aspectratio>
						<texture>$INFO[ListItem.ActualIcon]</texture>
					</control>
					<control type="image">
						<width>128</width>
						<height>128</height>
						<aspectratio align="left">stretch</aspectratio>
						<texture>$INFO[ListItem.Icon]</texture>
					</control>
					<control type="label">
						<posx>150</posx>
						<posy>15</posy>
						<width>473</width>
						<height>32</height>
						<label>[B]$INFO[ListItem.Label][/B]</label>
						<font>bigLow</font>
						<aligny>center</aligny>
						<textcolor>Color1</textcolor>
					</control>
					<control type="textbox">
						<posx>150</posx>
						<posy>42</posy>
						<width>450</width>
						<height>100</height>
						<label>$INFO[ListItem.Label2]</label>
						<aligny>top</aligny>
						<font>mediumLow</font>
						<aligny>center</aligny>
						<textcolor>Color1</textcolor>
					</control>
					<control type="textbox">
						<posx>150</posx>
						<posy>66</posy>
						<width>450</width>
						<height>100</height>
						<label>$LOCALIZE[24051] $INFO[ListItem.Property(Addon.Version)]</label>
						<aligny>top</aligny>
						<font>mediumLow</font>
						<aligny>center</aligny>
						<textcolor>Color1</textcolor>
					</control>
				</focusedlayout>
			</control>
			<control type="button" id="5">
				<description>manual button</description>
				<posx>34</posx>
				<posy>500</posy>
				<width>120</width>
				<label>368</label>
				<onleft>3</onleft>
				<onright>3</onright>
				<onup>3</onup>
				<ondown>3</ondown>
				<include>dialogConfirmButton</include>
			</control>
		</control>
	</controls>
</window>
