<window id="10140">
	<defaultcontrol always="true">9</defaultcontrol>
	<coordinates>
		<system>1</system>
		<posx>315</posx>
		<posy>100</posy>
	</coordinates>
	<include>dialogOpen</include>
	<controls>
		<control type="group">
			<animation effect="fade" start="97" end="50" time="500" condition="Window.IsActive(103)">Conditional</animation>
			<control type="image" id="1">
				<include>dialogWindow</include>
				<width>960</width>
				<height>610</height>
			</control>
		<control type="label" id="20">
			<description>header label</description>
			<posx>300</posx>
			<posy>20</posy>
			<width>640</width>
			<height>30</height>
			<font>font16caps</font>
			<label>-</label>
			<align>left</align>
			<aligny>center</aligny>
			<textcolor>white</textcolor>
			<shadowcolor>black</shadowcolor>
		</control>
		<control type="button">
			<description>Close Window button</description>
			<posx>850</posx>
			<posy>9</posy>
			<width>64</width>
			<height>32</height>
			<label>-</label>
			<font>-</font>
			<onclick>PreviousMenu</onclick>
			<texturefocus>DialogCloseButton-focus.png</texturefocus>
			<texturenofocus>DialogCloseButton.png</texturenofocus>
			<onleft>2</onleft>
			<onright>2</onright>
			<onup>2</onup>
			<ondown>2</ondown>
			<visible>system.getbool(input.enablemouse)</visible>
		</control>
		<control type="grouplist" id="9">
			<description>button area</description>
			<posx>10</posx>
			<posy>90</posy>
			<width>258</width>
			<height>481</height>
			<itemgap>-1</itemgap>
			<onleft>30</onleft>
			<onright>2</onright>
			<onup>9</onup>
			<ondown>9</ondown>
		</control>
		<control type="grouplist" id="2">
			<description>control area</description>
			<posx>280</posx>
			<posy>70</posy>
			<width>630</width>
			<height>460</height>
			<itemgap>-1</itemgap>
			<pagecontrol>30</pagecontrol>
			<onup>9001</onup>
			<ondown>9001</ondown>
			<onleft>9</onleft>
			<onright>30</onright>
		</control>
		<control type="scrollbar" id="30">
			<posx>920</posx>
			<posy>70</posy>
			<width>25</width>
			<height>470</height>
			<texturesliderbackground border="0,14,0,14">ScrollBarV.png</texturesliderbackground>
			<texturesliderbar border="2,16,2,16">ScrollBarV_bar.png</texturesliderbar>
			<texturesliderbarfocus border="2,16,2,16">ScrollBarV_bar_focus.png</texturesliderbarfocus>
			<textureslidernib>ScrollBarNib.png</textureslidernib>
			<textureslidernibfocus>ScrollBarNib.png</textureslidernibfocus>
			<onleft>2</onleft>
			<onright>9</onright>
			<showonepage>false</showonepage>
			<orientation>vertical</orientation>
		</control>
		<control type="group" id="9001">
			<posy>545</posy>
			<posx>280</posx>
			<control type="button" id="10">
				<description>OK Button</description>
				<posx>0</posx>
				<posy>0</posy>
					<include>dialogConfirmButton</include>
				<label>186</label>
				<onleft>12</onleft>
				<onright>11</onright>
				<onup>2</onup>
				<ondown>2</ondown>
			</control>
			<control type="button" id="11">
				<description>Cancel Button</description>
				<posx>210</posx>
				<posy>0</posy>
					<include>dialogConfirmButton</include>
				<label>222</label>
				<onleft>10</onleft>
				<onright>12</onright>
				<onup>2</onup>
				<ondown>2</ondown>
			</control>
			<control type="button" id="12">
				<description>Defaults Button</description>
				<posx>420</posx>
				<posy>0</posy>
					<include>dialogConfirmButton</include>
				<label>409</label>
				<onleft>11</onleft>
				<onright>10</onright>
				<onup>2</onup>
				<ondown>2</ondown>
			</control>
		</control>

		<control type="button" id="13">
			<description>Default Category Button</description>
					<include>dialogConfirmButton</include>
		</control>
		<control type="button" id="3">
			<description>Default Button</description>
				<include>dialogListButton</include>
		</control>
		<control type="radiobutton" id="4">
			<description>Default RadioButton</description>
				<include>dialogRadio</include>
		</control>
		<control type="spincontrolex" id="5">
			<description>Default spincontrolex</description>
				<include>dialogSpin</include>
		</control>
		<control type="label" id="7">
			<height>45</height>
			<font>font13_title</font>
			<label>-</label>
			<textcolor>blue</textcolor>
			<shadowcolor>black</shadowcolor>
			<align>left</align>
			<aligny>center</aligny>
		</control>
		<control type="image" id="6">
			<description>Default Seperator</description>
			<height>2</height>
			<texture>separator2.png</texture>
		</control>
		<control type="sliderex" id="8">
			<description>Default Slider</description>
			<height>40</height>
			<font>font13</font>
			<textcolor>grey2</textcolor>
			<focusedcolor>white</focusedcolor>
			<texturefocus border="0,2,0,2">MenuItemFO.png</texturefocus>
			<texturenofocus border="0,2,0,2">MenuItemNF.png</texturenofocus>
		</control>
	</control>
	</controls>
</window>
