<?xml version="1.0"?>
<window id="100">
	<defaultcontrol always="true">10</defaultcontrol>
	<coordinates>
		<system>1</system>
		<posx>365</posx>
		<posy>235</posy>
	</coordinates>
	<include>dialogOpen</include>
	<controls>
		<control type="image">
			<width>550</width>
			<height>250</height>
			<include>dialogWindow</include>
		</control>
		<control type="label" id="1">
			<description>heading label</description>
			<width>482</width>
			<label>13406</label>
			<include>dialogHeading</include>
		</control>
		<control type="label" id="2">
			<description>dialog line 1</description>
			<posy>65</posy>
			<width>482</width>
			<include>dialogLine</include>
		</control>
		<control type="label" id="3">
			<description>dialog line 2</description>
			<posy>90</posy>
			<width>482</width>
			<include>dialogLine</include>
		</control>
		<control type="label" id="4">
			<description>dialog line 3</description>
			<posy>115</posy>
			<width>482</width>
			<include>dialogLine</include>
		</control>
		<control type="group">
			<posy>174</posy>
			<posx>150</posx>
			<control type="button" id="11">
				<description>Yes button</description>
				<label>107</label>
				<onleft>10</onleft>
				<onright>10</onright>
				<onup>11</onup>
				<ondown>11</ondown>
				<include>dialogConfirmButton</include>
			</control>
			<control type="button" id="10">
				<description>No button</description>
				<posx>130</posx>
				<label>106</label>
				<onleft>11</onleft>
				<onright>11</onright>
				<onup>10</onup>
				<ondown>10</ondown>
				<include>dialogConfirmButton</include>
			</control>
		</control>
	</controls>
</window>
