<?xml version="1.0"?>
<window id="135">
	<defaultcontrol always="true">10</defaultcontrol>
	<coordinates>
		<system>1</system>
		<posx>351</posx>
		<posy>143</posy>
	</coordinates>
	<include>dialogOpen</include>
	<controls>
		<control type="group">
			<visible>!Window.IsVisible(MusicInformation)</visible>
			<control type="image">
				<width>578</width>
				<height>434</height>
				<include>dialogWindow</include>
			</control>
			<control type="label" id="1">
				<posx>34</posx>
				<posy>34</posy>
				<width>500</width>
				<align>left</align>
				<label>$INFO[MusicPlayer.Title]</label>
				<textcolor>White</textcolor>
				<font>title1</font>
			</control>
			<control type="label" id="1">
				<posx>34</posx>
				<posy>57</posy>
				<width>500</width>
				<label>$INFO[MusicPlayer.Artist]</label>
				<align>left</align>
				<textcolor>WhiteTrans</textcolor>
				<font>info1</font>
			</control>
			<control type="label" id="1">
				<posx>34</posx>
				<posy>78</posy>
				<width>500</width>
				<label>$INFO[MusicPlayer.Album]</label>
				<align>left</align>
				<textcolor>White</textcolor>
				<font>info1</font>
			</control>
			<control type="group">
				<posx>19</posx>
				<posy>115</posy>
				<control type="image">
					<width>542</width>
					<include>dialogSeparator</include>
				</control>
				<control type="image">
					<posy>40</posy>
					<width>542</width>
					<include>dialogSeparator</include>
				</control>
				<control type="image">
					<posy>80</posy>
					<width>542</width>
					<include>dialogSeparator</include>
				</control>
				<control type="image">
					<posy>120</posy>
					<width>542</width>
					<include>dialogSeparator</include>
				</control>
				<control type="image">
					<posy>160</posy>
					<width>542</width>
					<include>dialogSeparator</include>
				</control>
			</control>
			<control type="grouplist" id="1">
				<posx>34</posx>
				<posy>123</posy>
				<width>548</width>
				<height>305</height>
				<itemgap>18</itemgap>
				<onleft>300</onleft>
				<onright>60</onright>
				<onup>2</onup>
				<ondown>2</ondown>
				<control type="label" id="3">
					<width>548</width>
					<label>[B]$LOCALIZE[515][/B] $INFO[ListItem.Genre]</label>
					<textcolor>Color4</textcolor>
					<font>mediumCaps</font>
					<include>infoDialogMeta</include>
				</control>
				<control type="label" id="4">
					<width>548</width>
					<label>[B]$LOCALIZE[562][/B] $INFO[ListItem.Year]</label>
					<textcolor>Color4</textcolor>
					<font>mediumCaps</font>
					<include>infoDialogMeta</include>
				</control>
				<control type="label" id="5">
					<width>548</width>
					<label>[B]$LOCALIZE[554][/B] $INFO[ListItem.TrackNumber]</label>
					<textcolor>Color4</textcolor>
					<font>mediumCaps</font>
					<include>infoDialogMeta</include>
				</control>
				<control type="label" id="6">
					<width>548</width>
					<label>[B]$LOCALIZE[563][/B]</label>
					<textcolor>Color4</textcolor>
					<font>mediumCaps</font>
					<include>infoDialogMeta</include>
				</control>
			</control>
			<control type="image">
				<description>Rating value</description>
				<posx>125</posx>
				<posy>242</posy>
				<width>160</width>
				<height>24</height>
				<aspectratio align="left">keep</aspectratio>
				<info>ListItem.StarRating</info>
			</control>
			<control type="group" id="900">
				<posx>34</posx>
				<posy>300</posy>
				<control type="button" id="14">
					<description>rating decrease</description>
					<onleft>12</onleft>
					<onright>15</onright>
					<onup>901</onup>
					<label>Rating -</label>
					<ondown>901</ondown>
					<onclick>DecreaseRating</onclick>
					<include>dialogButton</include>
				</control>
				<control type="button" id="15">
					<description>rating increase</description>
					<posx>130</posx>
					<onleft>14</onleft>
					<onright>13</onright>
					<onup>901</onup>
					<label>Rating +</label>
					<ondown>901</ondown>
					<onclick>IncreaseRating</onclick>
					<include>dialogButton</include>
				</control>
				<control type="button" id="13">
					<description>Get Thumb button</description>
					<posx>260</posx>
					<label>31019</label>
					<onleft>15</onleft>
					<onright>12</onright>
					<onup>901</onup>
					<ondown>901</ondown>
					<include>dialogButton</include>
				</control>
				<control type="button" id="12">
					<description>Album Info button</description>
					<posx>390</posx>
					<label>10523</label>
					<onleft>13</onleft>
					<onright>14</onright>
					<onup>901</onup>
					<ondown>901</ondown>
					<include>dialogButton</include>
				</control>
			</control>
			<control type="group" id="901">
				<posx>34</posx>
				<posy>355</posy>
				<control type="button" id="10">
					<description>Ok button</description>
					<posx>260</posx>
					<label>186</label>
					<onleft>11</onleft>
					<onright>11</onright>
					<onup>900</onup>
					<ondown>900</ondown>
					<include>dialogButton</include>
				</control>
				<control type="button" id="11">
					<description>Cancel button</description>
					<posx>390</posx>
					<label>222</label>
					<onleft>10</onleft>
					<onright>10</onright>
					<onup>900</onup>
					<ondown>900</ondown>
					<include>dialogButton</include>
				</control>
			</control>
		</control>
	</controls>
</window>
