<?xml version="1.0"?>
<window type="Window" id="111">
	<defaultcontrol always="true">300</defaultcontrol>
	<coordinates>
		<system>1</system>
		<posx>0</posx>
		<posy>0</posy>
	</coordinates>
	<controls>
		<control type="image">
			<include>screentype</include>
			<aspectratio>stretch</aspectratio>
			<texture>overlays/background.png</texture>
			<include>transition2.5</include>
		</control>
		<control type="group">
			<include>HomeMenu</include>
		</control>
	</controls>
</window>
