<?xml version="1.0"?>
<window id="146">
	<defaultcontrol always="true">9000</defaultcontrol>
	<coordinates>
		<system>1</system>
		<posx>0</posx>
		<posy>0</posy>
		<origin x="0" y="0">!IsEmpty(ListItem.Property(Addon.broken))</origin>
	</coordinates>
	<controls>
		<control type="group">
			<animation effect="fade" time="300">WindowOpen</animation>
			<animation effect="fade" time="300">WindowClose</animation>
			<include>Background</include>
			<control type="image" id="9209">
				<description>background top image</description>
				<posx>-340</posx>
				<posy>-70</posy>
				<width>1280</width>
				<height>720</height>
				<texture border="0">black.png</texture>
				<aspectratio>stretch</aspectratio>
				<animation type="WindowOpen">
					<effect type="fade" start="0" end="90" time="300"/>
				</animation>
				<animation type="WindowClose">
					<effect type="fade" start="90" end="0" time="300"/>
				</animation>
			</control>
			<control type="group">
				<include>VisibleFadeEffect</include>
				<visible>!Window.isVisible(AddonSettings) + !Window.IsActive(TextViewer)</visible>

				<control type="button">
					<description>Close Window button</description>
					<posx>810</posx>
					<posy>9</posy>
					<width>64</width>
					<height>32</height>
					<label>-</label>
					<font>-</font>
					<onclick>PreviousMenu</onclick>
					<texturefocus>DialogCloseButton-focus.png</texturefocus>
					<texturenofocus>DialogCloseButton.png</texturenofocus>
					<onleft>3</onleft>
					<onright>3</onright>
					<onup>3</onup>
					<ondown>3</ondown>
					<visible>system.getbool(input.enablemouse)</visible>
				</control>
				<control type="label">
					<description>header label</description>
					<posx>280</posx>
					<posy>20</posy>
					<width>580</width>
					<height>30</height>
					<font>font30_title</font>
					<label>24003</label>
					<align>left</align>
					<aligny>center</aligny>
					<textcolor>white</textcolor>
					<shadowcolor>black</shadowcolor>
				</control>
				<control type="image">
					<posx>35</posx>
					<posy>40</posy>
					<width>200</width>
					<height>200</height>
					<aspectratio>keep</aspectratio>
					<texture>$INFO[ListItem.Icon]</texture>
				</control>
				<control type="label">
					<description>Addon Title value</description>
					<posx>280</posx>
					<posy>80</posy>
					<width>580</width>
					<height>30</height>
					<align>left</align>
					<aligny>center</aligny>
					<font>title1</font>
					<label>[B]$INFO[ListItem.Property(Addon.Name)][/B]</label>
					<textcolor>white</textcolor>
					<scroll>true</scroll>
				</control>
				<control type="group">
					<posx>270</posx>
					<posy>130</posy>
					<control type="label">
						<description>Type txt</description>
						<posx>150</posx>
						<posy>0</posy>
						<width>140</width>
						<height>25</height>
						<label>$LOCALIZE[146]</label>
						<align>right</align>
						<aligny>center</aligny>
						<font>info1</font>
						<textcolor>WhiteTrans</textcolor>
					</control>
					<control type="label">
						<description>Type Value</description>
						<posx>160</posx>
						<posy>0</posy>
						<width>440</width>
						<height>25</height>
						<label fallback="416">$INFO[ListItem.Property(Addon.Type)]</label>
						<align>left</align>
						<aligny>center</aligny>
						<font>info1</font>
						<scroll>true</scroll>
					</control>
					<control type="label">
						<description>Author txt</description>
						<posx>150</posx>
						<posy>30</posy>
						<width>140</width>
						<height>25</height>
						<label>$LOCALIZE[21863]:</label>
						<align>right</align>
						<aligny>center</aligny>
						<font>info1</font>
						<textcolor>WhiteTrans</textcolor>
					</control>
					<control type="label">
						<description>Author Value</description>
						<posx>160</posx>
						<posy>30</posy>
						<width>440</width>
						<height>25</height>
						<label fallback="416">$INFO[ListItem.Property(Addon.Creator)]</label>
						<align>left</align>
						<aligny>center</aligny>
						<font>info1</font>
						<scroll>true</scroll>
					</control>
					<control type="label">
						<description>Version txt</description>
						<posx>150</posx>
						<posy>60</posy>
						<width>140</width>
						<height>25</height>
						<label>$LOCALIZE[24051]</label>
						<align>right</align>
						<aligny>center</aligny>
						<font>info1</font>
						<textcolor>WhiteTrans</textcolor>
					</control>
					<control type="label">
						<description>Version Value</description>
						<posx>160</posx>
						<posy>60</posy>
						<width>440</width>
						<height>25</height>
						<label fallback="416">$INFO[ListItem.Property(Addon.Version)]</label>
						<align>left</align>
						<aligny>center</aligny>
						<font>info1</font>
						<scroll>true</scroll>
					</control>
					<!-- control type="label">
					<description>Rating txt</description>
					<posx>150</posx>
					<posy>90</posy>
					<width>140</width>
					<height>25</height>
					<label>$LOCALIZE[563]:</label>
					<align>right</align>
					<aligny>center</aligny>
					<font>font13_title</font>
					<textcolor>blue</textcolor>
				</control>
				<control type="image">
					<description>Rating value</description>
					<posx>160</posx>
					<posy>90</posy>
					<width>160</width>
					<height>32</height>
					<texture>LeftRating/$INFO[ListItem.Property(Addon.StarRating)]</texture>
				</control -->
					<control type="label">
						<description>Summary txt</description>
						<posx>150</posx>
						<posy>90</posy>
						<width>140</width>
						<height>25</height>
						<label>$LOCALIZE[20037]:</label>
						<align>right</align>
						<aligny>center</aligny>
						<font>info1</font>
						<textcolor>WhiteTrans</textcolor>
					</control>
					<control type="fadelabel">
						<description>Summary Value</description>
						<posx>160</posx>
						<posy>90</posy>
						<width>440</width>
						<height>25</height>
						<label fallback="416">$INFO[ListItem.Property(Addon.Summary)]</label>
						<align>left</align>
						<aligny>center</aligny>
						<font>info1</font>
						<scrollout>false</scrollout>
						<pauseatend>2000</pauseatend>
					</control>
					<control type="image">
						<posx>0</posx>
						<posy>160</posy>
						<width>600</width>
						<height>4</height>
						<texture>separator.png</texture>
					</control>
					<control type="label">
						<description>Description txt</description>
						<posx>0</posx>
						<posy>170</posy>
						<width>300</width>
						<height>25</height>
						<label>$LOCALIZE[21821]</label>
						<align>left</align>
						<aligny>center</aligny>
						<font>info1</font>
						<textcolor>WhiteTrans</textcolor>
					</control>
					<control type="group">
						<visible>!IsEmpty(ListItem.Property(Addon.Disclaimer))</visible>
						<control type="label">
							<description>Description Page Count</description>
							<posx>600</posx>
							<posy>170</posy>
							<width>300</width>
							<height>25</height>
							<label>$INFO[Container(400).CurrentPage, $LOCALIZE[31024] [COLOR=blue]([/COLOR]]$INFO[Container(400).NumPages,/,[COLOR=blue])[/COLOR]]</label>
							<align>right</align>
							<aligny>center</aligny>
							<font>plot1</font>
							<textcolor>White</textcolor>
						</control>
						<control type="textbox" id="400">
							<description>Description</description>
							<posx>10</posx>
							<posy>195</posy>
							<width>580</width>
							<height>160</height>
							<font>plot1</font>
							<align>-</align>
							<textcolor>White</textcolor>
							<label>$INFO[ListItem.Property(Addon.Description)]</label>
							<pagecontrol>60</pagecontrol>
						</control>
						<control type="scrollbar" id="60">
							<posx>610</posx>
							<posy>190</posy>
							<width>25</width>
							<height>175</height>
							<texturesliderbackground border="0,14,0,14">ScrollBarV.png</texturesliderbackground>
							<texturesliderbar border="0,14,0,14">ScrollBarV_bar.png</texturesliderbar>
							<texturesliderbarfocus border="0,14,0,14">ScrollBarV_bar_focus.png</texturesliderbarfocus>
							<textureslidernib>ScrollBarNib.png</textureslidernib>
							<textureslidernibfocus>ScrollBarNib.png</textureslidernibfocus>
							<onleft>9000</onleft>
							<onright>61</onright>
							<showonepage>false</showonepage>
							<orientation>vertical</orientation>
						</control>
						<control type="label">
							<description>Disclaimer txt</description>
							<posx>0</posx>
							<posy>370</posy>
							<width>600</width>
							<height>25</height>
							<label>$LOCALIZE[24052]</label>
							<align>left</align>
							<aligny>center</aligny>
							<font>font13</font>
							<textcolor>orange</textcolor>
						</control>
						<control type="textbox">
							<description>Disclaimer</description>
							<posx>10</posx>
							<posy>395</posy>
							<width>580</width>
							<height>40</height>
							<font>font12</font>
							<align>-</align>
							<textcolor>white</textcolor>
							<label>$INFO[ListItem.Property(Addon.Disclaimer)]</label>
							<autoscroll time="2000" delay="3000" repeat="5000">true</autoscroll>
						</control>
					</control>
					<control type="group">
						<visible>IsEmpty(ListItem.Property(Addon.Disclaimer))</visible>
						<control type="label">
							<description>Description Page Count</description>
							<posx>600</posx>
							<posy>170</posy>
							<width>300</width>
							<height>25</height>
							<label>$INFO[Container(401).CurrentPage, $LOCALIZE[31024] [COLOR=blue]([/COLOR]]$INFO[Container(401).NumPages,/,[COLOR=blue])[/COLOR]]</label>
							<align>right</align>
							<aligny>center</aligny>
							<font>font12</font>
							<textcolor>grey</textcolor>
						</control>
						<control type="textbox" id="401">
							<description>Description</description>
							<posx>10</posx>
							<posy>195</posy>
							<width>580</width>
							<height>250</height>
							<font>font12</font>
							<align>-</align>
							<textcolor>white</textcolor>
							<label>$INFO[ListItem.Property(Addon.Description)]</label>
							<pagecontrol>61</pagecontrol>
						</control>
						<control type="scrollbar" id="61">
							<posx>610</posx>
							<posy>190</posy>
							<width>25</width>
							<height>250</height>
							<texturesliderbackground border="0,14,0,14">ScrollBarV.png</texturesliderbackground>
							<texturesliderbar border="0,14,0,14">ScrollBarV_bar.png</texturesliderbar>
							<texturesliderbarfocus border="0,14,0,14">ScrollBarV_bar_focus.png</texturesliderbarfocus>
							<textureslidernib>ScrollBarNib.png</textureslidernib>
							<textureslidernibfocus>ScrollBarNib.png</textureslidernibfocus>
							<onleft>60</onleft>
							<onright>9000</onright>
							<showonepage>false</showonepage>
							<orientation>vertical</orientation>
						</control>
					</control>
				</control>
				<control type="grouplist" id="9000">
					<animation effect="slide" start="0" end="-250" time="400" tween="cubic" easing="inout" condition="!ControlGroup(9000).HasFocus">Conditional</animation>
					<posx>20</posx>
					<posy>90</posy>
					<width>175</width>
					<height>480</height>
					<itemgap>2</itemgap>
					<onleft>9001</onleft>
					<onright>9001</onright>
					<onup>9000</onup>
					<ondown>9000</ondown>
					<orientation>vertical</orientation>
					<control type="button" id="6">
						<description>Enable Addon button</description>
						<label>24022</label>
						<onleft>60</onleft>
						<onright>60</onright>
						<onup>10</onup>
						<ondown>7</ondown>
					</control>
					<control type="button" id="7">
						<description>Disable Addon button</description>
						<label>24021</label>
						<onleft>60</onleft>
						<onright>60</onright>
						<onup>6</onup>
						<ondown>9</ondown>
					</control>
					<control type="button" id="9">
						<description>Addon Settings</description>
						<label>24020</label>
						<onleft>60</onleft>
						<onright>60</onright>
						<onup>7</onup>
						<ondown>8</ondown>
					</control>
					<control type="button" id="8">
						<description>Update Addon button</description>
						<label>24069</label>
						<onleft>60</onleft>
						<onright>60</onright>
						<onup>9</onup>
						<ondown>10</ondown>
					</control>
					<control type="button" id="10">
						<description>Changelog button</description>
						<label>24036</label>
						<onleft>60</onleft>
						<onright>60</onright>
						<onup>8</onup>
						<ondown>6</ondown>
					</control>
				</control>
				<control type="group">
					<visible>!IsEmpty(ListItem.Property(Addon.broken))</visible>
					<posx>0</posx>
					<posy>600</posy>
					<control type="image">
						<description>background image</description>
						<posx>0</posx>
						<posy>0</posy>
						<width>920</width>
						<height>100</height>
						<texture border="20">OverlayDialogBackground.png</texture>
					</control>
					<control type="image">
						<description>Icon image</description>
						<posx>18</posx>
						<posy>18</posy>
						<width>64</width>
						<height>64</height>
						<texture>DefaultIconError.png</texture>
					</control>
					<control type="label">
						<description>header label</description>
						<posx>100</posx>
						<posy>15</posy>
						<width>800</width>
						<height>25</height>
						<font>font13_title</font>
						<label>24096</label>
						<align>left</align>
						<aligny>center</aligny>
						<textcolor>selected</textcolor>
						<shadowcolor>black</shadowcolor>
					</control>
					<control type="textbox">
						<description>Reason label</description>
						<posx>100</posx>
						<posy>35</posy>
						<width>800</width>
						<height>50</height>
						<font>font13</font>
						<label>$INFO[ListItem.Property(Addon.broken)]</label>
						<align>left</align>
						<textcolor>white</textcolor>
						<shadowcolor>black</shadowcolor>
					</control>
				</control>
			</control>
		</control>
	</controls>
</window>
