<?xml version="1.0"?>
<window id="104">
	<defaultcontrol>1</defaultcontrol>
	<coordinates>
		<system>1</system>
		<posx>490</posx>
		<posy>5</posy>
	</coordinates>
	<controls>
		<control type="image">
			<width>300</width>
			<height>120</height>
			<include>dialogWindow</include>
		</control>
		<control type="label">
			<posx>34</posx>
			<posy>28</posy>
			<width>232</width>
			<label>$LOCALIZE[13376]</label>
			<font>normalLow</font>
			<align>center</align>
			<textcolor>Color4</textcolor>
		</control>
		<control type="progress" id="1">
			<description>progress control</description>
			<posx>34</posx>
			<posy>65</posy>
			<width>230</width>
			<height>18</height>
			<info>Player.Volume</info>
		</control>
		<control type="label" id="1">
			<posx>20r</posx>
			<align>right</align>
			<label>$INFO[Player.Volume]</label>
			<include>notificationSide</include>
		</control>
	</controls>
</window>
