<?xml version="1.0"?>
<includes>
	<include name="FilesMenu">
		<include>pageContextMenu</include>
		<control type="group" id="300">
			<posx>-275</posx>
			<posy>20</posy>
			<visible allowhiddenfocus="true">ControlGroup(300).HasFocus(0)</visible>
			<onright>50</onright>
			<include>pagemenus</include>
			<include>transition2</include>
			<control type="group">
				<visible>Window.IsActive(2)</visible>
				<control type="button" id="1">
					<description>Choose Viewtype</description>
					<label>$LOCALIZE[31930]</label>
					<onleft>1</onleft>
					<onup>90</onup>
					<ondown>30</ondown>
					<onright>50</onright>
					<onclick>SetFocus(40)</onclick>
					<include>contextButton</include>
					<visible allowhiddenfocus="true">!ControlGroup(40).HasFocus()</visible>
				</control>
				<control type="grouplist" id="40">
					<onup>40</onup>
					<ondown>40</ondown>
					<onleft>1</onleft>
					<onright>1</onright>
					<itemgap>-125</itemgap>
					<visible allowhiddenfocus="true">ControlGroup(40).HasFocus()</visible>
					<control type="button" id="41">
						<label>$LOCALIZE[535]</label>
						<onleft>1</onleft>
						<onright>1</onright>
						<onup>1</onup>
						<onclick>Container.SetViewMode(50)</onclick>
						<include>contextButton</include>
					</control>
					<control type="button" id="43">
						<label>$LOCALIZE[31014]</label>
						<onleft>1</onleft>
						<onright>1</onright>
						<onclick>Container.SetViewMode(572)</onclick>
						<include>contextButton</include>
					</control>
					<control type="button" id="44">
						<label>$LOCALIZE[31002]</label>
						<onleft>1</onleft>
						<onright>1</onright>
						<onclick>Container.SetViewMode(53)</onclick>
						<include>contextButton</include>
					</control>
					<control type="button" id="45">
						<label>next</label>
						<onleft>1</onleft>
						<onright>1</onright>
						<onclick>Container.NextViewMode</onclick>
						<include>contextButton</include>
					</control>
				</control>
				<control type="button" id="30">
					<description>Favourites Button</description>
					<posy>43</posy>
					<label>1036</label>
					<onleft>50</onleft>
					<onright>50</onright>
					<onclick>ActivateWindow(Favourites)</onclick>
					<onup>1</onup>
					<ondown>90</ondown>
					<include>contextButton</include>
					<visible>![ControlGroup(40).HasFocus() | ControlGroup(80).HasFocus()]</visible>
				</control>
				<control type="button" id="90">
					<description>GALLERY: no fullscreen</description>
					<label>$LOCALIZE[31063]</label>
					<posy>86</posy>
					<onleft>2</onleft>
					<onright>50</onright>
					<onup>30</onup>
					<ondown>1</ondown>
					<onclick>Skin.ToggleSetting(galleryFull)</onclick>
					<onclick>Container.SetViewMode(53)</onclick>
					<selected>!Skin.HasSetting(galleryFull)</selected>
					<include>contextButton</include>
					<visible>Control.IsVisible(56) + ![ControlGroup(40).HasFocus() | ControlGroup(80).HasFocus()]</visible>
				</control>
				<control type="button" id="90">
					<description>GALLERY: fullscreen</description>
					<label>$LOCALIZE[31062]</label>
					<posy>86</posy>
					<onleft>2</onleft>
					<onright>50</onright>
					<onup>30</onup>
					<ondown>1</ondown>
					<onclick>Skin.ToggleSetting(galleryFull)</onclick>
					<onclick>Container.SetViewMode(56)</onclick>
					<selected>Skin.HasSetting(galleryFull)</selected>
					<include>contextButton</include>
					<visible>Control.IsVisible(53) + ![ControlGroup(40).HasFocus() | ControlGroup(80).HasFocus()]</visible>
				</control>
			</control>
			<control type="group">
				<description>Slide Menu for Videos</description>
				<visible>Window.IsActive(MyVideoFiles)</visible>
				<control type="button" id="1">
					<description>Choose Viewtype</description>
					<label>$LOCALIZE[31930]</label>
					<onleft>-</onleft>
					<onup>30</onup>
					<ondown>3</ondown>
					<onright>50</onright>
					<onclick>SetFocus(40)</onclick>
					<include>contextButton</include>
					<visible allowhiddenfocus="true">!ControlGroup(40).HasFocus()</visible>
				</control>
				<control type="grouplist" id="40">
					<onup>40</onup>
					<ondown>40</ondown>
					<onleft>1</onleft>
					<onright>1</onright>
					<itemgap>-125</itemgap>
					<visible allowhiddenfocus="true">ControlGroup(40).HasFocus()</visible>
					<control type="button" id="41">
						<label>$LOCALIZE[535]</label>
						<onleft>1</onleft>
						<onright>1</onright>
						<onup>1</onup>
						<onclick>Container.SetViewMode(50)</onclick>
						<include>contextButton</include>
					</control>
					<control type="button" id="43">
						<label>$LOCALIZE[31003]</label>
						<onleft>1</onleft>
						<onright>1</onright>
						<onclick>Container.SetViewMode(58)</onclick>
						<include>contextButton</include>
					</control>
					<control type="button" id="44">
						<label>next</label>
						<onleft>1</onleft>
						<onright>1</onright>
						<onclick>Container.NextViewMode</onclick>
						<include>contextButton</include>
					</control>
				</control>
				<control type="button" id="30">
					<description>Favourites Button</description>
					<posy>215</posy>
					<label>1036</label>
					<onleft>50</onleft>
					<onright>50</onright>
					<onclick>ActivateWindow(Favourites)</onclick>
					<onup>7</onup>
					<ondown>1</ondown>
					<include>contextButton</include>
					<visible>!ControlGroup(40).HasFocus()</visible>
				</control>
			</control>
			<control type="group">
				<description>Slide Menu for Programs</description>
				<visible>Window.IsActive(1)</visible>
				<control type="button" id="1">
					<description>Choose Viewtype</description>
					<label>$LOCALIZE[31930]</label>
					<onleft>-</onleft>
					<onup>30</onup>
					<ondown>3</ondown>
					<onright>573</onright>
					<onclick>SetFocus(40)</onclick>
					<include>contextButton</include>
					<visible allowhiddenfocus="true">!ControlGroup(40).HasFocus()</visible>
				</control>
				<control type="grouplist" id="40">
					<onup>40</onup>
					<ondown>40</ondown>
					<onleft>1</onleft>
					<onright>1</onright>
					<itemgap>-125</itemgap>
					<visible allowhiddenfocus="true">ControlGroup(40).HasFocus()</visible>
					<!--control type="button" id="41">
						<label>App Panel</label>
						<onleft>1</onleft>
						<onright>1</onright>
						<onup>1</onup>
						<ondown>42</ondown>
						<onclick>Container.SetViewMode(579)</onclick>
						<include>contextButton</include>
					</control-->
					<control type="button" id="42">
						<label>Plug-ins</label>
						<onleft>1</onleft>
						<onright>1</onright>
						<onup>41</onup>
						<onclick>Container.SetViewMode(573)</onclick>
						<include>contextButton</include>
					</control>
				</control>
				<control type="button" id="3">
					<description>Sort by button</description>
					<posy>43</posy>
					<label>103</label>
					<onleft>50</onleft>
					<onright>50</onright>
					<onup>1</onup>
					<ondown>30</ondown>
					<include>contextButton</include>
					<visible>!ControlGroup(40).HasFocus()</visible>
				</control>
				<control type="button" id="30">
					<description>Favourites Button</description>
					<posy>86</posy>
					<label>1036</label>
					<onleft>50</onleft>
					<onright>573</onright>
					<onclick>ActivateWindow(Favourites)</onclick>
					<onup>3</onup>
					<ondown>1</ondown>
					<include>contextButton</include>
					<visible>!ControlGroup(40).HasFocus()</visible>
				</control>
			</control>
		</control>
	</include>
</includes>
