<?xml version="1.0"?>
<window id="126">
	<defaultcontrol always="true">450</defaultcontrol>
	<include>dialogOpen</include>
	<coordinates>
		<system>1</system>
		<posx>265</posx>
		<posy>73</posy>
	</coordinates>
	<controls>
		<control type="group">
			<animation effect="fade" start="400" end="50" time="500" condition="Window.IsActive(103)">Conditional</animation>
			<control type="image">
				<width>750</width>
				<height>575</height>
				<include>dialogWindow</include>
			</control>
			<control type="image">
				<width>750</width>
				<height>575</height>
				<include>dialogWindow</include>
			</control>
			<control type="image">
				<posx>574</posx>
				<posy>18</posy>
				<width>150</width>
				<height>537</height>
				<texture>dialogs/sidebar.png</texture>
			</control>
			<control type="label" id="411">
				<description>heading label</description>
				<width>567</width>
				<label>1023</label>
				<posx>30</posx>
				<posy>24</posy>
				<textcolor>WhiteTrans</textcolor>
				<font>title1</font>
			</control>
			<control type="image">
				<posx>19</posx>
				<posy>75</posy>
				<width>556</width>
				<include>dialogSeparator</include>
			</control>
			<control type="image">
				<posx>19</posx>
				<posy>115</posy>
				<width>556</width>
				<include>dialogSeparator</include>
			</control>
			<control type="image">
				<posx>19</posx>
				<posy>532</posy>
				<width>556</width>
				<include>dialogSeparator</include>
				<visible>Control.IsVisible(451)</visible>
			</control>
			<control type="group" id="9002">
				<control type="label" id="412">
					<description>path label control</description>
					<posx>34</posx>
					<posy>82</posy>
					<width>556</width>
					<align>left</align>
					<font>list1</font>
					<haspath>true</haspath>
					<textcolor>WhiteTrans</textcolor>
				</control>
				<control type="list" id="450">
					<posx>19</posx>
					<posy>116</posy>
					<width>556</width>
					<height>400</height>
					<onleft>-</onleft>
					<onright>9001</onright>
					<onup>450</onup>
					<ondown>450</ondown>
					<pagecontrol>60</pagecontrol>
					<scrolltime>200</scrolltime>
					<itemlayout height="40">
						<control type="image">
							<width>563</width>
							<height>40</height>
							<texture border="3">dialogs/list-nofocus.png</texture>
						</control>
						<control type="image">
							<posx>15</posx>
							<posy>4</posy>
							<width>32</width>
							<height>32</height>
							<info>ListItem.ActualIcon</info>
						</control>
						<control type="label">
							<posx>60</posx>
							<width>525</width>
							<height>35</height>
							<font>list1</font>
							<aligny>center</aligny>
							<info>ListItem.Label</info>
							<textcolor>WhiteTrans</textcolor>
						</control>
					</itemlayout>
					<focusedlayout height="40">
						<control type="image">
							<width>563</width>
							<height>40</height>
							<texture border="3">dialogs/list-focus.png</texture>
						</control>
						<control type="image">
							<posx>15</posx>
							<posy>4</posy>
							<width>32</width>
							<height>32</height>
							<info>ListItem.ActualIcon</info>
						</control>
						<control type="label">
							<posx>60</posx>
							<width>525</width>
							<height>35</height>
							<font>list1</font>
							<aligny>center</aligny>
							<info>ListItem.Label</info>
							<textcolor>White</textcolor>
						</control>
					</focusedlayout>
				</control>
				<control type="panel" id="451">
					<posx>19</posx>
					<posy>116</posy>
					<width>560</width>
					<height>416</height>
					<onleft>-</onleft>
					<onright>9001</onright>
					<onup>451</onup>
					<ondown>451</ondown>
					<scrolltime>200</scrolltime>
					<viewtype>icon</viewtype>
					<pagecontrol>60</pagecontrol>
					<itemlayout height="104" width="185">
						<control type="image">
							<width>185</width>
							<height>104</height>
							<texture background="true">$INFO[ListItem.Thumb]</texture>
							<aspectratio>keep</aspectratio>
							<animation effect="fade" end="45" time="0" condition="true">Conditional</animation>
						</control>
						<control type="image">
							<posx>60</posx>
							<posy>20</posy>
							<width>64</width>
							<height>64</height>
							<texture>$INFO[ListItem.ActualIcon]</texture>
							<aspectratio>keep</aspectratio>
							<animation effect="fade" end="45" time="0" condition="true">Conditional</animation>
							<visible>IsEmpty(ListItem.Thumb)</visible>
						</control>
					</itemlayout>
					<focusedlayout height="110" width="185">
						<control type="image">
							<width>185</width>
							<height>104</height>
							<texture background="true">$INFO[ListItem.Thumb]</texture>
							<aspectratio>keep</aspectratio>
						</control>
						<control type="image">
							<posx>60</posx>
							<posy>20</posy>
							<width>64</width>
							<height>64</height>
							<texture>$INFO[ListItem.ActualIcon]</texture>
							<aspectratio>keep</aspectratio>
							<visible>IsEmpty(ListItem.Thumb)</visible>
						</control>
					</focusedlayout>
				</control>
			</control>
			<control type="group" id="9001">
				<posx>589</posx>
				<posy>75</posy>
				<control type="button" id="415">
					<description>Create folder button</description>
					<width>130</width>
					<label>119</label>
					<onleft>9002</onleft>
					<onright>-</onright>
					<onup>414</onup>
					<ondown>413</ondown>
					<include>dialogConfirmButton</include>
				</control>
				<control type="button" id="413">
					<description>OK button</description>
					<posy>55</posy>
					<width>130</width>
					<label>186</label>
					<onleft>9002</onleft>
					<onright>-</onright>
					<onup>415</onup>
					<ondown>414</ondown>
					<include>dialogConfirmButton</include>
				</control>
				<control type="button" id="414">
					<description>Cancel button</description>
					<posy>110</posy>
					<width>130</width>
					<label>222</label>
					<onleft>9002</onleft>
					<onright>-</onright>
					<onup>413</onup>
					<ondown>415</ondown>
					<include>dialogConfirmButton</include>
				</control>
			</control>
		</control>
	</controls>
</window>
