<?xml version="1.0"?>
<fonts>
	<fontset id="default" unicode="true">
		<font>
			<name>title1</name>
			<filename>Helvetica</filename>
			<variant>Bold</variant>
			<size>30</size>
		</font>
		<font>
			<name>HomeMenuItem</name>
			<filename>Helvetica</filename>
			<variant>Bold</variant>
			<size>48</size>
		</font>
		<font>
			<name>homeheader</name>
			<filename>Helvetica</filename>
			<variant>Bold</variant>
			<size>42</size>
		</font>
		<font>
			<name>plex</name>
			<size>80</size>
			<filename>Helvetica</filename>
			<variant>Bold</variant>
		</font>
		<font>
			<name>HomeMenuItemNoFocus</name>
			<size>40</size>
			<filename>Helvetica</filename>
			<variant>Bold</variant>
		</font>
		<font>
			<name>info1</name>
			<size>24</size>
			<filename>Helvetica</filename>
			<variant>Bold</variant>
		</font>
		<font>
			<name>list2</name>
			<size>25</size>
			<filename>Helvetica</filename>
			<variant>Bold</variant>
		</font>
		<font>
			<name>list1</name>
			<filename>Helvetica</filename>
			<variant>Bold</variant>
			<size>30</size>
		</font>
		<font>
			<name>settings</name>
			<filename>Helvetica</filename>
			<variant>Bold</variant>
			<size>20</size>
		</font>
		<font>
			<name>album1</name>
			<filename>GraublauWeb.ttf</filename>
			<size>27</size>
		</font>
		<font>
			<name>list1active</name>
			<filename>GraublauWeb.ttf</filename>
			<size>36</size>
		</font>
		<font>
			<name>plot1</name>
			<filename>GraublauWeb.ttf</filename>
			<size>25</size>
		</font>
		<font>
			<name>info2</name>
			<filename>Helvetica</filename>
			<variant>Regular</variant>
			<size>19</size>
		</font>
		<font>
			<name>info3</name>
			<filename>Helvetica</filename>
			<variant>Regular</variant>
			<size>14</size>
		</font>
		<font>
			<name>Large</name>
			<filename>Arial.ttf</filename>
			<size>50</size>
		</font>
		<font>
			<name>Small</name>
			<filename>Arial.ttf</filename>
			<size>20</size>
		</font>
		<!-- Required for system -->
		<font>
			<name>font13</name>
			<filename>Arial.ttf</filename>
			<size>34</size>
		</font>
	</fontset>
	<fontset id="Arial" unicode="true">
		<font>
			<name>title1</name>
			<filename>Arial.ttf</filename>
			<size>30</size>
			<style>bold</style>
		</font>
		<font>
			<name>HomeMenuItem</name>
			<filename>Arial.ttf</filename>
			<size>48</size>
			<style>bold</style>
		</font>
		<font>
			<name>homeheader</name>
			<filename>Arial.ttf</filename>
			<size>42</size>
			<style>bold</style>
		</font>
		<font>
			<name>plex</name>
			<size>80</size>
			<filename>Arial.ttf</filename>
			<style>bold</style>
		</font>
		<font>
			<name>HomeMenuItemNoFocus</name>
			<size>40</size>
			<filename>Arial.ttf</filename>
			<style>bold</style>
		</font>
		<font>
			<name>info1</name>
			<size>24</size>
			<filename>Arial.ttf</filename>
			<style>bold</style>
		</font>
		<font>
			<name>list2</name>
			<size>25</size>
			<filename>Arial.ttf</filename>
			<style>bold</style>
		</font>
		<font>
			<name>list1</name>
			<filename>Arial.ttf</filename>
			<style>bold</style>
			<size>30</size>
		</font>
		<font>
			<name>settings</name>
			<filename>Arial.ttf</filename>
			<size>20</size>
			<style>bold</style>
		</font>
		<font>
			<name>album1</name>
			<filename>GraublauWeb.ttf</filename>
			<size>27</size>
		</font>
		<font>
			<name>list1active</name>
			<filename>GraublauWeb.ttf</filename>
			<size>36</size>
		</font>
		<font>
			<name>plot1</name>
			<filename>GraublauWeb.ttf</filename>
			<size>25</size>
		</font>
		<font>
			<name>info2</name>
			<filename>Arial.ttf</filename>
			<size>19</size>
		</font>
		<font>
			<name>info3</name>
			<filename>Arial.ttf</filename>
			<size>14</size>
		</font>
		<font>
			<name>Large</name>
			<filename>Arial.ttf</filename>
			<size>50</size>
		</font>
		<font>
			<name>Small</name>
			<filename>Arial.ttf</filename>
			<size>20</size>
		</font>
		<!-- Required for system -->
		<font>
			<name>font13</name>
			<filename>Arial.ttf</filename>
			<size>34</size>
		</font>
	</fontset>
</fonts>
