<?xml version="1.0"?>
<window id="0">
	<defaultcontrol always="true">300</defaultcontrol>
	<allowoverlay>yes</allowoverlay>
	<controls>
		<include>Background_Home</include>
		<control type="grouplist">
			<orientation>horizontal</orientation>
			<posx>40</posx>
			<posy>270</posy>
			<control type="label">
				<posx>150</posx>
				<width>300</width>
				<height>50</height>
				<aligny>center</aligny>
				<label>PleXBMC</label>
				<textcolor>White</textcolor>
				<scroll>false</scroll>
				<font>homeheader</font>
				<align>center</align>
			</control>
			<control type="label">
				<posx>150</posx>
				<width>300</width>
				<height>50</height>
				<aligny>center</aligny>
				<label>Apps</label>
				<textcolor>White</textcolor>
				<scroll>false</scroll>
				<font>homeheader</font>
				<align>center</align>
			</control>
			<control type="label">
				<posx>150</posx>
				<width>300</width>
				<height>50</height>
				<aligny>center</aligny>
				<label>Settings</label>
				<textcolor>White</textcolor>
				<scroll>false</scroll>
				<font>homeheader</font>
				<align>center</align>
			</control>
			<control type="label">
				<posx>150</posx>
				<width>300</width>
				<height>50</height>
				<aligny>center</aligny>
				<label>Exit</label>
				<textcolor>White</textcolor>
				<scroll>false</scroll>
				<font>homeheader</font>
				<align>center</align>
			</control>
		</control>
		<control type="group">
			<control type="list" id="300">
				<description>Home Fixedlist</description>
				<posx>40</posx>
				<posy>320</posy>
				<width>300</width>
				<height>347</height>
				<onright>400</onright>
				<onleft>600</onleft>
				<scrolltime>200</scrolltime>
				<animation effect="fade" start="100" end="0" time="300" condition="!Control.HasFocus(300)">Conditional</animation>
				<itemlayout height="50" width="300">
					<control type="label">
						<posy>18</posy>
						<posx>150</posx>
						<width>300</width>
						<height>50</height>
						<aligny>center</aligny>
						<info>ListItem.Label</info>
						<textcolor>White</textcolor>
						<scroll>false</scroll>
						<font>list1</font>
						<align>center</align>
					</control>
				</itemlayout>
				<focusedlayout height="50" width="300">
					<control type="image">
						<posy>0</posy>
						<width>300</width>
						<height>86</height>
						<texture>button_home.png</texture>
						<aspectratio>keep</aspectratio>
						<visible>Control.HasFocus(300)</visible>
						<animation effect="slide" start="0,-50" end="0,0" time="200" reversible="false" easing="out" condition="Container(300).OnNext">Focus</animation>
						<animation effect="slide" start="0,50" end="0,0" time="200" reversible="false" easing="out" condition="Container(300).OnPrevious">Focus</animation>
					</control>
					<control type="label">
						<posy>18</posy>
						<posx>150</posx>
						<width>300</width>
						<height>50</height>
						<aligny>center</aligny>
						<info>ListItem.Label</info>
						<textcolor>White</textcolor>
						<scroll>false</scroll>
						<font>list1</font>
						<align>center</align>
					</control>
				</focusedlayout>
				<content>
					<item id="1">
						<description>Favorites Menu</description>
						<label>Movies</label>
						<onclick>ActivateWindow(VideoLibrary,"plugin://plugin.video.plexbmc/?url=http&mode=10&name=Movies",return)</onclick>
					</item>
					<item id="2">
						<label>TV Shows</label>
						<onclick>ActivateWindow(VideoLibrary,"plugin://plugin.video.plexbmc/?url=http&mode=11&name=TVShows")</onclick>
					</item>
                    <item id="3">
						<label>Plugins</label>
						<onclick>ActivateWindow(VideoLibrary,"plugin://plugin.video.plexbmc/?url=http&mode=12&name=Plugins")</onclick>
					</item>
                    <item id="4">
						<label>Servers</label>
						<onclick>ActivateWindow(VideoLibrary,"plugin://plugin.video.plexbmc/?url=http&mode=13&name=Servers")</onclick>
					</item>
				</content>
			</control>
			<control type="list" id="400">
				<description>Home Fixedlist</description>
				<posx>340</posx>
				<posy>320</posy>
				<width>300</width>
				<height>300</height>
				<scrolltime>200</scrolltime>
				<onright>500</onright>
				<onleft>300</onleft>
				<animation effect="fade" start="100" end="0" time="300" condition="!Control.HasFocus(400)">Conditional</animation>
				<itemlayout height="50" width="300">
					<control type="label">
						<posy>18</posy>
						<posx>150</posx>
						<width>300</width>
						<height>50</height>
						<aligny>center</aligny>
						<info>ListItem.Label</info>
						<textcolor>White</textcolor>
						<scroll>false</scroll>
						<font>list1</font>
						<align>center</align>
					</control>
				</itemlayout>
				<focusedlayout height="50" width="300">
					<control type="image">
						<posy>0</posy>
						<width>300</width>
						<height>86</height>
						<texture>button_home.png</texture>
						<aspectratio>keep</aspectratio>
						<visible>Control.HasFocus(400)</visible>
						<animation effect="slide" start="0,-50" end="0,0" time="200" reversible="false" easing="out" condition="Container(400).OnNext">Focus</animation>
						<animation effect="slide" start="0,50" end="0,0" time="200" reversible="false" easing="out" condition="Container(400).OnPrevious">Focus</animation>
					</control>
					<control type="label">
						<posy>18</posy>
						<posx>150</posx>
						<width>300</width>
						<height>50</height>
						<aligny>center</aligny>
						<info>ListItem.Label</info>
						<textcolor>White</textcolor>
						<scroll>false</scroll>
						<font>list1</font>
						<align>center</align>
					</control>
				</focusedlayout>
				<content>
					<item id="1">
						<description>Video Apps</description>
						<label>Video Apps</label>
						<onclick>ActivateWindow(VideoFiles,Addons,return)</onclick>
					</item>
					<item id="2">
						<description>Music Apps</description>
						<label>Music Apps</label>
						<onclick>ActivateWindow(MusicFiles,Addons,return)</onclick>
					</item>
					<item id="3">
						<description>Photo Apps</description>
						<label>Photo Apps</label>
						<onclick>xbmc.activatewindow(2)</onclick>
					</item>
					<item id="4">
						<description>Other Apps</description>
						<label>Other Apps</label>
						<onclick>ActivateWindow(Programs,Addons,return)</onclick>
						<visible>Skin.HasSetting(ShowOtherApps)</visible>
					</item>
					<item id="5">
						<description>Weather</description>
						<label>Weather Forecast</label>
						<onclick>xbmc.activatewindow(2600)</onclick>
						<visible>Skin.HasSetting(ShowMyWeather)</visible>
					</item>
					<item id="6">
						<description>Plex Online Menu</description>
						<label>App Store</label>
						<onclick>ActivateWindow(AddonBrowser)</onclick>
					</item>
				</content>
			</control>
			<control type="list" id="500">
				<description>Home Fixedlist</description>
				<posx>640</posx>
				<posy>320</posy>
				<width>300</width>
				<height>347</height>
				<onright>600</onright>
				<onleft>400</onleft>
				<scrolltime>200</scrolltime>
				<animation effect="fade" start="100" end="0" time="300" condition="!Control.HasFocus(500)">Conditional</animation>
				<scrolltime>0</scrolltime>
				<itemlayout height="50" width="300">
					<control type="label">
						<posy>18</posy>
						<posx>150</posx>
						<width>300</width>
						<height>50</height>
						<aligny>center</aligny>
						<info>ListItem.Label</info>
						<textcolor>White</textcolor>
						<scroll>false</scroll>
						<font>list1</font>
						<align>center</align>
					</control>
				</itemlayout>
				<focusedlayout height="50" width="300">
					<control type="image">
						<posy>0</posy>
						<width>300</width>
						<height>86</height>
						<texture>button_home.png</texture>
						<aspectratio>keep</aspectratio>
						<visible>Control.HasFocus(500)</visible>
						<animation effect="slide" start="0,-50" end="0,0" time="200" reversible="false" easing="out" condition="Container(500).OnNext">Focus</animation>
						<animation effect="slide" start="0,50" end="0,0" time="200" reversible="false" easing="out" condition="Container(500).OnPrevious">Focus</animation>
					</control>
					<control type="label">
						<posy>18</posy>
						<posx>150</posx>
						<width>300</width>
						<height>50</height>
						<aligny>center</aligny>
						<info>ListItem.Label</info>
						<textcolor>White</textcolor>
						<scroll>false</scroll>
						<font>list1</font>
						<align>center</align>
					</control>
				</focusedlayout>
				<content>
					<item id="2">
						<description>Videos</description>
						<label>$LOCALIZE[3]</label>
						<onclick>activatewindow(MyVideosSettings)</onclick>
					</item>
					<item id="3">
						<description>Music</description>
						<label>$LOCALIZE[2]</label>
						<onclick>activatewindow(MyMusicSettings)</onclick>
					</item>
					<item id="4">
						<description>Pictures</description>
						<label>$LOCALIZE[1]</label>
						<onclick>activatewindow(MyPicturesSettings)</onclick>
					</item>
					<item id="6">
						<description>Weather</description>
						<label>$LOCALIZE[8]</label>
						<onclick>activatewindow(MyWeatherSettings)</onclick>
					</item>
					<!--					<item id="7">
						<description>Network</description>
						<label>$LOCALIZE[705]</label>
						<onclick>activatewindow(NetworkSettings)</onclick>
					</item>
					-->
					<item id="8">
						<description>System</description>
						<label>$LOCALIZE[13000]</label>
						<onclick>activatewindow(SystemSettings)</onclick>
					</item>
					<item id="9">
						<description>Appearance</description>
						<label>$LOCALIZE[480]</label>
						<onclick>activatewindow(AppearanceSettings)</onclick>
					</item>
					<item id="10">
						<description>Custom Settings</description>
						<label>FrontSeat</label>
						<onclick>activatewindow(56)</onclick>
					</item>
				</content>
			</control>
			<control type="list" id="600">
				<description>Home Fixedlist</description>
				<posx>940</posx>
				<posy>320</posy>
				<width>300</width>
				<height>300</height>
				<onright>300</onright>
				<onleft>500</onleft>
				<scrolltime>200</scrolltime>
				<animation effect="fade" start="100" end="0" time="300" condition="!Control.HasFocus(600)">Conditional</animation>
				<itemlayout height="50" width="300">
					<control type="label">
						<posy>18</posy>
						<posx>150</posx>
						<width>300</width>
						<height>50</height>
						<aligny>center</aligny>
						<info>ListItem.Label</info>
						<textcolor>White</textcolor>
						<scroll>false</scroll>
						<font>list1</font>
						<align>center</align>
					</control>
				</itemlayout>
				<focusedlayout height="50" width="300">
					<control type="image">
						<posy>0</posy>
						<width>300</width>
						<height>86</height>
						<texture>button_home.png</texture>
						<aspectratio>keep</aspectratio>
						<visible>Control.HasFocus(600)</visible>
						<animation effect="slide" start="0,-50" end="0,0" time="200" reversible="false" easing="out" condition="Container(600).OnNext">Focus</animation>
						<animation effect="slide" start="0,50" end="0,0" time="200" reversible="false" easing="out" condition="Container(600).OnPrevious">Focus</animation>
					</control>
					<control type="label">
						<posy>18</posy>
						<posx>150</posx>
						<width>300</width>
						<height>50</height>
						<aligny>center</aligny>
						<info>ListItem.Label</info>
						<textcolor>White</textcolor>
						<scroll>false</scroll>
						<font>list1</font>
						<align>center</align>
					</control>
				</focusedlayout>
				<content>
					<item id="1">
						<description>Quit Button</description>
						<label>Exit Plex</label>
						<onclick>Plex.Shutdown()</onclick>
					</item>
					<item id="2">
						<description>Sleep Button</description>
						<label>Sleep</label>
						<onclick>XBMC.SleepSystem()</onclick>
					</item>
					<item id="3">
						<description>Shut Down Button</description>
						<label>Shutdown</label>
						<onclick>XBMC.ShutDownSystem()</onclick>
					</item>
				</content>
			</control>
		</control>
		<control type="image">
			<texture>plexicon.png</texture>
			<width>120</width>
			<height>120</height>
			<posx>460</posx>
			<posy>60</posy>
			<visible>!Skin.HasSetting(HidePlexLogo)</visible>
		</control>
		<control type="label">
			<width>300</width>
			<height>120</height>
			<aligny>center</aligny>
			<label>PLEX</label>
			<textcolor>White</textcolor>
			<scroll>false</scroll>
			<font>plex</font>
			<posx>580</posx>
			<posy>60</posy>
			<visible>!Skin.HasSetting(HidePlexLogo)</visible>
		</control>
		<control type="image" id="1010">
			<posy>636</posy>
			<posx>0</posx>
			<width>1280</width>
			<height>40</height>
			<texture>bottom.png</texture>
			<aspectratio>scale</aspectratio>
		</control>
	</controls>
</window>
