<?xml version="1.0"?>
<window id="121">
	<defaultcontrol always="true">5</defaultcontrol>
	<allowoverlay>yes</allowoverlay>
	<coordinates>
		<system>1</system>
		<posx>100</posx>
		<posy>80</posy>
	</coordinates>
	<controls>
		<include>DialogBack</include>
		<control type="label">
			<include>DialogID</include>
			<label>MusicOSDSettings.xml</label>
		</control>
		<control type="label" id="2">
			<description>Settings</description>
			<posx>10</posx>
			<posy>40</posy>
			<width>500</width>
			<align>left</align>
		</control>
		<control type="grouplist" id="5">
			<description>Control Area</description>
			<posx>10</posx>
			<posy>72</posy>
			<width>500</width>
			<height>300</height>
			<itemgap>2</itemgap>
			<orientation>vertical</orientation>
			<pagecontrol>60</pagecontrol>
			<onleft>28</onleft>
			<onright>28</onright>
			<onup>28</onup>
			<ondown>28</ondown>
		</control>
		<control type="button" id="7">
			<description>Button</description>
			<texturefocus border="1">ButtonFo.png</texturefocus>
			<texturenofocus border="1">ButtonNF.png</texturenofocus>
		</control>
		<control type="radiobutton" id="8">
			<description>Radio Button</description>
			<texturefocus border="1">ButtonFo.png</texturefocus>
			<texturenofocus border="1">ButtonNF.png</texturenofocus>
		</control>
		<control type="spincontrolex" id="9">
			<description>Spin Controlex</description>
			<texturefocus border="1">ButtonFo.png</texturefocus>
			<texturenofocus border="1">ButtonNF.png</texturenofocus>
		</control>
	</controls>
</window>
