<?xml version="1.0"?>
<window type="dialog" id="400">
	<defaultcontrol always="true">16</defaultcontrol>
	<controls>
		<control type="group">
			<visible>!Window.IsActive(2901)</visible>
			<posx>0</posx>
			<posy>561</posy>
			<width>1280</width>
			<height>159</height>
			<visible>true</visible>
			<control type="image">
				<description>Panel</description>
				<posx>0</posx>
				<posy>0</posy>
				<height>159</height>
				<width>1280</width>
				<texture>osd/osd_back.png</texture>
			</control>
			<control type="grouplist" id="213">
				<width>790</width>
				<posx>249</posx>
				<posy>60</posy>
				<height>96</height>
				<itemgap>0</itemgap>
				<onup>-</onup>
				<ondown>-</ondown>
				<orientation>horizontal</orientation>
				<control type="button" id="13">
					<texturefocus>-</texturefocus>
					<onclick>XBMC.PlayerControl(Previous)</onclick>
				</control>
				<control type="button" id="14">
					<texturefocus>-</texturefocus>
					<onclick>XBMC.PlayerControl(Rewind)</onclick>
				</control>
				<control type="button" id="15">
					<texturefocus>-</texturefocus>
					<onclick>XBMC.PlayerControl(Stop)</onclick>
					<onclick>XBMC.Action(previousmenu)</onclick>
				</control>
				<control type="button" id="16">
					<texturefocus>-</texturefocus>
					<onclick>XBMC.PlayerControl(Play)</onclick>
				</control>
				<control type="button" id="17">
					<texturefocus>-</texturefocus>
					<onclick>XBMC.PlayerControl(Forward)</onclick>
				</control>
				<control type="button" id="18">
					<texturefocus>-</texturefocus>
					<onclick>XBMC.PlayerControl(Next)</onclick>
				</control>
			</control>
			<control type="grouplist" id="214">
				<width>790</width>
				<posx>349</posx>
				<posy>60</posy>
				<height>96</height>
				<itemgap>0</itemgap>
				<orientation>horizontal</orientation>
				<control type="button">
					<width>88</width>
					<height>88</height>
					<texturenofocus>osd/osd_button_skipbwd.png</texturenofocus>
					<animation effect="fade" start="100" end="40" time="100" condition="!Control.HasFocus(13)">Conditional</animation>
				</control>
				<control type="button">
					<width>88</width>
					<height>88</height>
					<texturenofocus>osd/osd_button_rew.png</texturenofocus>
					<animation effect="fade" start="100" end="40" time="100" condition="!Control.HasFocus(14)">Conditional</animation>
				</control>
				<control type="button">
					<width>88</width>
					<height>88</height>
					<texturenofocus>osd/osd_button_stop.png</texturenofocus>
					<animation effect="fade" start="100" end="40" time="100" condition="!Control.HasFocus(15)">Conditional</animation>
				</control>
				<control type="button">
					<width>88</width>
					<height>88</height>
					<texturenofocus>osd/osd_button_play.png</texturenofocus>
					<animation effect="fade" start="100" end="40" time="100" condition="!Control.HasFocus(16)">Conditional</animation>
				</control>
				<control type="button">
					<width>88</width>
					<height>88</height>
					<texturenofocus>osd/osd_button_ff.png</texturenofocus>
					<animation effect="fade" start="100" end="40" time="100" condition="!Control.HasFocus(17)">Conditional</animation>
				</control>
				<control type="button">
					<width>88</width>
					<height>88</height>
					<texturenofocus>osd/osd_button_skipfwd.png</texturenofocus>
					<animation effect="fade" start="100" end="40" time="100" condition="!Control.HasFocus(18)">Conditional</animation>
				</control>
			</control>
			<control type="progress" id="23">
				<description>Progressbar</description>
				<posx>112</posx>
				<posy>40</posy>
				<width>1057</width>
				<height>15</height>
				<info>Player.Progress</info>
				<visible>true</visible>
			</control>
			<control type="image">
				<posx>499</posx>
				<posy>-12</posy>
				<width>281</width>
				<height>28</height>
				<texture>osd/osd_status.png</texture>
				<include>Animation_CommonFade</include>
				<visible>Player.Paused | Player.Rewinding2x | Player.Rewinding4x | Player.Rewinding8x | Player.Rewinding16x | Player.Rewinding32x | Player.Forwarding2x | Player.Forwarding4x | Player.Forwarding8x | Player.Forwarding16x | Player.Forwarding32x</visible>
			</control>
			<control type="label">
				<posx>499</posx>
				<posy>-12</posy>
				<width>281</width>
				<height>28</height>
				<aligny>center</aligny>
				<align>center</align>
				<font>info1</font>
				<textcolor>White</textcolor>
				<label>PAUSED</label>
				<visible>Player.Paused</visible>
			</control>
			<control type="label">
				<posx>499</posx>
				<posy>-12</posy>
				<width>281</width>
				<height>28</height>
				<aligny>center</aligny>
				<align>center</align>
				<font>info1</font>
				<textcolor>White</textcolor>
				<label>RWD 2X</label>
				<visible>Player.Rewinding2x</visible>
			</control>
			<control type="label">
				<posx>499</posx>
				<posy>-12</posy>
				<width>281</width>
				<height>28</height>
				<aligny>center</aligny>
				<align>center</align>
				<font>info1</font>
				<textcolor>White</textcolor>
				<label>RWD 4X</label>
				<visible>Player.Rewinding4x</visible>
			</control>
			<control type="label">
				<posx>499</posx>
				<posy>-12</posy>
				<width>281</width>
				<height>28</height>
				<aligny>center</aligny>
				<align>center</align>
				<font>info1</font>
				<textcolor>White</textcolor>
				<label>RWD 8X</label>
				<visible>Player.Rewinding8x</visible>
			</control>
			<control type="label">
				<posx>499</posx>
				<posy>-12</posy>
				<width>281</width>
				<height>28</height>
				<aligny>center</aligny>
				<align>center</align>
				<font>info1</font>
				<textcolor>White</textcolor>
				<label>RWD 16X</label>
				<visible>Player.Rewinding16x</visible>
			</control>
			<control type="label">
				<posx>499</posx>
				<posy>-12</posy>
				<width>281</width>
				<height>28</height>
				<aligny>center</aligny>
				<align>center</align>
				<font>info1</font>
				<textcolor>White</textcolor>
				<label>RWD 32X</label>
				<visible>Player.Rewinding32x</visible>
			</control>
			<control type="label">
				<posx>499</posx>
				<posy>-12</posy>
				<width>281</width>
				<height>28</height>
				<aligny>center</aligny>
				<align>center</align>
				<font>info1</font>
				<textcolor>White</textcolor>
				<label>FWD 2X</label>
				<visible>Player.Forwarding2x</visible>
			</control>
			<control type="label">
				<posx>499</posx>
				<posy>-12</posy>
				<width>281</width>
				<height>28</height>
				<aligny>center</aligny>
				<align>center</align>
				<font>info1</font>
				<textcolor>White</textcolor>
				<label>FWD 4X</label>
				<visible>Player.Forwarding4x</visible>
			</control>
			<control type="label">
				<posx>499</posx>
				<posy>-12</posy>
				<width>281</width>
				<height>28</height>
				<aligny>center</aligny>
				<align>center</align>
				<font>info1</font>
				<textcolor>White</textcolor>
				<label>FWD 8X</label>
				<visible>Player.Forwarding8x</visible>
			</control>
			<control type="label">
				<posx>499</posx>
				<posy>-12</posy>
				<width>281</width>
				<height>28</height>
				<aligny>center</aligny>
				<align>center</align>
				<font>info1</font>
				<textcolor>White</textcolor>
				<label>FWD 16X</label>
				<visible>Player.Forwarding16x</visible>
			</control>
			<control type="label">
				<posx>499</posx>
				<posy>-12</posy>
				<width>281</width>
				<height>28</height>
				<aligny>center</aligny>
				<align>center</align>
				<font>info1</font>
				<textcolor>White</textcolor>
				<label>FWD 32X</label>
				<visible>Player.Forwarding32x</visible>
			</control>
			<control type="label">
				<posx>112</posx>
				<posy>60</posy>
				<width>300</width>
				<height>25</height>
				<font>info1</font>
				<colordiffuse>d0FFFFFF</colordiffuse>
				<label>$INFO[VideoPlayer.Time]</label>
			</control>
			<control type="label">
				<posx>1168</posx>
				<posy>60</posy>
				<width>300</width>
				<height>25</height>
				<font>info1</font>
				<align>right</align>
				<colordiffuse>d0FFFFFF</colordiffuse>
				<label>$INFO[VideoPlayer.Duration]</label>
			</control>
		</control>
	</controls>
</window>
