<window>
	<defaultcontrol>100</defaultcontrol>
	<coordinates>
		<system>1</system>
		<posx>240</posx>
		<posy>50</posy>
	</coordinates>
	<include>dialogeffect</include>
	<controls>
		<control type="image">
			<description>background image</description>
			<posx>0</posx>
			<posy>0</posy>
			<width>800</width>
			<height>620</height>
			<texture border="40">DialogBack.png</texture>
		</control>
		<!-- ** Required ** Do not change id or type -->
		<control type="image">
			<posx>20</posx>
			<posy>10</posy>
			<width>760</width>
			<height>90</height>
			<aspectratio>stretch</aspectratio>
			<texture>GlassTitleBar.png</texture>
		</control>
		<!-- ** Required ** Do not change <description> or <type> -->
		<control type="label" id="20">
			<description>header label</description>
			<posx>20</posx>
			<posy>18</posy>
			<width>760</width>
			<height>30</height>
			<font>font13_title</font>
			<label>-</label>
			<align>center</align>
			<aligny>center</aligny>
			<textcolor>white</textcolor>
			<shadowcolor>black</shadowcolor>
		</control>
		<!-- ** Required ** Do not change <description> or <type> -->
		<control type="label" id="30">
			<description>Showtimes Label2</description>
			<posx>20</posx>
			<posy>70</posy>
			<width>760</width>
			<align>center</align>
			<font>font12_title</font>
			<label>-</label>
			<textcolor>white</textcolor>
			<shadowcolor>black</shadowcolor>
		</control>
		<control type="label">
			<posx>20</posx>
			<posy>95</posy>
			<width>760</width>
			<align>center</align>
			<font>font12_title</font>
			<label>$INFO[Control.GetLabel(40)]$INFO[Control.GetLabel(50), - ]</label>
			<textcolor>white</textcolor>
			<shadowcolor>black</shadowcolor>
		</control>
		<!-- ** Required ** Do not change <description> or <type> -->
		<control type="label" id="40">
			<description>Showtimes Label3</description>
			<visible>false</visible>
		</control>
		<!-- ** Required ** Do not change <description> or <type> -->
		<control type="label" id="50">
			<description>Showtimes Label4</description>
			<visible>false</visible>
		</control>
		<!-- ** Required ** Do not change <id> or <type> -->
		<control type="list" id="100">
			<description>Team Credits List</description>
			<posx>20</posx>
			<posy>130</posy>
			<width>760</width>
			<height>401</height>
			<scrolltime>200</scrolltime>
			<onup>100</onup>
			<ondown>100</ondown>
			<itemlayout height="100">
				<control type="image">
					<width>760</width>
					<height>101</height>
					<posx>0</posx>
					<posy>0</posy>
					<texture border="5">MenuItemNF.png</texture>
				</control>
				<control type="label">
					<posx>10</posx>
					<posy>10</posy>
					<width>740</width>
					<height>20</height>
					<font>font12</font>
					<aligny>center</aligny>
					<align>left</align>
					<info>ListItem.Label</info>
				</control>
				<control type="label">
					<posx>750</posx>
					<posy>10</posy>
					<width>680</width>
					<height>20</height>
					<font>font12</font>
					<aligny>center</aligny>
					<align>right</align>
					<info>ListItem.Thumb</info>
				</control>
				<control type="label">
					<posx>10</posx>
					<posy>38</posy>
					<width>760</width>
					<height>20</height>
					<font>font12</font>
					<aligny>center</aligny>
					<align>left</align>
					<info>ListItem.ActualIcon</info>
				</control>
				<control type="label">
					<posx>10</posx>
					<posy>65</posy>
					<width>760</width>
					<height>20</height>
					<font>font12</font>
					<textcolor>grey</textcolor>
					<aligny>center</aligny>
					<align>left</align>
					<info>ListItem.Label2</info>
				</control>
			</itemlayout>
			<focusedlayout height="100">
				<control type="image">
					<width>760</width>
					<height>101</height>
					<posx>0</posx>
					<posy>0</posy>
					<texture border="5">MenuItemFO.png</texture>
				</control>
				<control type="label">
					<posx>10</posx>
					<posy>10</posy>
					<width>740</width>
					<height>20</height>
					<font>font12</font>
					<aligny>center</aligny>
					<align>left</align>
					<info>ListItem.Label</info>
				</control>
				<control type="label">
					<posx>750</posx>
					<posy>10</posy>
					<width>680</width>
					<height>20</height>
					<font>font12</font>
					<aligny>center</aligny>
					<align>right</align>
					<info>ListItem.Thumb</info>
				</control>
				<control type="label">
					<posx>10</posx>
					<posy>38</posy>
					<width>760</width>
					<height>20</height>
					<font>font12</font>
					<aligny>center</aligny>
					<align>left</align>
					<info>ListItem.ActualIcon</info>
				</control>
				<control type="label">
					<posx>10</posx>
					<posy>65</posy>
					<width>760</width>
					<height>20</height>
					<font>font12</font>
					<textcolor>grey</textcolor>
					<aligny>center</aligny>
					<align>left</align>
					<info>ListItem.Label2</info>
				</control>
			</focusedlayout>
		</control>
		<control type="label">
			<description>Page label</description>
			<posx>40</posx>
			<posy>560</posy>
			<width>720</width>
			<height>30</height>
			<align>center</align>
			<aligny>center</aligny>
			<textcolor>grey</textcolor>
			<font>font12</font>
			<label>([COLOR=blue]$INFO[Container(100).NumItems][/COLOR]) $LOCALIZE[31025] - $LOCALIZE[31024] ([COLOR=blue]$INFO[Container(100).CurrentPage]/$INFO[Container(100).NumPages][/COLOR])</label>
			<visible>!Control.IsVisible(451)</visible>
		</control>
	</controls>
</window>