<?xml version="1.0"?>
<window id="127">
	<defaultcontrol always="true">5</defaultcontrol>
	<allowoverlay>yes</allowoverlay>
	<coordinates>
		<system>1</system>
		<posx>100</posx>
		<posy>80</posy>
	</coordinates>
	<controls>
		<include>DialogBack</include>
		<control type="label">
			<include>DialogID</include>
			<label>TrainerSettings.xml</label>
		</control>
		<control type="label" id="2">
			<description>Settings</description>
			<posx>10</posx>
			<posy>40</posy>
			<width>420</width>
		</control>
		<control type="label" id="3">
			<description>No Settings</description>
			<posx>10</posx>
			<posy>40</posy>
			<width>500</width>
			<label>$LOCALIZE[13390]</label>
		</control>
		<control type="grouplist" id="5">
			<description>Control Area</description>
			<posx>10</posx>
			<posy>72</posy>
			<width>500</width>
			<height>310</height>
			<itemgap>2</itemgap>
			<onleft>28</onleft>
			<onright>60</onright>
			<onup>5</onup>
			<ondown>5</ondown>
		</control>
		<control type="button" id="7">
			<align>left</align>
		</control>
		<control type="radiobutton" id="8">
			<align>left</align>
		</control>
		<control type="spincontrolex" id="9">
			<align>left</align>
		</control>
		<control type="sliderex" id="10">
			<align>left</align>
		</control>
		<control type="button" id="28">
			<description>OK Button</description>
			<posx>200</posx>
			<posy>390</posy>
			<label>$LOCALIZE[186]</label>
			<onleft>29</onleft>
			<onright>29</onright>
			<onup>5</onup>
			<ondown>5</ondown>
		</control>
		<control type="button" id="29">
			<description>Cancel button</description>
			<posx>360</posx>
			<posy>390</posy>
			<label>$LOCALIZE[222]</label>
			<onleft>28</onleft>
			<onright>28</onright>
			<onup>5</onup>
			<ondown>5</ondown>
		</control>
	</controls>
</window>
