<?xml version="1.0"?>
<window id="2005">
	<defaultcontrol>-</defaultcontrol>
	<controls>
		<control type="group">
			<width>1280</width>
			<height>125</height>
			<visible>Control.IsVisible(10)</visible>
			<control type="image" id="1">
				<height>134</height>
				<width>1280</width>
				<texture flipy="false">OSD/controlsFrame.png</texture>
				<visible>Control.IsVisible(10)</visible>
			</control>
			<control type="label" id="10">
				<description>row 1 label</description>
				<posx>20</posx>
				<posy>5</posy>
				<width>1260</width>
				<label>-</label>
				<align>left</align>
				<textcolor>WhiteTrans</textcolor>
				<font>info1</font>
			</control>
			<control type="label" id="11">
				<description>row 2 label</description>
				<posx>20</posx>
				<posy>31</posy>
				<width>1260</width>
				<label>-</label>
				<align>left</align>
				<font>info1</font>
				<textcolor>WhiteTrans</textcolor>
			</control>
			<control type="label" id="12">
				<description>row 3 label</description>
				<posx>20</posx>
				<posy>48</posy>
				<width>1260</width>
				<height>60</height>
				<label>-</label>
				<align>left</align>
				<textcolor>WhiteTrans</textcolor>
				<font>info1</font>
			</control>
		</control>
	</controls>
</window>
