<?xml version="1.0"?>
<window id="123">
	<defaultcontrol>2</defaultcontrol>
	<coordinates>
		<system>1</system>
		<posx>0</posx>
		<posy>0</posy>
	</coordinates>
	<controls>
		<control type="image" id="9209">
			<description>background top image</description>
			<posx>0</posx>
			<posy>0</posy>
			<width>1280</width>
			<height>720</height>
			<texture border="0">black.png</texture>
			<aspectratio>stretch</aspectratio>
			<animation type="WindowOpen">
				<effect type="fade" start="100" end="90" time="0"/>
			</animation>
		</control>
		<control type="group">
			<posy>100</posy>
			<animation effect="fade" start="97" end="50" time="500" condition="Window.IsActive(103)">Conditional</animation>
			<control type="label" id="1">
				<description>heading label</description>
				<posx>0</posx>
				<posy>0</posy>
				<width>1280</width>
				<height>56</height>
				<align>center</align>
				<aligny>center</aligny>
				<font>homeheader</font>
				<textcolor>White</textcolor>
				<label>Settings</label>
			</control>
			<control type="grouplist" id="5">
				<description>control area</description>
				<posx>240</posx>
				<posy>75</posy>
				<width>800</width>
				<height>361</height>
				<itemgap>-20</itemgap>
				<onleft>-</onleft>
				<onright>-</onright>
				<onup>300</onup>
				<ondown>300</ondown>
			</control>
			<control type="sliderex" id="10">

			</control>
			<control type="button" id="7">
			</control>
			<control type="radiobutton" id="8">
			</control>
			<control type="spincontrolex" id="9">
			</control>
		</control>
	</controls>
</window>
