<includes>
	<include name="LiveTVView1">
		<control type="group">
			<visible>Control.IsVisible(560)</visible>
			<include>VisibleFadeEffect</include>
			<control type="list" id="560">
				<posx>460</posx>
				<posy>60</posy>
				<width>760</width>
				<height>601</height>
				<onleft>2</onleft>
				<onright>60</onright>
				<onup>560</onup>
				<ondown>560</ondown>
				<viewtype label="$LOCALIZE[4]">list</viewtype>
				<pagecontrol>60</pagecontrol>
				<scrolltime>200</scrolltime>
				<visible>Container.Content(LiveTV)</visible>
				<itemlayout height="40" width="760">
					<control type="image">
						<posx>0</posx>
						<posy>0</posy>
						<width>760</width>
						<height>41</height>
						<texture border="0,2,0,2">MenuItemNF.png</texture>
					</control>
					<control type="label">
						<posx>10</posx>
						<posy>0</posy>
						<width>730</width>
						<height>40</height>
						<font>font13</font>
						<textcolor>grey2</textcolor>
						<selectedcolor>selected</selectedcolor>
						<align>left</align>
						<aligny>center</aligny>
						<label>$INFO[ListItem.Label]</label>
					</control>
					<control type="label">
						<posx>750</posx>
						<posy>0</posy>
						<width>700</width>
						<height>40</height>
						<font>font12</font>
						<textcolor>grey2</textcolor>
						<selectedcolor>selected</selectedcolor>
						<align>right</align>
						<aligny>center</aligny>
						<label>$INFO[ListItem.Label2]</label>
					</control>
				</itemlayout>
				<focusedlayout height="40" width="760">
					<control type="image">
						<posx>0</posx>
						<posy>0</posy>
						<width>760</width>
						<height>41</height>
						<texture border="0,2,0,2">MenuItemNF.png</texture>
						<visible>!Control.HasFocus(560)</visible>
						<include>VisibleFadeEffect</include>
					</control>
					<control type="image">
						<posx>0</posx>
						<posy>0</posy>
						<width>760</width>
						<height>41</height>
						<texture border="0,2,0,2">MenuItemFO.png</texture>
						<visible>Control.HasFocus(560)</visible>
						<include>VisibleFadeEffect</include>
					</control>
					<control type="image">
						<posx>560</posx>
						<posy>5</posy>
						<width>200</width>
						<height>31</height>
						<texture border="0,0,14,0">MediaItemDetailBG.png</texture>
						<visible>Control.HasFocus(560) + !IsEmpty(ListItem.Label2)</visible>
					</control>
					<control type="label">
						<posx>10</posx>
						<posy>0</posy>
						<width>730</width>
						<height>40</height>
						<font>font13</font>
						<textcolor>white</textcolor>
						<selectedcolor>selected</selectedcolor>
						<align>left</align>
						<aligny>center</aligny>
						<label>$INFO[ListItem.Label]</label>
					</control>
					<control type="label">
						<posx>750</posx>
						<posy>0</posy>
						<width>700</width>
						<height>40</height>
						<font>font12</font>
						<textcolor>grey2</textcolor>
						<selectedcolor>selected</selectedcolor>
						<align>right</align>
						<aligny>center</aligny>
						<label>$INFO[ListItem.Label2]</label>
					</control>
				</focusedlayout>
			</control>
			<control type="group">
				<visible>Control.IsVisible(560)</visible>
				<control type="scrollbar" id="60">
					<posx>1220</posx>
					<posy>60</posy>
					<width>25</width>
					<height>600</height>
					<texturesliderbackground border="0,14,0,14">ScrollBarV.png</texturesliderbackground>
					<texturesliderbar border="2,16,2,16">ScrollBarV_bar.png</texturesliderbar>
					<texturesliderbarfocus border="2,16,2,16">ScrollBarV_bar_focus.png</texturesliderbarfocus>
					<textureslidernib>ScrollBarNib.png</textureslidernib>
					<textureslidernibfocus>ScrollBarNib.png</textureslidernibfocus>
					<onleft>560</onleft>
					<onright>2</onright>
					<showonepage>false</showonepage>
					<orientation>vertical</orientation>
					<visible>Control.IsVisible(560)</visible>
				</control>
				<control type="image">
					<posx>40</posx>
					<posy>60</posy>
					<width>400</width>
					<height>300</height>
					<aspectratio aligny="bottom">keep</aspectratio>
					<fadetime>IconCrossfadeTime</fadetime>
					<texture background="true">$INFO[ListItem.Icon]</texture>
					<bordertexture border="8">ThumbShadow.png</bordertexture>
					<bordersize>8</bordersize>
				</control>
				<control type="image">
					<posx>40</posx>
					<posy>350</posy>
					<width>400</width>
					<height>100</height>
					<aspectratio>stretch</aspectratio>
					<texture>GlassTitleBar.png</texture>
					<colordiffuse>AAFFFFFF</colordiffuse>
				</control>
				<control type="image">
					<posx>48</posx>
					<posy>352</posy>
					<width>384</width>
					<height>284</height>
					<aspectratio aligny="top">keep</aspectratio>
					<fadetime>IconCrossfadeTime</fadetime>
					<texture background="true" flipy="true" diffuse="diffuse_mirror2.png">$INFO[ListItem.Icon]</texture>
				</control>
				<control type="label">
					<posx>40</posx>
					<posy>380</posy>
					<width>400</width>
					<height>25</height>
					<label>$INFO[ListItem.Label]</label>
					<scroll>true</scroll>
					<align>center</align>
					<aligny>center</aligny>
					<font>font13_title</font>
					<textcolor>white</textcolor>
					<shadowcolor>black</shadowcolor>
				</control>
				<control type="label">
					<posx>40</posx>
					<posy>410</posy>
					<width>400</width>
					<height>25</height>
					<label>$INFO[ListItem.Label2]</label>
					<align>center</align>
					<aligny>center</aligny>
					<font>font13</font>
					<textcolor>grey2</textcolor>
					<shadowcolor>black</shadowcolor>
				</control>
				<control type="textbox">
					<description>Description Value for TV Show</description>
					<posx>40</posx>
					<posy>450</posy>
					<width>400</width>
					<height>220</height>
					<font>font12</font>
					<align>justify</align>
					<textcolor>white</textcolor>
					<label>$INFO[ListItem.Plot]</label>
					<autoscroll time="2000" delay="3000" repeat="5000">Skin.HasSetting(AutoScroll)</autoscroll>
				</control>
			</control>
		</control>
	</include>
</includes>
