﻿<?xml version="1.0" encoding="UTF-8"?>
<addon
  id="skin.frontseat"
  version="1.0.1"
  name="FrontSeat"
  provider-name="jaaps">
  <requires>
    <import addon="xbmc.gui" version="2.11"/>
  </requires>
  <extension
    point="xbmc.gui.skin"
    defaultresolution="720p"
    defaultresolutionwide="720p"
    defaultthemename="textures.xbt"
    effectslowdown="0.75"
    debugging="false"/>
  <extension point="xbmc.addon.metadata">
    <summary lang="en">FrontSeat skin by jaaps.</summary>
    <description lang="en">.</description>
 
    <disclaimer lang="en"></disclaimer>

    <platform>all</platform>
  </extension>
</addon>
