<window id="20">
	<defaultcontrol always="true">50</defaultcontrol>
	<allowoverlay>no</allowoverlay>
	<backgroundcolor>0</backgroundcolor>
	<controls>
		<include>GlobalBackground</include>
		<control type="label" description="Heading">
			<visible>Container.Content(addons)</visible>
			<posx>660</posx>
			<posy>25</posy>
			<align>center</align>
			<width>540</width>
			<font>XLarge</font>
			<label>1045</label>
		</control>
		<control type="label">
			<include>DialogID</include>
			<label>AddonBrowser.xml</label>
		</control>
		<include>View_50_List</include>
		<include>View_52</include>
		<control type="group" description="9000">
			<posx>150</posx>
			<posy>60</posy>
			<control type="image" description="Splitter">
				<posy>20</posy>
				<posx>300</posx>
				<height>540</height>
				<texture flipx="true">img/Splitter.png</texture>
			</control>
			<control type="grouplist" id="9000">
				<posx>-50</posx>
				<posy>60</posy>
				<width>400</width>
				<height>520</height>
				<itemgap>0</itemgap>
				<onleft>-</onleft>
				<onright>50</onright>
				<onup>-</onup>
				<ondown>-</ondown>
				<scrolltime>220</scrolltime>
				<orientation>vertical</orientation>
				<control type="button" id="2" description="View">
					<width>400</width>
					<align>left</align>
				</control>
				<control type="radiobutton" id="5" description="Updates">
					<label>24063</label>
					<align>left</align>
					<width>400</width>
					<texturenofocus>-</texturenofocus>
				</control>
				<control type="radiobutton" id="6" description="Notifications">
					<label>25000</label>
					<align>left</align>
					<width>400</width>
					<texturenofocus>-</texturenofocus>
				</control>
			</control>
		</control>
		<control type="group" description="Addon Thumbs">
			<posx>144</posx>
			<posy>340</posy>
			<aligny>center</aligny>
			<animation condition="true" effect="rotatey" start="0" end="-7" center="260," time="0" reversible="false">Conditional</animation>
			<control type="image">
				<width>316</width>
				<height>330</height>
				<aspectratio align="left" aligny="bottom">stretch</aspectratio>
				<fadetime>200</fadetime>
				<texture  border="1" diffuse="img/Diffuse.png" background="true">$INFO[ListItem.Icon]</texture>
			</control>
			<control type="image" description="Reflection">
				<posy>330</posy>
				<width>316</width>
				<height>330</height>
				<bordersize>1</bordersize>
				<aspectratio align="left" aligny="top">stretch</aspectratio>
				<fadetime>200</fadetime>
				<texture diffuse="img/Reflection2.png" background="true" flipy="true">$INFO[ListItem.Icon]</texture>
			</control>
		</control>
		<include>Debug_Grid</include>
	</controls>
</window>
