<window id="1506">
	<defaultcontrol always="false">100</defaultcontrol>
	<allowoverlay>no</allowoverlay>
	<backgroundcolor>0</backgroundcolor>
	<controls>
		<include>GlobalBackground</include>
		<control type="label">
			<include>WindowID</include>
			<label>Settings.xml</label>
		</control>
		<control type="label" description="Heading">
			<posx>0</posx>
			<posy>25</posy>
			<align>center</align>
			<width>1280</width>
			<font>XLarge</font>
			<label>$LOCALIZE[20077] - $LOCALIZE[2]</label>
		</control>
		<control type="image" description="Splitter">
			<posy>40</posy>
			<posx>0</posx>
			<height>128</height>
			<width>1280</width>
			<texture>img/HSplitter.png</texture>
		</control>
		<control type="image" description="Splitter">
			<posy>100</posy>
			<posx>340</posx>
			<height>600</height>
			<width>128</width>
			<texture>img/Splitter.png</texture>
		</control>
		<control type="list" id="100" description="Left Panel">
			<posx>60</posx>
			<posy>100</posy>
			<width>300</width>
			<height>660</height>
			<onup>100</onup>
			<ondown>100</ondown>
			<onleft>-</onleft>
			<onright>200</onright>
			<orientation>vertical</orientation>
			<pagecontrol>-</pagecontrol>
			<itemlayout height="50" width="300">
				<control type="label">
					<aligny>center</aligny>
					<posx>20</posx>
					<width>260</width>
					<label>$INFO[ListItem.Label]</label>
				</control>
			</itemlayout>
			<focusedlayout height="50" width="300">
				<control type="image">
					<posy>2</posy>
					<width>300</width>
					<height>50</height>
					<texture border="5">img/ButtonFO.png</texture>
					<animation effect="fade" start="100" end="60" condition="!Control.HasFocus(100)">Conditional</animation>
				</control>
				<control type="image">
					<posx>260</posx>
					<posy>6</posy>
					<width>38</width>
					<height>38</height>
					<texture>img/ArrowFO.png</texture>
					<animation effect="fade" end="95" condition="true">Conditional</animation>
					<animation effect="fade" start="100" end="60" condition="!Control.HasFocus(100)">Conditional</animation>
				</control>
				<control type="label">
					<aligny>center</aligny>
					<posx>20</posx>
					<width>260</width>
					<label>$INFO[ListItem.Label]</label>
				</control>
			</focusedlayout>
			<content>
				<item id="1" description="Submenu">
					<label>1034</label>
					<texturenofocus>-</texturenofocus>
					<onclick>-</onclick>
				</item>
				<item id="2" description="Shortcuts">
					<visible>!Skin.HasSetting(MusicSectionHide)</visible>
					<label>111</label>
					<texturenofocus>-</texturenofocus>
					<onclick>-</onclick>
				</item>
				<item id="3" description="Views">
					<visible>!Skin.HasSetting(MusicSectionHide)</visible>
					<label>14018</label>
					<texturenofocus>-</texturenofocus>
					<onclick>-</onclick>
				</item>
			</content>
		</control>
		<control type="grouplist" id="200" description="Music">
			<visible>Container(100).HasFocus(1)</visible>
			<posx>430</posx>
			<posy>100</posy>
			<width>750</width>
			<height>660</height>
			<itemgap>0</itemgap>
			<onup>-</onup>
			<ondown>9000</ondown>
			<onleft>100</onleft>
			<onright>-</onright>
			<aligny>top</aligny>
			<orientation>vertical</orientation>
			<control type="radiobutton" id="1" description="Hide Music Section">
				<width>750</width>
				<align>left</align>
				<label>$LOCALIZE[31111] $LOCALIZE[2] $LOCALIZE[1034]</label>
				<texturenofocus>-</texturenofocus>
				<onclick>Skin.ToggleSetting(MusicSectionHide)</onclick>
				<selected>Skin.HasSetting(MusicSectionHide)</selected>
			</control>
			<control type="radiobutton" id="2">
				<visible>!Skin.HasSetting(MusicSectionHide)</visible>
				<width>750</width>
				<align>left</align>
				<label>133</label>
				<texturenofocus>-</texturenofocus>
				<onclick>Skin.ToggleSetting(Music1)</onclick>
				<selected>!Skin.HasSetting(Music1)</selected>
			</control>
			<control type="radiobutton" id="3">
				<visible>!Skin.HasSetting(MusicSectionHide)</visible>
				<width>750</width>
				<align>left</align>
				<label>132</label>
				<texturenofocus>-</texturenofocus>
				<onclick>Skin.ToggleSetting(Music2)</onclick>
				<selected>!Skin.HasSetting(Music2)</selected>
			</control>
			<control type="radiobutton" id="4">
				<visible>!Skin.HasSetting(MusicSectionHide)</visible>
				<width>750</width>
				<align>left</align>
				<label>135</label>
				<texturenofocus>-</texturenofocus>
				<onclick>Skin.ToggleSetting(Music3)</onclick>
				<selected>!Skin.HasSetting(Music3)</selected>
			</control>
			<control type="radiobutton" id="5">
				<visible>!Skin.HasSetting(MusicSectionHide)</visible>
				<width>750</width>
				<align>left</align>
				<label>744</label>
				<texturenofocus>-</texturenofocus>
				<onclick>Skin.ToggleSetting(Music4)</onclick>
				<selected>!Skin.HasSetting(Music4)</selected>
			</control>
			<control type="radiobutton" id="6">
				<visible>!Skin.HasSetting(MusicSectionHide)</visible>
				<width>750</width>
				<align>left</align>
				<label>14022</label>
				<texturenofocus>-</texturenofocus>
				<onclick>Skin.ToggleSetting(Music5)</onclick>
				<selected>!Skin.HasSetting(Music5)</selected>
			</control>
			<control type="radiobutton" id="7" description="Enable Custom">
				<visible>!Skin.HasSetting(MusicSectionHide)</visible>
				<width>750</width>
				<align>left</align>
				<label>$LOCALIZE[20190]</label>
				<texturenofocus>-</texturenofocus>
				<onclick>Skin.ToggleSetting(MusicSubmenuCustom)</onclick>
				<selected>Skin.HasSetting(MusicSubmenuCustom)</selected>
			</control>
			<control type="button" id="8">
				<visible>!Skin.HasSetting(MusicSectionHide) + Skin.HasSetting(MusicSubmenuCustom)</visible>
				<width>750</width>
				<align>left</align>
				<texturenofocus>-</texturenofocus>
				<label>$LOCALIZE[24020] - $LOCALIZE[31039] 1</label>
				<label2>$INFO[Skin.String(CustomMusic_Label1)]</label2>
				<onclick>Skin.Reset(CustomMusic_Path1)</onclick>
				<onclick>Skin.Reset(CustomMusic_Label1)</onclick>
				<onclick>Skin.SetString(Favourites_Path,CustomMusic_Path1)</onclick>
				<onclick>Skin.SetString(Favourites_Name,CustomMusic_Label1)</onclick>
				<onclick>ActivateWindow(1114)</onclick>
				<onclick>Skin.SetString(CustomMusic_Label1)</onclick>
		</control>
			<control type="button" id="9">
				<visible>!Skin.HasSetting(MusicSectionHide) + Skin.HasSetting(MusicSubmenuCustom)</visible>
				<width>750</width>
				<align>left</align>
				<texturenofocus>-</texturenofocus>
				<label>$LOCALIZE[24020] - $LOCALIZE[31039] 2</label>
				<label2>$INFO[Skin.String(CustomMusic_Label2)]</label2>
				<onclick>Skin.Reset(CustomMusic_Path2)</onclick>
				<onclick>Skin.Reset(CustomMusic_Label2)</onclick>
				<onclick>Skin.SetString(Favourites_Path,CustomMusic_Path2)</onclick>
				<onclick>Skin.SetString(Favourites_Name,CustomMusic_Label2)</onclick>
				<onclick>ActivateWindow(1114)</onclick>
				<onclick>Skin.SetString(CustomMusic_Label2)</onclick>
			</control>
			<control type="button" id="10">
				<visible>!Skin.HasSetting(MusicSectionHide) + Skin.HasSetting(MusicSubmenuCustom)</visible>
				<width>750</width>
				<align>left</align>
				<texturenofocus>-</texturenofocus>
				<label>$LOCALIZE[24020] - $LOCALIZE[31039] 3</label>
				<label2>$INFO[Skin.String(CustomMusic_Label3)]</label2>
				<onclick>Skin.Reset(CustomMusic_Path3)</onclick>
				<onclick>Skin.Reset(CustomMusic_Label3)</onclick>
				<onclick>Skin.SetString(Favourites_Path,CustomMusic_Path3)</onclick>
				<onclick>Skin.SetString(Favourites_Name,CustomMusic_Label3)</onclick>
				<onclick>ActivateWindow(1114)</onclick>
				<onclick>Skin.SetString(CustomMusic_Label3)</onclick>
			</control>
			<control type="button" id="11">
				<visible>!Skin.HasSetting(MusicSectionHide) + Skin.HasSetting(MusicSubmenuCustom)</visible>
				<width>750</width>
				<align>left</align>
				<texturenofocus>-</texturenofocus>
				<label>$LOCALIZE[24020] - $LOCALIZE[31039] 4</label>
				<label2>$INFO[Skin.String(CustomMusic_Label4)]</label2>
				<onclick>Skin.Reset(CustomMusic_Path4)</onclick>
				<onclick>Skin.Reset(CustomMusic_Label4)</onclick>
				<onclick>Skin.SetString(Favourites_Path,CustomMusic_Path4)</onclick>
				<onclick>Skin.SetString(Favourites_Name,CustomMusic_Label4)</onclick>
				<onclick>ActivateWindow(1114)</onclick>
				<onclick>Skin.SetString(CustomMusic_Label4)</onclick>
			</control>
			<control type="button" id="12">
				<visible>!Skin.HasSetting(MusicSectionHide) + Skin.HasSetting(MusicSubmenuCustom)</visible>
				<width>750</width>
				<align>left</align>
				<texturenofocus>-</texturenofocus>
				<label>$LOCALIZE[24020] - $LOCALIZE[31039] 5</label>
				<label2>$INFO[Skin.String(CustomMusic_Label5)]</label2>
				<onclick>Skin.Reset(CustomMusic_Path5)</onclick>
				<onclick>Skin.Reset(CustomMusic_Label5)</onclick>
				<onclick>Skin.SetString(Favourites_Path,CustomMusic_Path5)</onclick>
				<onclick>Skin.SetString(Favourites_Name,CustomMusic_Label5)</onclick>
				<onclick>ActivateWindow(1114)</onclick>
				<onclick>Skin.SetString(CustomMusic_Label5)</onclick>
			</control>
		</control>
		<control type="grouplist" id="200" description="Music">
			<visible>Container(100).HasFocus(2)</visible>
			<posx>430</posx>
			<posy>100</posy>
			<width>750</width>
			<height>660</height>
			<itemgap>0</itemgap>
			<onup>-</onup>
			<ondown>9000</ondown>
			<onleft>100</onleft>
			<onright>-</onright>
			<aligny>top</aligny>
			<orientation>vertical</orientation>
			<control type="radiobutton" id="201">
				<visible>!SubString(System.BuildVersion,10.1,Left)</visible>
				<enable>!Skin.HasSetting(Music_Custom_Shortcuts)</enable>
				<width>750</width>
				<align>left</align>
				<label>$LOCALIZE[24022] - $LOCALIZE[31328]</label>
				<texturenofocus>-</texturenofocus>
				<onclick>Skin.Reset(Music_Custom_Shortcuts)</onclick>
				<onclick>Skin.ToggleSetting(Music_Recently_Added)</onclick>
				<selected>Skin.HasSetting(Music_Recently_Added)</selected>
			</control>
			<control type="radiobutton" id="203">
				<enable>!Skin.HasSetting(Music_Recently_Added)</enable>
				<width>750</width>
				<align>left</align>
				<label>$LOCALIZE[636]</label>
				<texturenofocus>-</texturenofocus>
				<onclick>Skin.Reset(Music_Recently_Added)</onclick>
				<onclick>Skin.ToggleSetting(Music_Custom_Shortcuts)</onclick>
				<selected>Skin.HasSetting(Music_Custom_Shortcuts)</selected>
			</control>
		</control>
		<control type="panel" id="9000" description="Icons">
			<visible>Container(100).HasFocus(2) + Skin.HasSetting(Music_Custom_Shortcuts)</visible>
			<posx>430</posx>
			<posy>280</posy>
			<onleft>100</onleft>
			<onright>60</onright>
			<onup>200</onup>
			<posx>0</posx>
			<posy>150</posy>
			<width>750</width>
			<height>570</height>
			<scrolltime>240</scrolltime>
			<pagecontrol>60</pagecontrol>
			<orientation>vertical</orientation>
			<itemlayout height="150" width="150">
				<control type="image">
					<posx>5</posx>
					<posy>5</posy>
					<width>140</width>
					<height>140</height>
					<bordertexture border="2">img/ButtonFO.png</bordertexture>
					<bordersize>2</bordersize>
					<texture fallback="img/BlackDot.png" background="true">$INFO[ListItem.Icon]</texture>
					<aspectratio>scale</aspectratio>
					<fadetime>0</fadetime>
				</control>
				<control type="label">
					<posy>134</posy>
					<posx>75</posx>
					<posy>0</posy>
					<width>120</width>
					<align>center</align>
					<font>XSmall</font>
					<scroll>false</scroll>
					<label fallback="24020">$INFO[ListItem.Label]</label>
				</control>
			</itemlayout>
			<focusedlayout height="150" width="150">
				<control type="image">
					<posx>5</posx>
					<posy>5</posy>
					<width>140</width>
					<height>140</height>
					<bordertexture border="2">img/ButtonFO.png</bordertexture>
					<bordersize>2</bordersize>
					<texture fallback="img/BlackDot.png" background="true">$INFO[ListItem.Icon]</texture>
					<aspectratio>scale</aspectratio>
					<fadetime>0</fadetime>
					<animation type="Focus" reversible="false">
						<effect type="zoom" start="98" end="112" time="330" easing="inout" center="auto"/>
					</animation>
				</control>
				<control type="label">
					<posy>134</posy>
					<posx>75</posx>
					<posy>0</posy>
					<width>120</width>
					<align>center</align>
					<font>XSmall</font>
					<scroll>false</scroll>
					<label fallback="24020">$INFO[ListItem.Label]</label>
				</control>
			</focusedlayout>
			<content>
				<item id="1">
					<thumb>$INFO[Skin.String(Music_Shortcuts_Cover1)]</thumb>
					<label>$INFO[Skin.String(Music_Shortcuts_Label1)]</label>
					<onclick>Skin.Reset(Music_Shortcuts_Path1)</onclick>
					<onclick>Skin.Reset(Music_Shortcuts_Cover1)</onclick>
					<onclick>Skin.Reset(Music_Shortcuts_Label1)</onclick>
					<onclick>Skin.SetString(Favourites_Path,Music_Shortcuts_Path1)</onclick>
					<onclick>Skin.SetString(Favourites_Thumb,Music_Shortcuts_Cover1)</onclick>
					<onclick>Skin.SetString(Favourites_Name,Music_Shortcuts_Label1)</onclick>
					<onclick>ActivateWindow(1114)</onclick>
					<onclick>Skin.SetImage(Music_Shortcuts_Cover1)</onclick>
					<onclick>Skin.SetString(Music_Shortcuts_Label1)</onclick>
				</item>
				<item id="2">
					<thumb>$INFO[Skin.String(Music_Shortcuts_Cover2)]</thumb>
					<label>$INFO[Skin.String(Music_Shortcuts_Label2)]</label>
					<onclick>Skin.Reset(Music_Shortcuts_Path2)</onclick>
					<onclick>Skin.Reset(Music_Shortcuts_Cover2)</onclick>
					<onclick>Skin.Reset(Music_Shortcuts_Label2)</onclick>
					<onclick>Skin.SetString(Favourites_Path,Music_Shortcuts_Path2)</onclick>
					<onclick>Skin.SetString(Favourites_Thumb,Music_Shortcuts_Cover2)</onclick>
					<onclick>Skin.SetString(Favourites_Name,Music_Shortcuts_Label2)</onclick>
					<onclick>ActivateWindow(1114)</onclick>
					<onclick>Skin.SetImage(Music_Shortcuts_Cover2)</onclick>
					<onclick>Skin.SetString(Music_Shortcuts_Label2)</onclick>
				</item>
				<item id="3">
					<thumb>$INFO[Skin.String(Music_Shortcuts_Cover3)]</thumb>
					<label>$INFO[Skin.String(Music_Shortcuts_Label3)]</label>
					<onclick>Skin.Reset(Music_Shortcuts_Path3)</onclick>
					<onclick>Skin.Reset(Music_Shortcuts_Cover3)</onclick>
					<onclick>Skin.Reset(Music_Shortcuts_Label3)</onclick>
					<onclick>Skin.SetString(Favourites_Path,Music_Shortcuts_Path3)</onclick>
					<onclick>Skin.SetString(Favourites_Thumb,Music_Shortcuts_Cover3)</onclick>
					<onclick>Skin.SetString(Favourites_Name,Music_Shortcuts_Label3)</onclick>
					<onclick>ActivateWindow(1114)</onclick>
					<onclick>Skin.SetImage(Music_Shortcuts_Cover3)</onclick>
					<onclick>Skin.SetString(Music_Shortcuts_Label3)</onclick>
				</item>
				<item id="4">
					<thumb>$INFO[Skin.String(Music_Shortcuts_Cover4)]</thumb>
					<label>$INFO[Skin.String(Music_Shortcuts_Label4)]</label>
					<onclick>Skin.Reset(Music_Shortcuts_Path4)</onclick>
					<onclick>Skin.Reset(Music_Shortcuts_Cover4)</onclick>
					<onclick>Skin.Reset(Music_Shortcuts_Label4)</onclick>
					<onclick>Skin.SetString(Favourites_Path,Music_Shortcuts_Path4)</onclick>
					<onclick>Skin.SetString(Favourites_Thumb,Music_Shortcuts_Cover4)</onclick>
					<onclick>Skin.SetString(Favourites_Name,Music_Shortcuts_Label4)</onclick>
					<onclick>ActivateWindow(1114)</onclick>
					<onclick>Skin.SetImage(Music_Shortcuts_Cover4)</onclick>
					<onclick>Skin.SetString(Music_Shortcuts_Label4)</onclick>
				</item>
				<item id="5">
					<thumb>$INFO[Skin.String(Music_Shortcuts_Cover5)]</thumb>
					<label>$INFO[Skin.String(Music_Shortcuts_Label5)]</label>
					<onclick>Skin.Reset(Music_Shortcuts_Path5)</onclick>
					<onclick>Skin.Reset(Music_Shortcuts_Cover5)</onclick>
					<onclick>Skin.Reset(Music_Shortcuts_Label5)</onclick>
					<onclick>Skin.SetString(Favourites_Path,Music_Shortcuts_Path5)</onclick>
					<onclick>Skin.SetString(Favourites_Thumb,Music_Shortcuts_Cover5)</onclick>
					<onclick>Skin.SetString(Favourites_Name,Music_Shortcuts_Label5)</onclick>
					<onclick>ActivateWindow(1114)</onclick>
					<onclick>Skin.SetImage(Music_Shortcuts_Cover5)</onclick>
					<onclick>Skin.SetString(Music_Shortcuts_Label5)</onclick>
				</item>
			</content>
		</control>
		<control type="grouplist" id="200" description="Views Music">
			<visible>Container(100).HasFocus(3)</visible>
			<posx>430</posx>
			<posy>100</posy>
			<width>750</width>
			<height>660</height>
			<itemgap>0</itemgap>
			<onup>-</onup>
			<ondown>9000</ondown>
			<onleft>100</onleft>
			<onright>-</onright>
			<aligny>top</aligny>
			<orientation>vertical</orientation>
			<control type="radiobutton" id="1">
				<width>750</width>
				<align>left</align>
				<label>$LOCALIZE[24021] $LOCALIZE[31398]</label>
				<texturenofocus>-</texturenofocus>
				<onclick>Skin.ToggleSetting(Music_Library_51_Hide)</onclick>
				<selected>Skin.HasSetting(Music_Library_51_Hide)</selected>
			</control>
			<control type="radiobutton" id="2">
				<width>750</width>
				<align>left</align>
				<label>$LOCALIZE[24021] $LOCALIZE[536]</label>
				<texturenofocus>-</texturenofocus>
				<onclick>Skin.ToggleSetting(Music_Library_52_Hide)</onclick>
				<selected>Skin.HasSetting(Music_Library_52_Hide)</selected>
			</control>
			<control type="radiobutton" id="3">
				<width>750</width>
				<align>left</align>
				<label>$LOCALIZE[24021] $LOCALIZE[31399]</label>
				<texturenofocus>-</texturenofocus>
				<onclick>Skin.ToggleSetting(Music_Library_53_Hide)</onclick>
				<selected>Skin.HasSetting(Music_Library_53_Hide)</selected>
			</control>
			<control type="radiobutton" id="4">
				<width>750</width>
				<align>left</align>
				<label>$LOCALIZE[24021] $LOCALIZE[20445]</label>
				<texturenofocus>-</texturenofocus>
				<onclick>Skin.ToggleSetting(Music_Library_54_Hide)</onclick>
				<selected>Skin.HasSetting(Music_Library_54_Hide)</selected>
			</control>
			<control type="radiobutton" id="5">
				<width>750</width>
				<align>left</align>
				<label>$LOCALIZE[24021] $LOCALIZE[31397]</label>
				<texturenofocus>-</texturenofocus>
				<onclick>Skin.ToggleSetting(Music_Library_55_Hide)</onclick>
				<selected>Skin.HasSetting(Music_Library_55_Hide)</selected>
			</control>
			<control type="label" description="Info label">
				<width>750</width>
				<align>center</align>
				<label>( $LOCALIZE[2] - $LOCALIZE[14022] )</label>
			</control>
		</control>
		
		<include>Debug_Grid</include>
	</controls>
</window>
