<window id="1508">
	<defaultcontrol always="true">100</defaultcontrol>
	<allowoverlay>no</allowoverlay>
	<backgroundcolor>0</backgroundcolor>
	<controls>
		<include>GlobalBackground</include>
		<control type="label">
			<include>WindowID</include>
			<label>Settings.xml</label>
		</control>
		<control type="image" description="separator Top">
			<posy>75</posy>
			<posx>100</posx>
			<width>1080</width>
			<height>2</height>
			<texture>img/ButtonFO.png</texture>
			<aspectratio>stretch</aspectratio>
		</control>
		<control type="label" description="Heading">
			<posx>0</posx>
			<posy>25</posy>
			<align>center</align>
			<width>1280</width>
			<font>XLarge</font>
			<label>$LOCALIZE[20077] - $LOCALIZE[24001]</label>
		</control>
		<control type="image" description="Splitter">
			<posy>40</posy>
			<posx>0</posx>
			<height>128</height>
			<width>1280</width>
			<texture>img/HSplitter.png</texture>
		</control>
		<control type="image" description="Splitter">
			<posy>100</posy>
			<posx>340</posx>
			<height>600</height>
			<width>128</width>
			<texture>img/Splitter.png</texture>
		</control>
		<control type="list" id="100" description="Left Panel">
			<posx>60</posx>
			<posy>100</posy>
			<width>300</width>
			<height>660</height>
			<onup>100</onup>
			<ondown>100</ondown>
			<onleft>-</onleft>
			<onright>200</onright>
			<orientation>vertical</orientation>
			<pagecontrol>-</pagecontrol>
			<itemlayout height="50" width="300">
				<control type="label">
					<aligny>center</aligny>
					<posx>20</posx>
					<width>260</width>
					<label>$INFO[ListItem.Label]</label>
				</control>
			</itemlayout>
			<focusedlayout height="50" width="300">
				<control type="image">
					<posy>2</posy>
					<width>300</width>
					<height>50</height>
					<texture border="5">img/ButtonFO.png</texture>
					<animation effect="fade" start="100" end="60" condition="!Control.HasFocus(100)">Conditional</animation>
				</control>
				<control type="image">
					<posx>260</posx>
					<posy>6</posy>
					<width>38</width>
					<height>38</height>
					<texture>img/ArrowFO.png</texture>
					<animation effect="fade" end="95" condition="true">Conditional</animation>
					<animation effect="fade" start="100" end="60" condition="!Control.HasFocus(100)">Conditional</animation>
				</control>
				<control type="label">
					<aligny>center</aligny>
					<posx>20</posx>
					<width>260</width>
					<label>$INFO[ListItem.Label]</label>
				</control>
			</focusedlayout>
			<content>
				<item id="1" description="Submenu">
					<label>1034</label>
					<texturenofocus>-</texturenofocus>
					<onclick>-</onclick>
				</item>
				<item id="2" description="Shortcuts">
					<visible>!Skin.HasSetting(AddonsSectionHide)</visible>
					<label>111</label>
					<texturenofocus>-</texturenofocus>
					<onclick>-</onclick>
				</item>
			</content>
		</control>
		<control type="grouplist" id="200" description="Addons">
			<visible>Container(100).HasFocus(1)</visible>
			<posx>430</posx>
			<posy>100</posy>
			<width>750</width>
			<height>660</height>
			<itemgap>0</itemgap>
			<onup>-</onup>
			<ondown>9000</ondown>
			<onleft>100</onleft>
			<onright>-</onright>
			<aligny>top</aligny>
			<orientation>vertical</orientation>
			<control type="radiobutton" id="1" description="Hide Addons Section">
				<width>750</width>
				<align>left</align>
				<label>$LOCALIZE[31111] $LOCALIZE[24001] $LOCALIZE[1034]</label>
				<texturenofocus>-</texturenofocus>
				<onclick>Skin.ToggleSetting(AddonsSectionHide)</onclick>
				<selected>Skin.HasSetting(AddonsSectionHide)</selected>
			</control>
			<control type="radiobutton" id="2">
				<visible>!Skin.HasSetting(AddonsSectionHide)</visible>
				<width>750</width>
				<align>left</align>
				<label>8</label>
				<texturenofocus>-</texturenofocus>
				<onclick>Skin.ToggleSetting(Addons1)</onclick>
				<selected>!Skin.HasSetting(Addons1)</selected>
			</control>
			<control type="radiobutton" id="3">
				<visible>!Skin.HasSetting(AddonsSectionHide)</visible>
				<width>750</width>
				<align>left</align>
				<label>0</label>
				<texturenofocus>-</texturenofocus>
				<onclick>Skin.ToggleSetting(Addons2)</onclick>
				<selected>!Skin.HasSetting(Addons2)</selected>
			</control>
			<control type="radiobutton" id="4">
				<visible>!Skin.HasSetting(AddonsSectionHide)</visible>
				<width>750</width>
				<align>left</align>
				<label>1</label>
				<texturenofocus>-</texturenofocus>
				<onclick>Skin.ToggleSetting(Addons3)</onclick>
				<selected>!Skin.HasSetting(Addons3)</selected>
			</control>
			<control type="radiobutton" id="5">
				<visible>!Skin.HasSetting(AddonsSectionHide)</visible>
				<width>750</width>
				<align>left</align>
				<label>157</label>
				<texturenofocus>-</texturenofocus>
				<onclick>Skin.ToggleSetting(Addons4)</onclick>
				<selected>!Skin.HasSetting(Addons4)</selected>
			</control>
			<control type="radiobutton" id="6">
				<visible>!Skin.HasSetting(AddonsSectionHide)</visible>
				<width>750</width>
				<align>left</align>
				<label>2</label>
				<texturenofocus>-</texturenofocus>
				<onclick>Skin.ToggleSetting(Addons5)</onclick>
				<selected>!Skin.HasSetting(Addons5)</selected>
			</control>
			<control type="radiobutton" id="7">
				<visible>!Skin.HasSetting(AddonsSectionHide)</visible>
				<width>750</width>
				<align>left</align>
				<label>1045</label>
				<texturenofocus>-</texturenofocus>
				<onclick>Skin.ToggleSetting(Addons6)</onclick>
				<selected>!Skin.HasSetting(Addons6)</selected>
			</control>
		</control>
		<control type="grouplist" id="200" description="Addons">
			<visible>Container(100).HasFocus(2)</visible>
			<posx>430</posx>
			<posy>100</posy>
			<width>750</width>
			<height>660</height>
			<itemgap>0</itemgap>
			<onup>-</onup>
			<ondown>9000</ondown>
			<onleft>100</onleft>
			<onright>-</onright>
			<aligny>top</aligny>
			<orientation>vertical</orientation>
			<control type="radiobutton" id="203">
				<enable>!Skin.HasSetting(AddonsSectionHide)</enable>
				<width>750</width>
				<align>left</align>
				<label>$LOCALIZE[636]</label>
				<texturenofocus>-</texturenofocus>
				<onclick>Skin.ToggleSetting(Addons_Custom_Shortcuts)</onclick>
				<selected>Skin.HasSetting(Addons_Custom_Shortcuts)</selected>
			</control>
			
		</control>
		<control type="panel" id="9000" description="Icons">
			<visible>Container(100).HasFocus(2) + Skin.HasSetting(Addons_Custom_Shortcuts)</visible>
			<posx>430</posx>
			<posy>280</posy>
			<onleft>100</onleft>
			<onright>60</onright>
			<onup>200</onup>
			<posx>0</posx>
			<posy>150</posy>
			<width>750</width>
			<height>570</height>
			<scrolltime>240</scrolltime>
			<pagecontrol>60</pagecontrol>
			<orientation>vertical</orientation>
			<itemlayout height="150" width="150">
				<control type="image">
					<posx>5</posx>
					<posy>5</posy>
					<width>140</width>
					<height>140</height>
					<bordertexture border="2">img/ButtonFO.png</bordertexture>
					<bordersize>2</bordersize>
					<texture fallback="img/BlackDot.png" background="true">$INFO[ListItem.Icon]</texture>
					<aspectratio>scale</aspectratio>
					<fadetime>0</fadetime>
				</control>
				<control type="label">
					<posy>134</posy>
					<posx>75</posx>
					<posy>0</posy>
					<width>120</width>
					<align>center</align>
					<font>XSmall</font>
					<scroll>false</scroll>
					<label fallback="24020">$INFO[ListItem.Label]</label>
				</control>
			</itemlayout>
			<focusedlayout height="150" width="150">
				<control type="image">
					<posx>5</posx>
					<posy>5</posy>
					<width>140</width>
					<height>140</height>
					<bordertexture border="2">img/ButtonFO.png</bordertexture>
					<bordersize>2</bordersize>
					<texture fallback="img/BlackDot.png" background="true">$INFO[ListItem.Icon]</texture>
					<aspectratio>scale</aspectratio>
					<fadetime>0</fadetime>
					<animation type="Focus" reversible="false">
						<effect type="zoom" start="98" end="112" time="330" easing="inout" center="auto"/>
					</animation>
				</control>
				<control type="label">
					<posy>134</posy>
					<posx>75</posx>
					<posy>0</posy>
					<width>120</width>
					<align>center</align>
					<font>XSmall</font>
					<scroll>false</scroll>
					<label fallback="24020">$INFO[ListItem.Label]</label>
				</control>
			</focusedlayout>
			<content>
				<item id="1">
					<thumb>$INFO[Skin.String(Addons_Shortcuts_Cover1)]</thumb>
					<label>$INFO[Skin.String(Addons_Shortcuts_Label1)]</label>
					<onclick>Skin.Reset(Addons_Shortcuts_Path1)</onclick>
					<onclick>Skin.Reset(Addons_Shortcuts_Cover1)</onclick>
					<onclick>Skin.Reset(Addons_Shortcuts_Label1)</onclick>
					<onclick>Skin.SetString(Favourites_Path,Addons_Shortcuts_Path1)</onclick>
					<onclick>Skin.SetString(Favourites_Thumb,Addons_Shortcuts_Cover1)</onclick>
					<onclick>Skin.SetString(Favourites_Name,Addons_Shortcuts_Label1)</onclick>
					<onclick>ActivateWindow(1114)</onclick>
					<onclick>Skin.SetImage(Addons_Shortcuts_Cover1)</onclick>
					<onclick>Skin.SetString(Addons_Shortcuts_Label1)</onclick>
				</item>
				<item id="2">
					<thumb>$INFO[Skin.String(Addons_Shortcuts_Cover2)]</thumb>
					<label>$INFO[Skin.String(Addons_Shortcuts_Label2)]</label>
					<onclick>Skin.Reset(Addons_Shortcuts_Path2)</onclick>
					<onclick>Skin.Reset(Addons_Shortcuts_Cover2)</onclick>
					<onclick>Skin.Reset(Addons_Shortcuts_Label2)</onclick>
					<onclick>Skin.SetString(Favourites_Path,Addons_Shortcuts_Path2)</onclick>
					<onclick>Skin.SetString(Favourites_Thumb,Addons_Shortcuts_Cover2)</onclick>
					<onclick>Skin.SetString(Favourites_Name,Addons_Shortcuts_Label2)</onclick>
					<onclick>ActivateWindow(1114)</onclick>
					<onclick>Skin.SetImage(Addons_Shortcuts_Cover2)</onclick>
					<onclick>Skin.SetString(Addons_Shortcuts_Label2)</onclick>
				</item>
				<item id="3">
					<thumb>$INFO[Skin.String(Addons_Shortcuts_Cover3)]</thumb>
					<label>$INFO[Skin.String(Addons_Shortcuts_Label3)]</label>
					<onclick>Skin.Reset(Addons_Shortcuts_Path3)</onclick>
					<onclick>Skin.Reset(Addons_Shortcuts_Cover3)</onclick>
					<onclick>Skin.Reset(Addons_Shortcuts_Label3)</onclick>
					<onclick>Skin.SetString(Favourites_Path,Addons_Shortcuts_Path3)</onclick>
					<onclick>Skin.SetString(Favourites_Thumb,Addons_Shortcuts_Cover3)</onclick>
					<onclick>Skin.SetString(Favourites_Name,Addons_Shortcuts_Label3)</onclick>
					<onclick>ActivateWindow(1114)</onclick>
					<onclick>Skin.SetImage(Addons_Shortcuts_Cover3)</onclick>
					<onclick>Skin.SetString(Addons_Shortcuts_Label3)</onclick>
				</item>
				<item id="4">
					<thumb>$INFO[Skin.String(Addons_Shortcuts_Cover4)]</thumb>
					<label>$INFO[Skin.String(Addons_Shortcuts_Label4)]</label>
					<onclick>Skin.Reset(Addons_Shortcuts_Path4)</onclick>
					<onclick>Skin.Reset(Addons_Shortcuts_Cover4)</onclick>
					<onclick>Skin.Reset(Addons_Shortcuts_Label4)</onclick>
					<onclick>Skin.SetString(Favourites_Path,Addons_Shortcuts_Path4)</onclick>
					<onclick>Skin.SetString(Favourites_Thumb,Addons_Shortcuts_Cover4)</onclick>
					<onclick>Skin.SetString(Favourites_Name,Addons_Shortcuts_Label4)</onclick>
					<onclick>ActivateWindow(1114)</onclick>
					<onclick>Skin.SetImage(Addons_Shortcuts_Cover4)</onclick>
					<onclick>Skin.SetString(Addons_Shortcuts_Label4)</onclick>
				</item>
				<item id="5">
					<thumb>$INFO[Skin.String(Addons_Shortcuts_Cover5)]</thumb>
					<label>$INFO[Skin.String(Addons_Shortcuts_Label5)]</label>
					<onclick>Skin.Reset(Addons_Shortcuts_Path5)</onclick>
					<onclick>Skin.Reset(Addons_Shortcuts_Cover5)</onclick>
					<onclick>Skin.Reset(Addons_Shortcuts_Label5)</onclick>
					<onclick>Skin.SetString(Favourites_Path,Addons_Shortcuts_Path5)</onclick>
					<onclick>Skin.SetString(Favourites_Thumb,Addons_Shortcuts_Cover5)</onclick>
					<onclick>Skin.SetString(Favourites_Name,Addons_Shortcuts_Label5)</onclick>
					<onclick>ActivateWindow(1114)</onclick>
					<onclick>Skin.SetImage(Addons_Shortcuts_Cover5)</onclick>
					<onclick>Skin.SetString(Addons_Shortcuts_Label5)</onclick>
				</item>
			</content>
		</control>
		<include>Debug_Grid</include>
	</controls>
</window>
