<window id="1501">
	<defaultcontrol always="true">9000</defaultcontrol>
	<allowoverlay>no</allowoverlay>
	<backgroundcolor>0</backgroundcolor>
	<controls>
		<include>GlobalBackground</include>
		<control type="label">
			<include>WindowID</include>
			<label>Settings.xml</label>
		</control>
		<control type="image" description="separator Top">
			<posy>75</posy>
			<posx>100</posx>
			<width>1080</width>
			<height>2</height>
			<texture>img/ButtonFO.png</texture>
			<aspectratio>stretch</aspectratio>
		</control>
		<control type="label" description="Heading">
			<posx>0</posx>
			<posy>25</posy>
			<align>center</align>
			<width>1280</width>
			<font>XLarge</font>
			<label>$LOCALIZE[20077] - $LOCALIZE[128]</label>
		</control>
		<control type="group" description="Group 9000">
			<visible>Control.IsVisible(9000)</visible>
			<posx>210</posx>
			<posy>70</posy>
			
			<control type="grouplist" id="9000">
				<posx>10</posx>
				<posy>25</posy>
				<width>860</width>
				<height>550</height>
				<onup>-</onup>
				<ondown>900</ondown>
				<onright>60</onright>
				<pagecontrol>60</pagecontrol>
				<scrolltime>220</scrolltime>
				<control type="radiobutton" id="1" description="Enable Debug Grid">
					<visible>false</visible>
					<width>850</width>
					<align>left</align>
					<label>Debug Grid</label>
					<texturenofocus>-</texturenofocus>
					<onclick>Skin.ToggleSetting(DebugGrid)</onclick>
					<onclick>XBMC.ReloadSkin()</onclick>
					<selected>Skin.HasSetting(DebugGrid)</selected>
				</control>
				<control type="radiobutton" id="2" description="Show Debug Info">
					<visible>false</visible>
					<width>850</width>
					<align>left</align>
					<label>Debug Info</label>
					<texturenofocus>-</texturenofocus>
					<onclick>Skin.ToggleSetting(DebugInfo)</onclick>
					<selected>Skin.HasSetting(DebugInfo)</selected>
				</control>
				<control type="radiobutton" id="3" description="Use Posters instead of banners">
					<width>850</width>
					<align>left</align>
					<label>31123</label>
					<texturenofocus>-</texturenofocus>
					<onclick>Skin.ToggleSetting(TVPosters)</onclick>
					<selected>Skin.HasSetting(TVPosters)</selected>
				</control>
				<control type="button" id="4" description="Lyrics">
					<width>850</width>
					<align>left</align>
					<label>$LOCALIZE[24020] $LOCALIZE[31132]</label>
					<label2>$INFO[Skin.String(LyricPath)]</label2>
					<texturenofocus>-</texturenofocus>
					<onclick>Skin.SetAddon(LyricPath,xbmc.python.lyrics)</onclick>
				</control>
				<control type="button" id="5" description="Subtitles">
					<width>850</width>
					<align>left</align>
					<label>$LOCALIZE[24020] $LOCALIZE[31133]</label>
					<label2>$INFO[Skin.String(SubtitleScript_Path)]</label2>
					<texturenofocus>-</texturenofocus>
					<onclick>Skin.SetAddon(SubtitleScript_Path,xbmc.python.subtitles)</onclick>
				</control>
				<control type="radiobutton" id="6" description="Clock only on Home">
					<width>850</width>
					<align>left</align>
					<label>31037</label>
					<texturenofocus>-</texturenofocus>
					<onclick>Skin.ToggleSetting(Clock_Always_On)</onclick>
					<selected>Skin.HasSetting(Clock_Always_On)</selected>
				</control>
				<control type="radiobutton" id="7" description="Clock only on Home">
					<width>850</width>
					<align>left</align>
					<label>31037</label>
					<texturenofocus>-</texturenofocus>
					<onclick>Skin.ToggleSetting(Clock_Always_On)</onclick>
					<selected>Skin.HasSetting(Clock_Always_On)</selected>
				</control>
				<control type="radiobutton" id="8" description="Enable Unwatched status">
					<width>850</width>
					<align>left</align>
					<label>31290</label>
					<texturenofocus>-</texturenofocus>
					<onclick>Skin.ToggleSetting(Show_Unwatched_Status)</onclick>
					<selected>Skin.HasSetting(Show_Unwatched_Status)</selected>
				</control>
				<!--<control type="radiobutton" id="9" description="PX support">
					<visible>System.HasAddon(plugin.video.plexbmc)</visible>
					<width>850</width>
					<align>left</align>
					<label>Enable PX Support</label>
					<texturenofocus>-</texturenofocus>
					<onclick>Skin.ToggleSetting(PX_Enabled)</onclick>
					<selected>Skin.HasSetting(PX_Enabled)</selected>
				</control>-->
				<control type="radiobutton" id="9" description="Enable Kiosk">
					<width>850</width>
					<align>left</align>
					<label>31287</label>
					<texturenofocus>-</texturenofocus>
					<onclick>Skin.ToggleSetting(KioskEnabled)</onclick>
					<selected>Skin.HasSetting(KioskEnabled)</selected>
				</control>
				<control type="radiobutton" id="10" description="Hide Favourites">
					<visible>Skin.HasSetting(KioskEnabled)</visible>
					<width>850</width>
					<align>left</align>
					<label> - $LOCALIZE[31111] $LOCALIZE[1036]</label>
					<texturenofocus>-</texturenofocus>
					<onclick>Skin.ToggleSetting(HideFavourites)</onclick>
					<selected>Skin.HasSetting(HideFavourites)</selected>
				</control>
				<control type="radiobutton" id="11" description="Hide Scrollbar">
					<visible>Skin.HasSetting(KioskEnabled)</visible>
					<width>850</width>
					<align>left</align>
					<label> - $LOCALIZE[21383]</label>
					<onclick>Skin.ToggleSetting(HideScrollbar)</onclick>
					<selected>!Skin.HasSetting(HideScrollbar)</selected>
				</control>
				<control type="radiobutton" id="12" description="Hide OSD ex">
					<visible>Skin.HasSetting(KioskEnabled)</visible>
					<width>850</width>
					<align>left</align>
					<label> - $LOCALIZE[31111] $LOCALIZE[31395]</label>
					<texturenofocus>-</texturenofocus>
					<onclick>Skin.ToggleSetting(HideOSD_Ex)</onclick>
					<selected>Skin.HasSetting(HideOSD_Ex)</selected>
				</control>
				<control type="radiobutton" id="13" description="PleXBMC">
					<width>850</width>
					<align>left</align>
					<label>Enable PleXBMC integration</label>
					<texturenofocus>-</texturenofocus>
					<onclick>Skin.ToggleSetting(plexbmcok)</onclick>
					<selected>Skin.HasSetting(plexbmcok)</selected>
				</control>
				
								
				
			</control>
		</control>
		
		<!--<control type="scrollbar" id="60">
			<posx>50r</posx>
			<posy>120</posy>
			<height>506</height>
			<width>18</width>
			<onleft>9000</onleft>
			<onright>-</onright>
			<animation type="Conditional" condition="!Control.HasFocus(60) + !Container.Scrolling">
				<effect type="fade" start="100" end="40" time="200" reversible="true" />
			</animation>
		</control>-->
		
		<include>Debug_Grid</include>
	</controls>
</window>
