<window id="1509">
	<defaultcontrol always="true">100</defaultcontrol>
	<allowoverlay>no</allowoverlay>
	<backgroundcolor>0</backgroundcolor>
	<controls>
		<include>GlobalBackground</include>
		<control type="label">
			<include>WindowID</include>
			<label>Settings.xml</label>
		</control>
		<control type="image" description="separator Top">
			<posy>75</posy>
			<posx>100</posx>
			<width>1080</width>
			<height>2</height>
			<texture>img/ButtonFO.png</texture>
			<aspectratio>stretch</aspectratio>
		</control>
		<control type="label" description="Heading">
			<posx>0</posx>
			<posy>25</posy>
			<align>center</align>
			<width>1280</width>
			<font>XLarge</font>
			<label>$LOCALIZE[20077] - $LOCALIZE[1034] XBMC</label>
		</control>
		<control type="image" description="Splitter">
			<posy>40</posy>
			<posx>0</posx>
			<height>128</height>
			<width>1280</width>
			<texture>img/HSplitter.png</texture>
		</control>
		<control type="image" description="Splitter">
			<posy>100</posy>
			<posx>340</posx>
			<height>600</height>
			<width>128</width>
			<texture>img/Splitter.png</texture>
		</control>
		<control type="list" id="100" description="Left Panel">
			<posx>60</posx>
			<posy>100</posy>
			<width>300</width>
			<height>660</height>
			<onup>100</onup>
			<ondown>100</ondown>
			<onleft>-</onleft>
			<onright>200</onright>
			<orientation>vertical</orientation>
			<pagecontrol>-</pagecontrol>
			<itemlayout height="50" width="300">
				<control type="label">
					<aligny>center</aligny>
					<posx>20</posx>
					<width>260</width>
					<label>$INFO[ListItem.Label]</label>
				</control>
			</itemlayout>
			<focusedlayout height="50" width="300">
				<control type="image">
					<posy>2</posy>
					<width>300</width>
					<height>50</height>
					<texture border="5">img/ButtonFO.png</texture>
					<animation effect="fade" start="100" end="60" condition="!Control.HasFocus(100)">Conditional</animation>
				</control>
				<control type="image">
					<posx>260</posx>
					<posy>6</posy>
					<width>38</width>
					<height>38</height>
					<texture>img/ArrowFO.png</texture>
					<animation effect="fade" end="95" condition="true">Conditional</animation>
					<animation effect="fade" start="100" end="60" condition="!Control.HasFocus(100)">Conditional</animation>
				</control>
				<control type="label">
					<aligny>center</aligny>
					<posx>20</posx>
					<width>260</width>
					<label>$INFO[ListItem.Label]</label>
				</control>
			</focusedlayout>
			<content>
				<item id="1" description="Submenu">
					<label>1034</label>
					<texturenofocus>-</texturenofocus>
					<onclick>-</onclick>
				</item>
				<item id="2" description="Shortcuts">
					<label>111</label>
					<texturenofocus>-</texturenofocus>
					<onclick>-</onclick>
				</item>
				
			</content>
		</control>
		<control type="grouplist" id="200" description="XBMC">
			<visible>Container(100).HasFocus(1)</visible>
			<posx>430</posx>
			<posy>100</posy>
			<width>750</width>
			<height>660</height>
			<itemgap>0</itemgap>
			<onup>200</onup>
			<ondown>200</ondown>
			<onleft>100</onleft>
			<onright>-</onright>
			<aligny>top</aligny>
			<orientation>vertical</orientation>
			<control type="radiobutton" id="1101">
				<width>750</width>
				<align>left</align>
				<label>10003</label>
				<texturenofocus>-</texturenofocus>
				<onclick>Skin.ToggleSetting(FileMan)</onclick>
				<selected>Skin.HasSetting(FileMan)</selected>
			</control>
			<control type="radiobutton" id="1102">
				<width>750</width>
				<align>left</align>
				<label>1036</label>
				<texturenofocus>-</texturenofocus>
				<onclick>Skin.ToggleSetting(FavsHide)</onclick>
				<selected>!Skin.HasSetting(FavsHide)</selected>
			</control>
			<control type="label" id="1103">
			<width>750</width>
				<align>center</align>
					<label>[B]$LOCALIZE[13012] $LOCALIZE[33061][/B]</label>		
				</control>
			<control type="radiobutton" id="1104">
				<width>750</width>
				<align>left</align>
				<label> - $LOCALIZE[13009]</label>
				<texturenofocus>-</texturenofocus>
				<onclick>Skin.ToggleSetting(Quit_Hide)</onclick>
				<selected>!Skin.HasSetting(Quit_Hide)</selected>
			</control>
			<control type="radiobutton" id="1105">
				<width>750</width>
				<align>left</align>
				<label> - $LOCALIZE[13005]</label>
				<texturenofocus>-</texturenofocus>
				<onclick>Skin.ToggleSetting(Shutdown_Hide)</onclick>
				<selected>!Skin.HasSetting(Shutdown_Hide)</selected>
			</control>
			<control type="radiobutton" id="1106">
				<width>750</width>
				<align>left</align>
				<label> - $LOCALIZE[13011]</label>
				<texturenofocus>-</texturenofocus>
				<onclick>Skin.ToggleSetting(Suspend_Hide)</onclick>
				<selected>!Skin.HasSetting(Suspend_Hide)</selected>
			</control>
			<control type="radiobutton" id="1107">
				<width>750</width>
				<align>left</align>
				<label> - $LOCALIZE[13013]</label>
				<texturenofocus>-</texturenofocus>
				<onclick>Skin.ToggleSetting(Reboot_Hide)</onclick>
				<selected>!Skin.HasSetting(Reboot_Hide)</selected>
			</control>
		</control>
		<control type="grouplist" id="200" description="XBMC">
			<visible>Container(100).HasFocus(2)</visible>
			<posx>430</posx>
			<posy>100</posy>
			<width>750</width>
			<height>660</height>
			<itemgap>0</itemgap>
			<onup>-</onup>
			<ondown>9000</ondown>
			<onleft>100</onleft>
			<onright>-</onright>
			<aligny>top</aligny>
			<orientation>vertical</orientation>
			<control type="radiobutton" id="203">
				<width>750</width>
				<align>left</align>
				<label>$LOCALIZE[636]</label>
				<texturenofocus>-</texturenofocus>
				<onclick>Skin.ToggleSetting(XBMC_Custom_Shortcuts)</onclick>
				<selected>Skin.HasSetting(XBMC_Custom_Shortcuts)</selected>
			</control>
		</control>
		<control type="panel" id="9000" description="Icons">
			<visible>Container(100).HasFocus(2) + Skin.HasSetting(XBMC_Custom_Shortcuts)</visible>
			<posx>430</posx>
			<posy>280</posy>
			<onleft>100</onleft>
			<onright>60</onright>
			<onup>200</onup>
			<posx>0</posx>
			<posy>150</posy>
			<width>750</width>
			<height>570</height>
			<scrolltime>240</scrolltime>
			<pagecontrol>60</pagecontrol>
			<orientation>vertical</orientation>
			<itemlayout height="150" width="150">
				<control type="image">
					<posx>5</posx>
					<posy>5</posy>
					<width>140</width>
					<height>140</height>
					<bordertexture border="2">img/ButtonFO.png</bordertexture>
					<bordersize>2</bordersize>
					<texture fallback="img/BlackDot.png" background="true">$INFO[ListItem.Icon]</texture>
					<aspectratio>scale</aspectratio>
					<fadetime>0</fadetime>
				</control>
				<control type="label">
					<posy>134</posy>
					<posx>75</posx>
					<posy>0</posy>
					<width>120</width>
					<align>center</align>
					<font>XSmall</font>
					<scroll>false</scroll>
					<label fallback="24020">$INFO[ListItem.Label]</label>
				</control>
			</itemlayout>
			<focusedlayout height="150" width="150">
				<control type="image">
					<posx>5</posx>
					<posy>5</posy>
					<width>140</width>
					<height>140</height>
					<bordertexture border="2">img/ButtonFO.png</bordertexture>
					<bordersize>2</bordersize>
					<texture fallback="img/BlackDot.png" background="true">$INFO[ListItem.Icon]</texture>
					<aspectratio>scale</aspectratio>
					<fadetime>0</fadetime>
					<animation type="Focus" reversible="false">
						<effect type="zoom" start="98" end="112" time="330" easing="inout" center="auto"/>
					</animation>
				</control>
				<control type="label">
					<posy>134</posy>
					<posx>75</posx>
					<posy>0</posy>
					<width>120</width>
					<align>center</align>
					<font>XSmall</font>
					<scroll>false</scroll>
					<label fallback="24020">$INFO[ListItem.Label]</label>
				</control>
			</focusedlayout>
			<content>
				<item id="1">
					<thumb>$INFO[Skin.String(XBMC_Shortcuts_Cover1)]</thumb>
					<label>$INFO[Skin.String(XBMC_Shortcuts_Label1)]</label>
					<onclick>Skin.Reset(XBMC_Shortcuts_Path1)</onclick>
					<onclick>Skin.Reset(XBMC_Shortcuts_Cover1)</onclick>
					<onclick>Skin.Reset(XBMC_Shortcuts_Label1)</onclick>
					<onclick>Skin.SetString(Favourites_Path,XBMC_Shortcuts_Path1)</onclick>
					<onclick>Skin.SetString(Favourites_Thumb,XBMC_Shortcuts_Cover1)</onclick>
					<onclick>Skin.SetString(Favourites_Name,XBMC_Shortcuts_Label1)</onclick>
					<onclick>ActivateWindow(1114)</onclick>
					<onclick>Skin.SetImage(XBMC_Shortcuts_Cover1)</onclick>
					<onclick>Skin.SetString(XBMC_Shortcuts_Label1)</onclick>
				</item>
				<item id="2">
					<thumb>$INFO[Skin.String(XBMC_Shortcuts_Cover2)]</thumb>
					<label>$INFO[Skin.String(XBMC_Shortcuts_Label2)]</label>
					<onclick>Skin.Reset(XBMC_Shortcuts_Path2)</onclick>
					<onclick>Skin.Reset(XBMC_Shortcuts_Cover2)</onclick>
					<onclick>Skin.Reset(XBMC_Shortcuts_Label2)</onclick>
					<onclick>Skin.SetString(Favourites_Path,XBMC_Shortcuts_Path2)</onclick>
					<onclick>Skin.SetString(Favourites_Thumb,XBMC_Shortcuts_Cover2)</onclick>
					<onclick>Skin.SetString(Favourites_Name,XBMC_Shortcuts_Label2)</onclick>
					<onclick>ActivateWindow(1114)</onclick>
					<onclick>Skin.SetImage(XBMC_Shortcuts_Cover2)</onclick>
					<onclick>Skin.SetString(XBMC_Shortcuts_Label2)</onclick>
				</item>
				<item id="3">
					<thumb>$INFO[Skin.String(XBMC_Shortcuts_Cover3)]</thumb>
					<label>$INFO[Skin.String(XBMC_Shortcuts_Label3)]</label>
					<onclick>Skin.Reset(XBMC_Shortcuts_Path3)</onclick>
					<onclick>Skin.Reset(XBMC_Shortcuts_Cover3)</onclick>
					<onclick>Skin.Reset(XBMC_Shortcuts_Label3)</onclick>
					<onclick>Skin.SetString(Favourites_Path,XBMC_Shortcuts_Path3)</onclick>
					<onclick>Skin.SetString(Favourites_Thumb,XBMC_Shortcuts_Cover3)</onclick>
					<onclick>Skin.SetString(Favourites_Name,XBMC_Shortcuts_Label3)</onclick>
					<onclick>ActivateWindow(1114)</onclick>
					<onclick>Skin.SetImage(XBMC_Shortcuts_Cover3)</onclick>
					<onclick>Skin.SetString(XBMC_Shortcuts_Label3)</onclick>
				</item>
				<item id="4">
					<thumb>$INFO[Skin.String(XBMC_Shortcuts_Cover4)]</thumb>
					<label>$INFO[Skin.String(XBMC_Shortcuts_Label4)]</label>
					<onclick>Skin.Reset(XBMC_Shortcuts_Path4)</onclick>
					<onclick>Skin.Reset(XBMC_Shortcuts_Cover4)</onclick>
					<onclick>Skin.Reset(XBMC_Shortcuts_Label4)</onclick>
					<onclick>Skin.SetString(Favourites_Path,XBMC_Shortcuts_Path4)</onclick>
					<onclick>Skin.SetString(Favourites_Thumb,XBMC_Shortcuts_Cover4)</onclick>
					<onclick>Skin.SetString(Favourites_Name,XBMC_Shortcuts_Label4)</onclick>
					<onclick>ActivateWindow(1114)</onclick>
					<onclick>Skin.SetImage(XBMC_Shortcuts_Cover4)</onclick>
					<onclick>Skin.SetString(XBMC_Shortcuts_Label4)</onclick>
				</item>
				<!--<item id="5">
					<thumb>$INFO[Skin.String(XBMC_Shortcuts_Cover5)]</thumb>
					<label>$INFO[Skin.String(XBMC_Shortcuts_Label5)]</label>
					<onclick>Skin.Reset(XBMC_Shortcuts_Path5)</onclick>
					<onclick>Skin.Reset(XBMC_Shortcuts_Cover5)</onclick>
					<onclick>Skin.Reset(XBMC_Shortcuts_Label5)</onclick>
					<onclick>Skin.SetString(Favourites_Path,XBMC_Shortcuts_Path5)</onclick>
					<onclick>Skin.SetString(Favourites_Thumb,XBMC_Shortcuts_Cover5)</onclick>
					<onclick>Skin.SetString(Favourites_Name,XBMC_Shortcuts_Label5)</onclick>
					<onclick>ActivateWindow(1114)</onclick>
					<onclick>Skin.SetImage(XBMC_Shortcuts_Cover5)</onclick>
					<onclick>Skin.SetString(XBMC_Shortcuts_Label5)</onclick>
				</item>-->
			</content>
		</control>
		
		<!--<control type="group" description="Group 9000">
			<visible>Control.IsVisible(9000)</visible>
			<posx>260</posx>
			<posy>100</posy>
			<control type="grouplist" id="9000">
				<posx>10</posx>
				<posy>25</posy>
				<width>760</width>
				<height>550</height>
				<onup>-</onup>
				<ondown>900</ondown>
				<onright>60</onright>
				<pagecontrol>60</pagecontrol>
				<scrolltime>220</scrolltime>
				<control type="radiobutton" id="1101">
					<width>750</width>
					<align>left</align>
					<label>10003</label>
					<texturenofocus>-</texturenofocus>
					<onclick>Skin.ToggleSetting(FileMan)</onclick>
					<selected>Skin.HasSetting(FileMan)</selected>
				</control>
				<control type="radiobutton" id="1102">
					<width>750</width>
					<align>left</align>
					<label>1036</label>
					<texturenofocus>-</texturenofocus>
					<onclick>Skin.ToggleSetting(FavsHide)</onclick>
					<selected>!Skin.HasSetting(FavsHide)</selected>
				</control>
				<control type="radiobutton" id="1103">
					<width>750</width>
					<align>left</align>
					<label>13009</label>
					<texturenofocus>-</texturenofocus>
					<onclick>Skin.ToggleSetting(XbmcQuit)</onclick>
					<selected>!Skin.HasSetting(XbmcQuit)</selected>
				</control>
				<control type="radiobutton" id="1104">
					<width>750</width>
					<align>left</align>
					<label>13005</label>
					<texturenofocus>-</texturenofocus>
					<onclick>Skin.ToggleSetting(XbmcShutdown)</onclick>
					<selected>Skin.HasSetting(XbmcShutdown)</selected>
				</control>
				<control type="radiobutton" id="1105">
					<width>750</width>
					<align>left</align>
					<label>13011</label>
					<texturenofocus>-</texturenofocus>
					<onclick>Skin.ToggleSetting(XbmcSuspend)</onclick>
					<selected>Skin.HasSetting(XbmcSuspend)</selected>
				</control>
				<control type="radiobutton" id="1106">
					<width>750</width>
					<align>left</align>
					<label>13013</label>
					<texturenofocus>-</texturenofocus>
					<onclick>Skin.ToggleSetting(XbmcReboot)</onclick>
					<selected>Skin.HasSetting(XbmcReboot)</selected>
				</control>
			</control>
		</control>-->
		<include>Debug_Grid</include>
	</controls>
</window>
