﻿<window id="128">
	<defaultcontrol always="true">10</defaultcontrol>
	<allowoverlay>no</allowoverlay>
	<backgroundcolor>0</backgroundcolor>
	<controls>

	
		<include>GlobalBackground</include>

		<control type="group">
			<posx>340</posx>
			<posy>160</posy>

			<!--<control type="image">
				<posx>-20</posx>
				<posy>-20</posy>
				<width>640</width>
				<height>456</height>
				<texture border="22">img/Menu.png</texture>
			</control>-->

			<control type="label">
				<posy>-80</posy>
				<include>DialogID</include>
				<label>DialogNetworkSetup.xml</label>
			</control>

			<control type="label" id="2" description="Heading">
				<posx>-340</posx>
				<posy>-50</posy>
				<width>1280</width>
				<font>XLarge</font>
				<label>1007</label>
				<align>center</align>
			</control>
			<control type="image" description="Splitter">
				<posx>-60</posx>
				<posy>-20</posy>
				<height>128</height>
				<width>720</width>
				<texture>img/HSplitter.png</texture>
			</control>
			<control type="image" description="Splitter">
				<posx>-60</posx>
				<posy>300</posy>
				<height>128</height>
				<width>720</width>
				<texture flipy="true">img/HSplitter.png</texture>
			</control>
			<control type="spincontrolex" id="10">
				<description>Protocol</description>
				<posx>10</posx>
				<posy>60</posy>
				<width>580</width>
				<label>1008</label>
				<onup>18</onup>
				<ondown>11</ondown>
				<onleft>10</onleft>
				<onright>10</onright>
			</control>

			<control type="button" id="11">
				<description>Server Address</description>
				<posx>10</posx>
				<posy>106</posy>
				<width>400</width>
				<align>left</align>
				<label>-</label>
				<textoffsetx>20</textoffsetx>
				<onup>10</onup>
				<onleft>12</onleft>
				<onright>12</onright>
				<ondown>16</ondown>
			</control>

			<control type="button" id="12">
				<description>Server Browse</description>
				<posx>440</posx>
				<posy>106</posy>
				<width>150</width>
				<label>1024</label>
				<onup>10</onup>
				<onleft>11</onleft>
				<onright>11</onright>
				<ondown>16</ondown>
			</control>

			<control type="button" id="16">
				<description>Remote</description>
				<posx>10</posx>
				<posy>152</posy>
				<width>580</width>
				<label>-</label>
				<onup>11</onup>
				<onleft>16</onleft>
				<onright>16</onright>
				<ondown>13</ondown>
			</control>

			<control type="button" id="13">
				<description>Port</description>
				<posx>10</posx>
				<posy>198</posy>
				<width>580</width>
				<label>1013</label>
				<onup>16</onup>
				<onleft>13</onleft>
				<onright>13</onright>
				<ondown>14</ondown>
			</control>

			<control type="button" id="14">
				<description>Username</description>
				<posx>10</posx>
				<posy>244</posy>
				<width>580</width>
				<align>left</align>
				<label>1014</label>
				<onup>13</onup>
				<onleft>14</onleft>
				<onright>14</onright>
				<ondown>15</ondown>
			</control>

			<control type="button" id="15">
				<description>password</description>
				<posx>10</posx>
				<posy>290</posy>
				<width>580</width>
				<align>left</align>
				<label>15052</label>
				<onup>14</onup>
				<onleft>15</onleft>
				<onright>15</onright>
				<ondown>18</ondown>
			</control>
			
			
			<control type="button" id="18">
				<description>Ok</description>
				<posx>60</posx>
				<posy>400</posy>
				<width>200</width>
				<label>186</label>
				<onup>15</onup>
				<onleft>19</onleft>
				<onright>19</onright>
				<ondown>10</ondown>
			</control>

			<control type="button" id="19">
				<description>Cancel</description>
				<posx>340</posx>
				<posy>400</posy>
				<width>200</width>
				<label>222</label>
				<onup>15</onup>
				<onleft>18</onleft>
				<onright>18</onright>
				<ondown>10</ondown>
			</control>

		</control>

		<include>Debug_Grid</include>

	</controls>

</window>