﻿<window id="2002">
	<type>dialog</type>
	<defaultcontrol always="true">10</defaultcontrol>
	<allowoverlay>no</allowoverlay>
	<backgroundcolor>0</backgroundcolor>
	<controls>

		
		<include>GlobalBackground</include>

		<control type="group">
			<posx>0</posx>
			<posy>220</posy>

			<control type="label">
				<posy>-40</posy>
				<include>DialogID</include>
				<label>DialogOk.xml</label>
			</control>

			<control type="label" id="1" description="Heading">
				<width>1280</width>
				<label>-</label>
				<font>XLarge</font>
				<shadowcolor>black</shadowcolor>
				<align>center</align>
			</control>

			<control type="label" id="2" description="Line 1">
				<posy>72</posy>
				<width>1280</width>
				<align>center</align>
				<label>-</label>
			</control>

			<control type="label" id="3" description="Line 2">
				<posy>104</posy>
				<width>1280</width>
				<align>center</align>
				<label>-</label>
			</control>

			<control type="label" id="4" description="Line 3">
				<posy>136</posy>
				<width>1280</width>
				<align>center</align>
				<label>-</label>
			</control>

			<control type="button" id="10" description="Ok">
				<posx>540</posx>
				<posy>200</posy>
				<width>200</width>
				<label>186</label>
				<onleft>10</onleft>
				<onright>10</onright>
				<onup>10</onup>
				<ondown>10</ondown>
			</control>

		</control>

		<include>Debug_Grid</include>

	</controls>

</window>