<window type="dialog" id="144">
	<backgroundcolor>0</backgroundcolor>
	<controls>

			<include>GlobalBackground</include>

		<control type="group">
			<posx>415</posx>
			<posy>225</posy>

			<control type="image">
				<posx>0</posx>
				<posy>0</posy>
				<width>450</width>
				<height>150</height>
				<texture border="22">img/Menu.png</texture>
			</control>

			<control type="label">
				<posx>10</posx>
				<posy>-30</posy>
				<include>DialogID</include>
				<label>DialogKaraokeSongSelectorLarge.xml</label>
			</control>

			<control type="label" id="1">
				<description>header label</description>
				<posx>20</posx>
				<posy>10</posy>
				<width>410</width>
				<font>Normal</font>
				<label>31321</label>
				<align>center</align>
			</control>

			<control type="label" id="401">
				<description>Song Number Label</description>
				<posx>20</posx>
				<posy>45</posy>
				<width>410</width>
				<align>center</align>
			</control>

			<control type="label" id="402">
				<description>Song Name Label</description>
				<posx>20</posx>
				<posy>85</posy>
				<width>410</width>
				<font>Normal</font>
				<align>center</align>
				<textcolor>Grey</textcolor>
				<scroll>true</scroll>
			</control>

		</control>

		<include>Debug_Grid</include>

	</controls>

</window>
