<window id="113">
	<defaultcontrol always="true">901</defaultcontrol>
	<allowoverlay>yes</allowoverlay>

	<controls>

		<control type="group">
			<posx>1100</posx>
			<posy>0</posy>

			<control type="label">
				<posx>48</posx>
				<posy>2</posy>
				<align>right</align>
				<include>DialogID</include>
				<label>DialogMuteBug.xml</label>
			</control>

			<control type="image" id="901">
				<description>Mute Image</description>
				<posx>0</posx>
				<posy>0</posy>
				<width>100</width>
				<height>100</height>
				<texture>OSD/icon-mute.png</texture>
			</control>
			<control type="label" description="Progress label">
					<posx>4</posx>
					<posy>4</posy>
					<width>92</width>
					<height>20</height>
					<align>center</align>
					<font>KAI</font>
					<textcolor>Red</textcolor>
					<info>Player.Volume</info>
				</control>
		</control>

		<include>Debug_Grid</include>

	</controls>

</window>