﻿<window type="dialog" id="101">
	
	<defaultcontrol always="true">10</defaultcontrol>
	<allowoverlay>no</allowoverlay>
	<backgroundcolor>0</backgroundcolor>
	<controls>

		<include>GlobalBackground</include>
		

		<control type="group">
			<posx>0</posx>
			<posy>140</posy>

			<control type="label">
				<posy>-40</posy>
				<include>DialogID</include>
				<label>DialogProgress.xml</label>
			</control>

			<control type="label" id="1" description="Heading">
				<posx>0</posx>
				<posy>100</posy>
				<width>1280</width>
				<label>-</label>
				<font>XLarge</font>
				<align>center</align>
			</control>
			
			<!--<control type="progress">
				<description>Progressbar</description>
				<posx>240</posx>
				<posy>160</posy>
				<width>800</width>
				<height>8</height>
				<info>System.Progressbar</info>
			</control>-->
			<control type="label" id="2" description="Line 1">
				<posx>0</posx>
				<posy>170</posy>
				<width>1280</width>
				<align>center</align>
				<label>-</label>
				<font>Small</font>
			</control>
			<control type="label" id="3" description="Line 2">
				<posx>0</posx>
				<posy>200</posy>
				<width>1280</width>
				<align>center</align>
				<label>-</label>
				<font>XSmall</font>
			</control>

			<control type="label" id="4" description="Line 3">
				<posx>0</posx>
				<posy>220</posy>
				<width>1280</width>
				<align>center</align>
				<label>-</label>
				<font>XSmall</font>
			</control>
			
			<control type="image" description="Splitter">
				<posx>320</posx>
				<posy>280</posy>
				<height>80</height>
				<width>600</width>
				<texture flipy="true">img/HSplitter.png</texture>
			</control>
				
			<control type="button" id="10" description="Cancel">
				<posx>565</posx>
				<posy>340</posy>
				<width>150</width>
				<label>222</label>
				<onleft>-</onleft>
				<onright>-</onright>
				<onup>-</onup>
				<ondown>-</ondown>
			</control>

		</control>

		<include>Debug_Grid</include>

	</controls>

</window>