<window type="dialog" id="143">
	<backgroundcolor>0</backgroundcolor>
	<controls>

		<include>GlobalBackground</include>

		<control type="group">
			<posx>100</posx>
			<posy>0</posy>

			<control type="label">
				<posx>20</posx>
				<posy>80</posy>
				<include>DialogID</include>
				<label>DialogKaraokeSongSelector.xml</label>
			</control>

			<control type="image">
				<posx>-20</posx>
				<posy>-30</posy>
				<width>400</width>
				<height>104</height>
				<texture border="22">img/Menu.png</texture>
			</control>

			<control type="label" id="401">
				<description>Song Number Label</description>
				<posy>2</posy>
				<width>340</width>
				<height>25</height>
				<font>XSmall</font>
			</control>

			<control type="label" id="402">
				<description>Song Name Label</description>
				<posy>28</posy>
				<width>340</width>
				<height>20</height>
				<font>Small</font>
				<textcolor>Grey</textcolor>
			</control>

		</control>

		<include>Debug_Grid</include>

	</controls>

</window>