<window id="147">
	<defaultcontrol>61</defaultcontrol>

	<controls>

		
		<control type="group">
			<visible>Window.IsActive(addoninformation)</visible>
			<posx>640</posx>
			<posy>50</posy>

			<control type="label">
				<include>DialogID</include>
				<label>DialogTextViewer.xml</label>
			</control>
			<control type="image">
				<posx>-20</posx>
				<posy>-20</posy>
				<width>640</width>
				<height>600</height>
				<texture border="2">img/Menu.png</texture>
			</control>
			<control type="group">
			<posx>-14</posx>
			<posy>-14</posy>
			<include>CloseButton</include>
			</control>
			<control type="label" id="1">
				<description>header label</description>
				<posx>40</posx>
				<posy>20</posy>
				<align>center</align>
				<width>500</width>
				<height>30</height>
			</control>

			<control type="textbox" id="5">
				<description>textarea</description>
				<posx>60</posx>
				<posy>80</posy>
				<width>480</width>
				<height>460</height>
				<font>XSmall</font>
				<align>justify</align>
				
				
			</control>

			<control type="scrollbar" id="61">
				<posx>580</posx>
				<posy>70</posy>
				<width>20</width>
				<height>460</height>
				<onleft>Close</onleft>
				<onright>Close</onright>
				<ondown>61</ondown>
				<onup>61</onup>
			</control>

		</control>
		
		<control type="group">
			<visible>!Window.IsActive(addoninformation)</visible>
			
			<include>GlobalOverlay</include>
			
			<posx>160</posx>
			<posy>55</posy>

			<control type="image">
				<posx>-20</posx>
				<posy>-20</posy>
				<width>1000</width>
				<height>650</height>
				<texture border="22">img/Menu.png</texture>
			</control>
			<control type="group">
			<posx>4</posx>
			<posy>4</posy>
			<include>BackButton</include>
			</control>
			<control type="label">
				<include>DialogID</include>
				<label>DialogTextViewer.xml</label>
			</control>

			<control type="label" id="1">
				<description>header label</description>
				<posx>10</posx>
				<posy>32</posy>
				<width>940</width>
				<height>30</height>
			</control>

			<control type="textbox" id="5">
				<description>textarea</description>
				<posx>10</posx>
				<posy>72</posy>
				<width>922</width>
				<height>516</height>
				<align>justify</align>
			</control>

			<control type="scrollbar" id="61">
				<posx>50r</posx>
				<posy>135</posy>
				<height>506</height>
				<width>18</width>
				<onleft>Close</onleft>
				<onright>Close</onright>
				<ondown>61</ondown>
				<onup>61</onup>
			</control>

		</control>

		<include>Debug_Grid</include>

	</controls>

</window>
