<window id="107">
	<type>dialog</type>
	<defaultcontrol always="true">402</defaultcontrol>
	<allowoverlay>no</allowoverlay>

	<controls>


		<control type="group">
			<posx>0</posx>
			<posy>0</posy>

			<control type="label">
				<posy>38</posy>
				<include>DialogID</include>
				<label>DialogKaiToast.xml</label>
			</control>

			<control type="group">
			<posx>150</posx>
			<posy>5</posy>

			<control type="image" id="400" description="File Icon">
				<posy>10</posy>
				<width>40</width>
				<height>40</height>
				<aspectratio>keep</aspectratio>
				<texture>DefaultIconInfo.png</texture>
			</control>
			<control type="image" id="403" description="Default Icon">
				<posy>10</posy>
				<width>40</width>
				<height>40</height>
				<aspectratio>keep</aspectratio>
				<visible>false</visible>
				<texture>DefaultIconInfo.png</texture>
			</control>
			<control type="image" id="404" description="Default Warning">
				<posy>10</posy>
				<width>40</width>
				<height>40</height>
				<aspectratio>keep</aspectratio>
				<visible>false</visible>
				<texture>DefaultIconWarning.png</texture>
			</control>
			<control type="image" id="405" description="Default Error">
				<posy>10</posy>
				<width>40</width>
				<height>40</height>
				<aspectratio>keep</aspectratio>
				<visible>false</visible>
				<texture>DefaultIconError.png</texture>
			</control>
			<control type="label" id="401" description="Heading">
				<posx>80</posx>
				<width>700</width>
				<height>30</height>
				<scroll>false</scroll>
				<font>KAI</font>
				<align>left</align>
				<label>-</label>
				<textcolor>Silver</textcolor>
				<scroll>true</scroll>
			</control>
			<control type="label" id="402" description="Message">
				<posx>80</posx>
				<posy>30</posy>
				<width>700</width>
				<height>30</height>
				<scroll>false</scroll>
				<font>KAI</font>
				<align>left</align>
				<label>-</label>
				<textcolor>Silver</textcolor>
				<scroll>true</scroll>
			</control>

			
			</control>
		</control>

		<include>Debug_Grid</include>

	</controls>

</window>