<window id="133">
	<defaultcontrol always="true">401</defaultcontrol>
	<allowoverlay>yes</allowoverlay>

	<controls>

		<control type="group">
		<animation condition="Window.IsActive(VideoFullScreen.xml) | Window.IsActive(VideoOSD.xml) | Window.IsActive(VideoOSDSettings.xml) | Window.IsActive(MusicVisualisation.xml) | Window.IsActive(DialogKaiToast.xml)" effect="fade" start="100" end="0" time="200" reversible="true">Conditional</animation>
		<animation condition="Window.IsActive(DialogMusicScan.xml)" effect="slide" start="0,0" end="0,40" time="200" reversible="true">Conditional</animation>
			<posx>0</posx>
			<posy>0</posy>

			<control type="label">
				<posy>38</posy>
				<include>DialogID</include>
				<label>DialogVideoScan.xml</label>
			</control>
			<control type="label" id="401" description="Heading">
				<posx>80</posx>
				<posy>0</posy>
				<width>350</width>
				<height>30</height>
				<font>KAI</font>
				<align>left</align>
				<textcolor>Silver</textcolor>
				<label>-</label>
			</control>
			<control type="label" id="402" description="Current Directory">
				<posx>430</posx>
				<posy>0</posy>
				<width>380</width>
				<height>30</height>
				<scroll>false</scroll>
				<font>KAI</font>
				<textcolor>Silver</textcolor>
				<align>left</align>
				<label>-</label>
			</control>
			<control type="progress" id="403" description="Progress">
				<posx>80</posx>
				<posy>30</posy>
				<width>350</width>
				<height>2</height>
				<align>right</align>
			</control>


			

		</control>

		<include>Debug_Grid</include>

	</controls>

</window>