<window id="129">
	<defaultcontrol always="true">11</defaultcontrol>
	<allowoverlay>no</allowoverlay>
	<backgroundcolor>0</backgroundcolor>
	<controls>
		<include>GlobalBackground</include>
		<control type="label">
			<include>DialogID</include>
			<label>DialogMediaSource.xml</label>
		</control>
		<control type="group" description="Right panel">
			<posx>340</posx>
			<posy>120</posy>
			<control type="label" id="2" description="Heading">
				<posx>-340</posx>
				<posy>-40</posy>
				<width>1280</width>
				<font>XLarge</font>
				<label>-</label>
				<align>center</align>
			</control>
			<control type="image" description="Splitter">
				<posx>-60</posx>
				<posy>-20</posy>
				<height>128</height>
				<width>720</width>
				<texture>img/HSplitter.png</texture>
			</control>
			<control type="image" description="Splitter">
				<posx>-60</posx>
				<posy>360</posy>
				<height>128</height>
				<width>720</width>
				<texture flipy="true">img/HSplitter.png</texture>
			</control>
			<control type="grouplist" id="9000">
				<posx>0</posx>
				<posy>95</posy>
				<width>620</width>
				<itemgap>2</itemgap>
				<orientation>horizontal</orientation>
				<onleft>9000</onleft>
				<onright>9000</onright>
				<ondown>10</ondown>
				<align>center</align>
				<control type="button" id="11" description="Browse">
					<width>200</width>
					<label>1024</label>
				</control>
				<control type="button" id="13" description="Add">
					<width>200</width>
					<label>15019</label>
				</control>
				<control type="button" id="14" description="Remove">
					<width>200</width>
					<label>1210</label>
				</control>
			</control>
			<control type="list" id="10">
				<posx>10</posx>
				<posy>160</posy>
				<width>620</width>
				<height>240</height>
				<onup>9000</onup>
				<onleft>-</onleft>
				<onright>-</onright>
				<ondown>12</ondown>
				<itemlayout height="46">
					<control type="image">
						<width>620</width>
						<height>46</height>
						<texture border="1">img/ButtonNF.png</texture>
					</control>
					<control type="label">
						<posx>20</posx>
						<width>400</width>
						<height>46</height>
						<info>ListItem.Label</info>
					</control>
				</itemlayout>
				<focusedlayout height="46">
					<control type="image">
						<width>620</width>
						<height>46</height>
						<texture border="1">img/ButtonFO.png</texture>
						<animation effect="fade" start="100" end="50" condition="!Control.HasFocus(10)">Conditional</animation>
					</control>
					<control type="label" description="Path label">
						<posx>20</posx>
						<aligny>center</aligny>
						<height>46</height>
						<width>400</width>
						<info>ListItem.Label</info>
					</control>
				</focusedlayout>
			</control>
			<control type="label" id="0" description="Source Name Label">
				<posx>10</posx>
				<posy>328</posy>
				<width>620</width>
				<label>1022</label>
			</control>
			<control type="button" id="12" description="Source Name Button Field">
				<posx>0</posx>
				<posy>378</posy>
				<label>-</label>
				<width>620</width>
				<align>left</align>
				<textoffsetx>20</textoffsetx>
				<onup>10</onup>
				<onleft>18</onleft>
				<onright>19</onright>
				<ondown>1800</ondown>
			</control>
			<control type="grouplist" id="1800">
				<posy>460</posy>
				<width>620</width>
				<onup>12</onup>
				<ondown>9000</ondown>
				<align>center</align>
				<orientation>horizontal</orientation>
				<control type="button" id="18" description="OK">
					<width>200</width>
					<label>186</label>
					<onleft>20</onleft>
					<onright>19</onright>
				</control>
				<control type="button" id="19" description="Cancel">
					<width>200</width>
					<label>222</label>
					<onleft>18</onleft>
					<onright>20</onright>
				</control>
			</control>
		</control>
		<include>Debug_Grid</include>
	</controls>
</window>
