<window type="dialog" id="142">
	<defaultcontrol always="true">603</defaultcontrol>
	<controls>

		<control type="group">

			<control type="label">
				<include>DialogID</include>
				<label>DialogFullscreenInfo.xml</label>
			</control>
			
			<control type="group">
			<posx>0</posx>
			<posy>0</posy>

				<control type="image">
					<posx>-10</posx>
					<posy>0</posy>
					<width>1300</width>
					<height>240</height>
					<texture flipy="true" border="0">img/Gradient.png</texture>
				</control>
				
				
			<control type="image">
				<posx>10</posx>
				<posy>10</posy>
				<width>150</width>
				<height>150</height>
				<aspectratio aligny="center">keep</aspectratio>
				<texture>$INFO[VideoPlayer.Cover]</texture>
			</control>
			<control type="label">
				<posx>200</posx>
				<posy>10</posy>
				<width>800</width>
				<label>[B]$INFO[VideoPlayer.Title][/B]        ([COLOR=Grey]$INFO[Player.Chapter,$LOCALIZE[21396] ]$INFO[Player.ChapterCount, / ])[/COLOR]</label>
				<scroll>true</scroll>
				<align>left</align>
				<font>Large</font>
				<visible>VideoPlayer.Content(Movies)</visible>
			</control>
			<control type="label">
				<posx>200</posx>
				<posy>10</posy>
				<width>800</width>
				<label>$INFO[VideoPlayer.TVShowTitle] - $INFO[VideoPlayer.Title] [COLOR=Grey]($INFO[VideoPlayer.Season] $INFO[VideoPlayer.Episode,x])[/COLOR]</label>
				<align>left</align>
				<font>Large</font>
				<visible>VideoPlayer.Content(Episodes)</visible>
			</control>
			<control type="textbox">
				<posx>200</posx>
				<posy>60</posy>
				<width>1060</width>
				<height>100</height>
				<label>$INFO[VideoPlayer.Plot]</label>
				<align>jistify</align>
				<font>Medium</font>
			</control>
			<control type="label">
				<posx>200</posx>
				<posy>10</posy>
				<width>800</width>
				<label>$INFO[VideoPlayer.Artist]$INFO[VideoPlayer.Album, - ]</label>
				<align>left</align>
				<font>Large</font>
				<visible>VideoPlayer.Content(MusicVideos)</visible>
			</control>
			<control type="label">
				<posx>24r</posx>
				<posy>10</posy>
				<width>300</width>
				<align>right</align>
				<font>Normal</font>
				<label>[B]$INFO[System.Time][/B]</label>	
			</control>
						
		
		</control>
</control>
		<include>Debug_Grid</include>

	</controls>

</window>