<window id="104">
	<defaultcontrol always="true">-</defaultcontrol>
	<allowoverlay>yes</allowoverlay>

	<controls>

		<control type="group">
			<posx>1100</posx>
			<posy>0</posy>

			<control type="label">
				<posy>18</posy>
				<include>DialogID</include>
				<label>DialogVolumeBar.xml</label>
			</control>

			<control type="group">
				<visible>!player.passthrough</visible>

				<control type="image" description="Lite Volume Logo">
					<posx>0</posx>
					<posy>0</posy>
					<width>100</width>
					<height>100</height>
					<aspectratio>keep</aspectratio>
					<texture>OSD/VolumeIcon.png</texture>
				</control>
				<control type="progress" id="1" description="Progress control">
					<posx>4</posx>
					<posy>80</posy>
					<width>92</width>
					<height>4</height>
					<texturebg>-</texturebg>
					<midtexture border="2">img/ProgressMid.png</midtexture>
					<info>Player.Volume</info>
				</control>
				<control type="label" description="Progress label">
					<posx>4</posx>
					<posy>4</posy>
					<width>92</width>
					<height>20</height>
					<align>center</align>
					<font>KAI</font>
					<textcolor>Silver</textcolor>
					<info>Player.Volume</info>
				</control>

			</control>

			<control type="group">
				<visible>player.passthrough</visible>

				<control type="image" description="Lite Volume Logo">
					<posx>0</posx>
					<posy>0</posy>
					<width>100</width>
					<height>100</height>
					<colordiffuse>Grey</colordiffuse>
					<aspectratio>keep</aspectratio>
					<texture>OSD/VolumeIcon.png</texture>
				</control>

				<control type="label" description="Passthrough Label">
					<posx>4</posx>
					<posy>4</posy>
					<width>92</width>
					<height>20</height>
					<align>center</align>
					<font>KAI</font>
					<textcolor>Silver</textcolor>
					<label>29802</label>
				</control>

			</control>

		</control>

		<include>Debug_Grid</include>

	</controls>

</window>