﻿<window id="100">
	<defaultcontrol always="true">10</defaultcontrol>
	<allowoverlay>yes</allowoverlay>
	<backgroundcolor>0</backgroundcolor>
	<controls>

		<include>GlobalBackground</include>

		<control type="group">
			<posx>0</posx>
			<posy>140</posy>

			<control type="label">
				<posy>-40</posy>
				<include>DialogID</include>
				<label>DialogYesNo.xml</label>
			</control>

			<control type="label" id="1" description="Heading">
				<posx>0</posx>
				<posy>100</posy>
				<width>1280</width>
				<label>-</label>
				<font>XLarge</font>
				<shadowcolor>black</shadowcolor>
				<align>center</align>
			</control>
			
			<control type="image" description="separator Top">
				<posy>155</posy>
				<posx>200</posx>
				<width>880</width>
				<height>2</height>
				<texture>img/ButtonFO.png</texture>
				<aspectratio>stretch</aspectratio>
			</control>

			<control type="label" id="2">
				<description>Line 1</description>
				<posx>0</posx>
				<posy>180</posy>
				<label>-</label>
				<width>1280</width>
				<align>center</align>
			</control>

			<control type="label" id="3">
				<description>Line 2</description>
				<posx>0</posx>
				<posy>220</posy>
				<label>-</label>
				<width>1280</width>
				<align>center</align>
			</control>

			<control type="label" id="4">
				<description>Line 3</description>
				<posx>0</posx>
				<posy>260</posy>
				<label>-</label>
				<width>1280</width>
				<align>center</align>
			</control>
	
			<control type="image" description="Splitter">
				<posx>320</posx>
				<posy>300</posy>
				<height>80</height>
				<width>600</width>
				<texture flipy="true">img/HSplitter.png</texture>
			</control>

			<control type="button" id="10">
				<description>No</description>
				<posx>440</posx>
				<posy>380</posy>
				<width>180</width>
				<label>106</label>
				<onleft>11</onleft>
				<onright>11</onright>
				<onup>10</onup>
				<ondown>10</ondown>
			</control>

			<control type="button" id="11">
				<description>Yes</description>
				<posx>660</posx>
				<posy>380</posy>
				<width>180</width>
				<label>107</label>
				<onleft>10</onleft>
				<onright>10</onright>
				<onup>11</onup>
				<ondown>11</ondown>
			</control>

		</control>

		<include>Debug_Grid</include>

	</controls>

</window>