<includes>
	<include name="VideoCodecflags">
		<control type="grouplist" description="Video resolutio Set">
			<width>505</width>
			<align>left</align>
			<orientation>horizontal</orientation>
			<control type="image" description="DVD">
				<visible>![substring(ListItem.Property(VideoResolution),1080) |substring(ListItem.Property(VideoResolution),720)]</visible>
				<width>80</width>
				<height>24</height>
				<aspectratio align="left">keep</aspectratio>
				<texture>flags/video/dvd.png</texture>
			</control>
			<control type="image" description="BR">
				<visible>[substring(ListItem.Property(VideoResolution),1080) | substring(ListItem.Property(VideoResolution),720)]</visible>
				<width>80</width>
				<height>28</height>
				<aspectratio align="left">keep</aspectratio>
				<texture>flags/video/bluray.png</texture>
			</control>
			<control type="image" description="Video resolution">
				<posx>80</posx>
				<width>70</width>
				<height>24</height>
				<align>left</align>
				<texture align="left">$INFO[ListItem.Property(VideoResolution),flags/video/,.png]</texture>
			</control>
		</control>
		<control type="grouplist" description="Offline Set">
			<visible>IsEmpty(ListItem.Property(VideoResolution) + IsEmpty(ListItem.Property(AudioChannels) + Container.Content(movies)</visible>
			<width>505</width>
			<align>left</align>
			<orientation>horizontal</orientation>
			<control type="label" description="Offline file name">
				<posx>0</posx>
				<width>505</width>
				<height>24</height>
				<align>left</align>
				<aligny>center</aligny>
				<font>XSmall</font>
				<textcolor>Grey</textcolor>
				<scroll>true</scroll>
				<info>ListItem.Filename</info>
			</control>
		</control>
	</include>
	<include name="AudioCodecflags">
		<control type="grouplist">
			<width>505</width>
			<align>right</align>
			<orientation>horizontal</orientation>
			<control type="image" description="Audio Channels Image">
				<width>60</width>
				<height>28</height>
				<aspectratio align="right">keep</aspectratio>
				<texture>$INFO[ListItem.Property(AudioChannels),flags/audio/,.png]</texture>
			</control>
			<control type="image" description="Audio Codec Image">
				<width>80</width>
				<height>28</height>
				<aspectratio align="right">keep</aspectratio>
				<texture>$INFO[ListItem.Property(AudioCodec),flags/audio/,.png]</texture>
			</control>
		</control>
	</include>
	<include name="AudioTypeHackflagsConditions">
		<control type="group">
			<control type="image">
				<description>MP3 Image</description>
				<width>90</width>
				<height>24</height>
				<aspectratio align="left">keep</aspectratio>
				<texture>flags/audio/mp3.png</texture>
				<visible>substring(ListItem.Filename,.mp3,right)</visible>
			</control>
			<control type="image">
				<description>WMA Image</description>
				<width>90</width>
				<height>24</height>
				<aspectratio align="left">keep</aspectratio>
				<texture>flags/audio/wma.png</texture>
				<visible>substring(ListItem.Filename,.wma,right)</visible>
			</control>
			<control type="image">
				<description>MPA Image</description>
				<width>90</width>
				<height>24</height>
				<aspectratio align="left">keep</aspectratio>
				<texture>flags/audio/mpa.png</texture>
				<visible>substring(ListItem.Filename,.mpa,right)</visible>
			</control>
			<control type="image">
				<description>AAC, MP4 and M4A Image</description>
				<width>90</width>
				<height>24</height>
				<aspectratio align="left">keep</aspectratio>
				<texture>flags/audio/aac.png</texture>
				<visible>substring(ListItem.Filename,.aac,right) | substring(ListItem.Filename,.m4a,right) | substring(ListItem.Filename,.mp4,right)</visible>
			</control>
			<control type="image">
				<description>flac Image</description>
				<width>90</width>
				<height>24</height>
				<aspectratio align="left">keep</aspectratio>
				<texture>flags/audio/flac.png</texture>
				<visible>substring(ListItem.Filename,.flac,right)</visible>
			</control>
			<control type="image">
				<description>APE Image</description>
				<width>90</width>
				<height>24</height>
				<aspectratio align="left">keep</aspectratio>
				<texture>flags/audio/ape.png</texture>
				<visible>substring(ListItem.Filename,.ape,right)</visible>
			</control>
			<control type="image">
				<description>OGG Image</description>
				<width>90</width>
				<height>24</height>
				<aspectratio align="left">keep</aspectratio>
				<texture>flags/audio/ogg.png</texture>
				<visible>substring(ListItem.Filename,.ogg,right)</visible>
			</control>
		</control>
	</include>
</includes>
