<includes>
    <include file="PlexHome.xml" />
    <include file="QuartzHome.xml" />
	<include file="Defaults.xml" />
	<include file="CommonViews.xml" />
	<include file="IncludeHome.xml"/>
	<include file="IncludeInfo.xml"/>
	<include file="IncludeFlags.xml"/>
	<include file="IncludeShortcuts.xml"/>
	<include file="View_50_List.xml"/>
	<include file="View_51.xml"/>
	<include file="View_52.xml"/>
	<include file="View_53.xml"/>
	<include file="View_54.xml"/>
	<include file="View_55.xml"/>
	<include name="CloseButton">
		<control type="button" id="13" description="Close">
		<visible>system.getbool(input.enablemouse)</visible>
			<onleft>13</onleft>
			<onright>13</onright>
			<onup>13</onup>
			<ondown>13</ondown>
			<width>40</width>
			<height>40</height>
			<align>left</align>
			<texturefocus>img/CloseFO.png</texturefocus>
			<texturenofocus>img/CloseNF.png</texturenofocus>
			<onclick>Close</onclick>
		</control>
	</include>
	<include name="BackButton">
		<control type="button" id="666" description="Back">
			<visible>system.getbool(input.enablemouse)</visible>
			<posx>0</posx>
			<posy>0</posy>
			<width>40</width>
			<height>40</height>
			<align>left</align>
			<texturefocus>img/BackFO.png</texturefocus>
			<texturenofocus>img/BackNF.png</texturenofocus>
			<onclick>PreviousMenu</onclick>
		</control>
	</include>
	<include name="HiddenButton">
		<posx>-20</posx>
		<posy>-20</posy>
		<width>1</width>
		<height>1</height>
		<label>-</label>
		<texturenofocus>-</texturenofocus>
		<texturefocus>-</texturefocus>
	</include>
	<include name="DialogID">
		<posx>10</posx>
		<posy>10</posy>
		<width>520</width>
		<height>14</height>
		<textcolor>Red</textcolor>
		<shadowcolor>Black</shadowcolor>
		<align>left</align>
		<visible>Skin.HasSetting(DebugInfo)</visible>
	</include>
	<include name="WindowID">
		<posx>10</posx>
		<posy>10</posy>
		<width>520</width>
		<height>14</height>
		<textcolor>Blue</textcolor>
		<shadowcolor>Black</shadowcolor>
		<align>left</align>
		<visible>Skin.HasSetting(DebugInfo)</visible>
	</include>
	<include name="Dimensions_Fullscreen">
		<posx>0</posx>
		<posy>0</posy>
		<width>1280</width>
		<height>720</height>
	</include>
	<include name="GlobalOverlay" description="Black full screen">
		<control type="image">
			<posx>0</posx>
			<posy>0</posy>
			<width>1280</width>
			<height>720</height>
			<texture>img/BlackDot.png</texture>
		</control>
	</include>
	<include name="Debug_Grid">
		<control type="image">
			<posx>0</posx>
			<posy>0</posy>
			<width>1280</width>
			<height>720</height>
			<texture>debuggrid720.png</texture>
			<visible>Skin.HasSetting(DebugGrid)</visible>
		</control>
	</include>
	<!--<include name="TopAndBottomSeparator">
		<control type="image" description="separator Top">
			<posy>70</posy>
			<posx>660</posx>
			<width>550</width>
			<height>2</height>
			<texture>img/OldButtonFO.png</texture>
			<aspectratio>stretch</aspectratio>
		</control>
		<control type="image" description="separator Bottom">
			<posy>670</posy>
			<posx>660</posx>
			<width>550</width>
			<height>2</height>
			<texture>img/OldButtonFO.png</texture>
			<aspectratio>stretch</aspectratio>
		</control>
	</include>-->
	<!--<include name="GlobalBackground">
		<control type="image" description="Background">
			<include>Dimensions_Fullscreen</include>
			<fadetime>0</fadetime>
			<aspectratio>stretch</aspectratio>
			<texture fallback="img/BlackDot.png" background="true">$INFO[Skin.String(Background)]</texture>
		</control>
		<control type="image" description="Background">
			<include>Dimensions_Fullscreen</include>
			<fadetime>0</fadetime>
			<aspectratio>stretch</aspectratio>
			<texture background="true">$INFO[Skin.String(Custom_Background)]</texture>
		</control>
		<control type="group" description="Fanart">
			<visible>!Skin.HasSetting(HideFanart)</visible>
			<control type="image" description="Background">
				<include>Dimensions_Fullscreen</include>
				<fadetime>0</fadetime>
				<aspectratio>stretch</aspectratio>
				<texture>img/BlackDot.png</texture>
			</control>
			<control type="image" description="Fanart50+51+52+53">
				<visible>![Control.IsVisible(54) | Control.IsVisible(55)]</visible>
				<visible>System.IdleTime(3) + [!ControlGroup(9000).HasFocus() + !Skin.HasSetting(HideFanart) + !IsEmpty(Listitem.Property(Fanart_Image))]</visible>
				<include>Dimensions_Fullscreen</include>
				<fadetime>0</fadetime>
				<aspectratio>scale</aspectratio>
				<texture background="true">$INFO[ListItem.Property(Fanart_Image)]</texture>
				<animation effect="fade" start="0" end="50" delay="500" time="800" easing="out">Visible</animation>
				<animation effect="fade" start="50" end="0" time="300">Hidden</animation>
			</control>
			<control type="image" description="Fanart54">
				<visible>Control.IsVisible(54)</visible>
				<visible>!IsEmpty(Listitem.Property(Fanart_Image))</visible>
				<include>Dimensions_Fullscreen</include>
				<fadetime>600</fadetime>
				<aspectratio>scale</aspectratio>
				<texture background="true">$INFO[ListItem.Property(Fanart_Image)]</texture>
				<animation effect="fade" start="0" end="94" time="400">Visible</animation>
				<animation effect="fade" start="94" end="0" time="200">Hidden</animation>
				<animation condition="ControlGroup(9000).HasFocus()" effect="fade" start="94" end="34" time="400" reversible="true">Conditional</animation>
			</control>
			<control type="image" description="Fanart">
				<visible>Control.IsVisible(55) + [!Skin.HasSetting(HideFanart) + !IsEmpty(Listitem.Property(Fanart_Image))]</visible>
				<include>Dimensions_Fullscreen</include>
				<fadetime>600</fadetime>
				<aspectratio>scale</aspectratio>
				<texture background="true">$INFO[ListItem.Property(Fanart_Image)]</texture>
				<animation condition="true" effect="fade" start="0" end="62" time="0">Conditional</animation>
				<animation effect="fade" start="62" end="0" time="200">Hidden</animation>
				<animation condition="ControlGroup(9000).HasFocus()" effect="fade" start="94" end="34" time="400" reversible="true">Conditional</animation>
			</control>
		</control>
		<control type="button" id="666" description="Back">
			<visible>![Window.IsActive(MyVideoNav.xml) | Window.IsActive(MyVideo.xml) | Window.IsActive(MyMusicNav.xml) | Window.IsActive(MyMusicSongs.xml)]</visible>
			<visible>system.getbool(input.enablemouse) + !Window.IsActive(home)</visible>
			<posx>16</posx>
			<posy>16</posy>
			<width>40</width>
			<height>40</height>
			<align>left</align>
			<texturefocus>img/BackFO.png</texturefocus>
			<texturenofocus>img/BackNF.png</texturenofocus>
			<onclick>PreviousMenu</onclick>
		</control>
		<control type="label" description="Clock">
			<visible>![Window.IsActive(MyVideoNav.xml) | Window.IsActive(MyVideo.xml) | Window.IsActive(MyMusicNav.xml) | Window.IsActive(MyMusicSongs.xml)]</visible>
			<visible>![Window.IsActive(home) + [Control.HasFocus(306) | Control.HasFocus(316)]]</visible>
			<visible>Skin.HasSetting(Clock_Always_On)</visible>
			<posx>20r</posx>
			<posy>4</posy>
			<width>900</width>
			<height>40</height>
			<align>right</align>
			<aligny>center</aligny>
			<font>XSmall</font>
			<textcolor>Grey</textcolor>
			<label>[B]$INFO[System.Time][/B]</label>
		</control>
		<control type="label" description="Clock">
			<visible>Window.IsActive(home) + [Control.HasFocus(306) | Control.HasFocus(316)]</visible>
			<posx>20r</posx>
			<posy>4</posy>
			<width>900</width>
			<height>40</height>
			<align>right</align>
			<aligny>center</aligny>
			<font>XSmall</font>
			<textcolor>Grey</textcolor>
			<label>$INFO[System.Date]   [B]$INFO[System.Time][/B]</label>
		</control>
	</include>-->
	<include name="GlobalBackground">
		<control type="image" description="Background">
			<include>Dimensions_Fullscreen</include>
			<fadetime>0</fadetime>
			<aspectratio>stretch</aspectratio>
			<texture fallback="img/BlackDot.png" background="true">$INFO[Skin.String(Background)]</texture>
		</control>
		<control type="image" description="Background">
			<include>Dimensions_Fullscreen</include>
			<fadetime>0</fadetime>
			<aspectratio>stretch</aspectratio>
			<texture background="true">$INFO[Skin.String(Custom_Background)]</texture>
		</control>
		<control type="button" id="666" description="Back">
			<visible>![Window.IsActive(MyVideoNav.xml) | Window.IsActive(MyVideo.xml) | Window.IsActive(MyMusicNav.xml) | Window.IsActive(MyMusicSongs.xml)]</visible>
			<visible>system.getbool(input.enablemouse) + !Window.IsActive(home)</visible>
			<posx>16</posx>
			<posy>16</posy>
			<width>40</width>
			<height>40</height>
			<align>left</align>
			<texturefocus>img/BackFO.png</texturefocus>
			<texturenofocus>img/BackNF.png</texturenofocus>
			<onclick>PreviousMenu</onclick>
		</control>
		<control type="label" description="Clock">
			<visible>![Window.IsActive(MyVideoNav.xml) | Window.IsActive(MyVideo.xml) | Window.IsActive(MyMusicNav.xml) | Window.IsActive(MyMusicSongs.xml)]</visible>
			<visible>![Window.IsActive(home) + [Control.HasFocus(306) | Control.HasFocus(316)]]</visible>
			<visible>Skin.HasSetting(Clock_Always_On)</visible>
			<posx>20r</posx>
			<posy>4</posy>
			<width>900</width>
			<height>40</height>
			<align>right</align>
			<aligny>center</aligny>
			<font>XSmall</font>
			<textcolor>Grey</textcolor>
			<label>[B]$INFO[System.Time][/B]</label>
		</control>
		<control type="label" description="Clock">
			<visible>Window.IsActive(home) + [Control.HasFocus(306) | Control.HasFocus(316)]</visible>
			<posx>20r</posx>
			<posy>4</posy>
			<width>900</width>
			<height>40</height>
			<align>right</align>
			<aligny>center</aligny>
			<font>XSmall</font>
			<textcolor>Grey</textcolor>
			<label>$INFO[System.Date]   [B]$INFO[System.Time][/B]</label>
		</control>
	</include>
	<include name="Fanart">
		<control type="group" description="Fanart">
			<control type="image" description="Fanart50+51+52+53">
				<visible>!Skin.HasSetting(HideFanart)</visible>
				<visible>![Control.IsVisible(51) | Control.IsVisible(54) | Control.IsVisible(55)]</visible>
				<visible>!ControlGroup(9000).HasFocus() + !Skin.HasSetting(HideFanart) + !IsEmpty(Listitem.Property(Fanart_Image))]</visible>
				<include>Dimensions_Fullscreen</include>
				<fadetime>300</fadetime>
				<aspectratio>stretch</aspectratio>
				<texture background="true">$INFO[ListItem.Property(Fanart_Image)]</texture>
			</control>
			<control type="image" description="Fanart 51">
				<visible>!Skin.HasSetting(HideFanart)</visible>
				<visible>Control.IsVisible(51) + System.IdleTime(3)</visible>
				<visible>!ControlGroup(9000).HasFocus() + !Skin.HasSetting(HideFanart) + !IsEmpty(Listitem.Property(Fanart_Image))]</visible>
				<include>Dimensions_Fullscreen</include>
				<fadetime>0</fadetime>
				<aspectratio>stretch</aspectratio>
				<texture background="true">$INFO[ListItem.Property(Fanart_Image)]</texture>
				<animation effect="fade" start="0" end="100" time="800" easing="out">Visible</animation>
				<animation effect="fade" start="100" end="0" time="300">Hidden</animation>
			</control>
			<control type="image" description="Fanart54">
				<visible>Control.IsVisible(54)</visible>
				<visible>!IsEmpty(Listitem.Property(Fanart_Image))</visible>
				<include>Dimensions_Fullscreen</include>
				<fadetime>300</fadetime>
				<aspectratio>scale</aspectratio>
				<texture background="true">$INFO[ListItem.Property(Fanart_Image)]</texture>
			</control>
			<control type="image" description="Fanart 55">
				<visible>Control.IsVisible(55) + !Skin.HasSetting(Info_Small_Fanart)</visible>
				<include>Dimensions_Fullscreen</include>
				<fadetime>300</fadetime>
				<aspectratio>scale</aspectratio>
				<texture fallback="img/BlackDot.png" background="true">$INFO[ListItem.Property(Fanart_Image)]</texture>
			</control>
			<control type="image" description="Background">
				<visible>![Control.IsVisible(51) | Control.IsVisible(54) | Control.IsVisible(55)]</visible>
				<visible>!ControlGroup(9000).HasFocus() + !Skin.HasSetting(HideFanart) + !IsEmpty(Listitem.Property(Fanart_Image))]</visible>
				<include>Dimensions_Fullscreen</include>
				<fadetime>0</fadetime>
				<aspectratio>stretch</aspectratio>
				<texture>img/BlackDotST.png</texture>
			</control>
			<control type="image" description="Background">
				<visible>Control.IsVisible(51) + System.IdleTime(2)</visible>
				<visible>!ControlGroup(9000).HasFocus() + !Skin.HasSetting(HideFanart) + !IsEmpty(Listitem.Property(Fanart_Image))]</visible>
				<include>Dimensions_Fullscreen</include>
				<fadetime>0</fadetime>
				<aspectratio>stretch</aspectratio>
				<texture>img/BlackDotST.png</texture>
				<animation effect="fade" start="0" end="100" delay="200" time="800" easing="out">Visible</animation>
				<animation effect="fade" start="100" end="0" time="300">Hidden</animation>
			</control>
		</control>
	</include>
	<include name="FanartCommons">
		<control type="button" id="666" description="Back">
			<visible>system.getbool(input.enablemouse)</visible>
			<posx>16</posx>
			<posy>16</posy>
			<width>40</width>
			<height>40</height>
			<align>left</align>
			<texturefocus>img/BackFO.png</texturefocus>
			<texturenofocus>img/BackNF.png</texturenofocus>
			<onclick>PreviousMenu</onclick>
		</control>
		<control type="label" description="Clock">
			<visible>Skin.HasSetting(Clock_Always_On)</visible>
			<posx>20r</posx>
			<posy>4</posy>
			<width>900</width>
			<height>40</height>
			<align>right</align>
			<aligny>center</aligny>
			<font>XSmall</font>
			<textcolor>Grey</textcolor>
			<label>[B]$INFO[System.Time][/B]</label>
		</control>
	</include>
	<include name="Headings">
		<control type="group" description="Headings">
			<posx>666</posx>
			<posy>20</posy>
			<control type="label" description="Heading">
				<visible>Container.Content(movies)</visible>
				<align>center</align>
				<width>540</width>
				<font>XLarge</font>
				<label>20342</label>
			</control>
			<control type="label" description="Heading">
				<visible>Container.Content(tvshows)</visible>
				<align>center</align>
				<width>540</width>
				<font>XLarge</font>
				<label>20343</label>
			</control>
			<control type="label" description="Heading">
				<visible>Container.Content(seasons)</visible>
				<align>center</align>
				<width>540</width>
				<font>XLarge</font>
				<label>33054</label>
			</control>
			<control type="label" description="Heading">
				<visible>Container.Content(episodes)</visible>
				<align>center</align>
				<width>540</width>
				<font>Large</font>
				<label>$INFO[ListItem.TVShowTitle]</label>
			</control>
			<control type="label" description="Heading">
				<visible>Container.Content(musicvideos)</visible>
				<align>center</align>
				<width>540</width>
				<font>XLarge</font>
				<label>20389</label>
			</control>
			<control type="label" description="Heading">
				<visible>Window.IsActive(videolibrary) + [!Container.Content(addons) + !Container.Content(musicvideos) + !Container.Content(movies) + !Container.Content(tvshows) + !Container.Content(seasons) + !Container.Content(episodes)+ !Container.Content(genres)]</visible>
				<align>center</align>
				<width>540</width>
				<font>XLarge</font>
				<label>14022</label>
			</control>
			<control type="label" description="Heading">
				<visible>Container.Content(albums)</visible>
				<align>center</align>
				<width>540</width>
				<font>XLarge</font>
				<label>$INFO[ListItem.Artist]</label>
			</control>
			<control type="label" description="Heading">
				<visible>Container.Content(songs)</visible>
				<align>center</align>
				<width>540</width>
				<font>XLarge</font>
				<label>$INFO[ListItem.Album]</label>
			</control>
			<control type="label" description="Heading">
				<visible>Container.Content(artists)</visible>
				<align>center</align>
				<width>540</width>
				<font>XLarge</font>
				<label>133</label>
			</control>
			<control type="label" description="Heading">
				<visible>Container.Content(genres)</visible>
				<align>center</align>
				<width>540</width>
				<font>XLarge</font>
				<label>135</label>
			</control>
			<control type="label" description="Heading">
				<visible>Window.IsActive(musiclibrary) + [!Container.Content(albums) + !Container.Content(songs) + !Container.Content(artists) + !Container.Content(genres) + !Container.Content(musicvideos)]</visible>
				<align>center</align>
				<width>540</width>
				<font>XLarge</font>
				<label>14022</label>
			</control>
			<control type="label" description="Heading">
				<visible>Window.IsActive(musicfiles) + [!Container.Content(albums) + !Container.Content(songs) + !Container.Content(artists) + !Container.Content(genres) + !Container.Content(musicvideos)]</visible>
				<align>center</align>
				<width>540</width>
				<font>Large</font>
				<label>$INFO[Container.FolderName]</label>
			</control>
			<control type="label" description="Heading">
				<visible>Window.IsActive(videofiles) + [!Container.Content(musicvideos) + !Container.Content(movies) + !Container.Content(tvshows) + !Container.Content(seasons) + !Container.Content(episodes)+ !Container.Content(genres)]</visible>
				<align>center</align>
				<width>540</width>
				<font>Large</font>
				<label>$INFO[Container.FolderName]</label>
			</control>
		</control>
	</include>
	<include name="BottomBar">
		<control type="group">
			<posy>-6</posy>
			<control type="image" description="Progress back">
				<posx>5</posx>
				<posy>39</posy>
				<width>1130</width>
				<height>31</height>
				<texture flipy="true" border="4">img/ProgressBack.png</texture>
			</control>
			<control type="group">
				<posx>-100</posx>
				<control type="image" description="Pause">
					<visible>Player.Paused</visible>
					<posx>136</posx>
					<posy>41</posy>
					<width>28</width>
					<height>28</height>
					<texture border="2">OSD/ProgressPause.png</texture>
				</control>
				<control type="image" description="FF 2">
					<visible>player.forwarding2x | player.forwarding4x | player.forwarding8x | player.forwarding16x | player.forwarding32x</visible>
					<posx>120</posx>
					<posy>41</posy>
					<width>28</width>
					<height>28</height>
					<texture border="2">OSD/ProgressPlay.png</texture>
				</control>
				<control type="image" description="Play">
					<visible>player.playing | player.forwarding2x | player.forwarding4x | player.forwarding8x | player.forwarding16x | player.forwarding32x</visible>
					<posx>136</posx>
					<posy>41</posy>
					<width>28</width>
					<height>28</height>
					<texture border="2">OSD/ProgressPlay.png</texture>
				</control>
				<control type="image" description="FF more">
					<visible>player.forwarding4x | player.forwarding8x | player.forwarding16x | player.forwarding32x</visible>
					<posx>152</posx>
					<posy>41</posy>
					<width>28</width>
					<height>28</height>
					<texture border="2">OSD/ProgressPlay.png</texture>
				</control>
				<control type="image" description="RW 2">
					<visible>player.rewinding2x | player.rewinding4x | player.rewinding8x | player.rewinding16x | player.rewinding32x</visible>
					<posx>152</posx>
					<posy>41</posy>
					<width>28</width>
					<height>28</height>
					<texture flipx="true" border="2">OSD/ProgressPlay.png</texture>
				</control>
				<control type="image" description="RW 2">
					<visible>player.rewinding2x | player.rewinding4x | player.rewinding8x | player.rewinding16x | player.rewinding32x</visible>
					<posx>136</posx>
					<posy>41</posy>
					<width>28</width>
					<height>28</height>
					<texture flipx="true" border="2">OSD/ProgressPlay.png</texture>
				</control>
				<control type="image" description="RW more">
					<visible>player.rewinding4x | player.rewinding8x | player.rewinding16x | player.rewinding32x</visible>
					<posx>120</posx>
					<posy>41</posy>
					<width>28</width>
					<height>28</height>
					<texture flipx="true" border="2">OSD/ProgressPlay.png</texture>
				</control>
			</control>
			<control type="label">
				<posx>100</posx>
				<posy>30</posy>
				<width>120</width>
				<label>$INFO[Player.Time]</label>
				<font>KAI</font>
			</control>
			<control type="progress" id="23">
				<description>Progress Bar</description>
				<posx>220</posx>
				<posy>50</posy>
				<width>670</width>
				<info>Player.Progress</info>
				<visible>true</visible>
			</control>
			<control type="slider" id="401">
				<description>Seekbar</description>
				<posx>220</posx>
				<posy>48</posy>
				<width>670</width>
				<height>10</height>
				<visible>Player.Seeking</visible>
			</control>
			<control type="group">
				<posx>920</posx>
				<posy>30</posy>
				<width>200</width>
				<orientation>horizontal</orientation>
				<align>left</align>
				<control type="label">
					<width>100</width>
					<label>$INFO[Player.Duration]</label>
					<font>KAI</font>
				</control>
				<control type="label" description="spacer">
					<width>1</width>
					<label></label>
					<font>RA</font>
				</control>
				<control type="label">
					<posx>190</posx>
					<align>right</align>
					<width>100</width>
					<font>RA</font>
					<textcolor>Grey</textcolor>
					<label>$INFO[Player.FinishTime]</label>
					<visible>!Player.Forwarding + !Player.Rewinding</visible>
				</control>
			</control>
		</control>
	</include>
	<include name="ButtonScroll">
		<!--<animation effect="slide" start="0,-29" end="0,0" time="200" reversible="false" easing="out" condition="Container.OnNext">focus</animation>
		<animation effect="slide" start="0,29" end="0,0" time="200" reversible="false" easing="out" condition="Container.OnPrevious">focus</animation>-->
		<animation effect="slide" start="0,30" end="0,0" time="200" reversible="false" tween="circle" easing="out" condition="Container.OnPrevious">focus</animation>
		<animation effect="slide" start="0,-30" end="0,0" time="200" reversible="false" tween="circle" easing="out" condition="Container.OnNext">focus</animation>
	</include>
	<include name="ListFade">
		<animation effect="fade" start="60" end="100" time="300" delay="0" reversible="false" condition="Container.OnPrevious">focus</animation>
		<animation effect="fade" start="60" end="100" time="300" delay="0" reversible="false" condition="Container.OnNext">focus</animation>
	</include>
</includes>
