<window id="131">
	<defaultcontrol always="true">5</defaultcontrol>
	<allowoverlay>yes</allowoverlay>	
	<backgroundcolor>0</backgroundcolor>
	<controls>
		<include>GlobalBackground</include>
		<include>TopAndBottomSeparator</include>
		<control type="label">
			<include>DialogID</include>
			<label>LockSettings.xml</label>
		</control>
		
		
		<control type="label" description="Header">
			<posx>660</posx>
			<posy>25</posy>
			<width>540</width>
			<align>center</align>
			<font>XLarge</font>
			<label>20043</label>
			<shadowcolor>black</shadowcolor>
		</control>
		<control type="group" description="9000">
			<posx>150</posx>
			<posy>120</posy>
			<control type="image" description="Splitter">
				<posy>-40</posy>
				<posx>300</posx>
				<height>540</height>
				<texture flipx="true">img/Splitter.png</texture>
			</control>
			<control type="image" description="Profile image">
				<posx>50</posx>
				<posy>120</posy>
				<width>300</width>
				<height>300</height>
				<bordertexture border="2">img/ButtonFO.png</bordertexture>
				<bordersize>2</bordersize>
				<texture>DefaultMusicArtists.png</texture>
				<aspectratio align="center" aligny="bottom">keep</aspectratio>
			</control>
		</control>
		<control type="group">
			<posx>660</posx>
			<posy>140</posy>
			<control type="image" description="Slider">
				<posx>0</posx>
				<posy>50</posy>
				<width>570</width>
				<height>50</height>
				<texture border="8">img/ButtonFO.png</texture>
				<aspectratio>stretch</aspectratio>
				<animation type="Conditional" condition="!ControlGroup(5).HasFocus()">
					<effect type="fade" start="100" end="0" time="100" reversible="true" />
				</animation>
				<animation condition="ControlGroup(5).HasFocus(30)" effect="slide" start="0,0" end="0,0"
					time="220" reversible="true">Conditional</animation>
				<animation condition="ControlGroup(5).HasFocus(32)" effect="slide" start="0,0" end="0,52"
					time="220" reversible="true">Conditional</animation>
				<animation condition="ControlGroup(5).HasFocus(33)" effect="slide" start="0,0" end="0,104"
					time="220" reversible="true">Conditional</animation>
				<animation condition="ControlGroup(5).HasFocus(34)" effect="slide" start="0,0" end="0,156"
					time="220" reversible="true">Conditional</animation>
				<animation condition="ControlGroup(5).HasFocus(35)" effect="slide" start="0,0" end="0,208"
					time="220" reversible="true">Conditional</animation>
				<animation condition="ControlGroup(5).HasFocus(36)" effect="slide" start="0,0" end="0,260"
					time="220" reversible="true">Conditional</animation>
				<animation condition="ControlGroup(5).HasFocus(37)" effect="slide" start="0,0" end="0,312"
					time="220" reversible="true">Conditional</animation>
				<animation condition="ControlGroup(5).HasFocus(38)" effect="slide" start="0,0" end="0,364"
					time="220" reversible="true">Conditional</animation>
			</control>
			<control type="grouplist" id="5">
				<description>Control Area</description>
				<posx>0</posx>
				<posy>50</posy>
				<width>560</width>
				<height>550</height>
				<itemgap>2</itemgap>
				<aligny>top</aligny>
				<orientation>vertical</orientation>
				<onleft>28</onleft>
				<onright>28</onright>
				<onup>28</onup>
				<ondown>28</ondown>
			</control>
			<control type="button" id="7">
				<height>50</height>
				<align>left</align>
				<texturefocus>-</texturefocus>
			</control>
			<control type="radiobutton" id="8">
				<height>50</height>
				<align>left</align>
				<texturefocus>-</texturefocus>
			</control>
			<control type="spincontrolex" id="9">
				<height>50</height>
				<align>left</align>
				<texturefocus>-</texturefocus>
			</control>
			<control type="button" id="28" description="OK">
				<posx>60</posx>
				<posy>50r</posy>
				<width>160</width>
				<label>186</label>
				<onleft>5</onleft>
				<onright>29</onright>
				<onup>5</onup>
				<ondown>5</ondown>
				<texturefocus>img/ButtonFO.png</texturefocus>
				<focusedcolor>Green</focusedcolor>
			</control>
			<control type="button" id="29" description="Cancel">
				<posx>320</posx>
				<posy>50r</posy>
				<width>160</width>
				<label>222</label>
				<onleft>28</onleft>
				<onright>5</onright>
				<onup>5</onup>
				<ondown>5</ondown>
				<texturefocus>img/ButtonFO.png</texturefocus>
				<focusedcolor>Red</focusedcolor>
			</control>
		</control>
		<include>Debug_Grid</include>
	</controls>
</window>
