﻿<window id="120">
	<defaultcontrol always="true">602</defaultcontrol>
	<controls>
		<control type="group">
			<posx>0</posx>
			<posy>505</posy>
			<control type="image">
					<posx>-10</posx>
					<posy>-24</posy>
					<width>1300</width>
					<height>140</height>
					<texture border="0">img/BlackDotST.png</texture>
				</control>
			<control type="label" description="Label Selected Control">
				<visible>![Control.HasFocus(600) | Control.HasFocus(601) | Control.HasFocus(602) | Control.HasFocus(603) | Control.HasFocus(604) | Control.HasFocus(605)]</visible>
				<posx>100r</posx>
				<posy>6</posy>
				<width>340</width>
				<align>right</align>
				<label>$INFO[System.CurrentControl]</label>
			</control>
			<control type="label">
				<posx>150</posx>
				<posy>80</posy>
				<include>DialogID</include>
				<label>MusicOSD.xml</label>
			</control>
			<!--101-->
			
			<control type="group" id="101">
				<posx>480</posx>
				<posy>-20</posy>
				<control type="button" id="600">
					<posx>0</posx>
					<posy>0</posy>
					<width>50</width>
					<height>50</height>
					<label>210</label>
					<font>-</font>
					<texturefocus>OSD/PrevTrackFO.png</texturefocus>
					<texturenofocus>OSD/PrevTrackNF.png</texturenofocus>
					<onleft>605</onleft>
					<onright>601</onright>
					<onup>100</onup>
					<ondown>100</ondown>
					<onclick>PlayerControl(Previous)</onclick>
				</control>
				<control type="button" id="601">
					<posx>50</posx>
					<posy>0</posy>
					<width>50</width>
					<height>50</height>
					<label>31354</label>
					<font>-</font>
					<texturefocus>OSD/RewindFO.png</texturefocus>
					<texturenofocus>OSD/RewindNF.png</texturenofocus>
					<onleft>600</onleft>
					<onright>602</onright>
					<onup>100</onup>
					<ondown>100</ondown>
					<onclick>PlayerControl(Rewind)</onclick>
				</control>
				<control type="togglebutton" id="602">
					<posx>110</posx>
					<posy>0</posy>
					<width>50</width>
					<height>50</height>
					<label>31351</label>
					<altlabel>208</altlabel>
					<font>-</font>
					<texturefocus>OSD/PauseFO.png</texturefocus>
					<texturenofocus>OSD/PauseNF.png</texturenofocus>
					<usealttexture>Player.Paused | Player.Forwarding | Player.Rewinding</usealttexture>
					<alttexturefocus>OSD/PlayFO.png</alttexturefocus>
					<alttexturenofocus>OSD/PlayNF.png</alttexturenofocus>
					<onleft>601</onleft>
					<onright>603</onright>
					<onup>100</onup>
					<ondown>100</ondown>
					<onclick>PlayerControl(Play)</onclick>
				</control>
				<control type="button" id="603">
					<posx>150</posx>
					<posy>0</posy>
					<width>50</width>
					<height>50</height>
					<label>31352</label>
					<font>-</font>
					<texturefocus>OSD/StopFO.png</texturefocus>
					<texturenofocus>OSD/StopNF.png</texturenofocus>
					<onleft>602</onleft>
					<onright>604</onright>
					<onup>100</onup>
					<ondown>100</ondown>
					<onclick>PlayerControl(Stop)</onclick>
				</control>
				<control type="button" id="604">
					<posx>200</posx>
					<posy>0</posy>
					<width>50</width>
					<height>50</height>
					<label>31353</label>
					<font>-</font>
					<texturefocus>OSD/ForwardFO.png</texturefocus>
					<texturenofocus>OSD/ForwardNF.png</texturenofocus>
					<onleft>603</onleft>
					<onright>605</onright>
					<onup>100</onup>
					<ondown>100</ondown>
					<onclick>PlayerControl(Forward)</onclick>
				</control>
				<control type="button" id="605">
					<posx>250</posx>
					<posy>0</posy>
					<width>50</width>
					<height>50</height>
					<label>209</label>
					<font>-</font>
					<texturefocus>OSD/NextTrackFO.png</texturefocus>
					<texturenofocus>OSD/NextTrackNF.png</texturenofocus>
					<onleft>604</onleft>
					<onright>600</onright>
					<onup>100</onup>
					<ondown>100</ondown>
					<onclick>PlayerControl(Next)</onclick>
				</control>
				
			</control>
			<control type="group" id="100">
				<visible>![Skin.HasSetting(KioskEnabled) + Skin.HasSetting(HideOSD_Ex)]</visible>
					<posx>410</posx>
					<posy>50</posy>
				<control type="button" id="1">
					<description>Repeat</description>
					<posx>0</posx>
					<posy>0</posy>
					<width>50</width>
					<height>50</height>
					<label>$LOCALIZE[486]$INFO[Playlist.Repeat, : ]</label>
					<font>-</font>
					<onleft>21</onleft>
					<onright>9</onright>
					<onup>101</onup>
					<ondown>101</ondown>
					<texturefocus>OSD/RepeatFO.png</texturefocus>
					<texturenofocus>OSD/RepeatNF.png</texturenofocus>
					<onclick>XBMC.PlayerControl(Repeat)</onclick>
				</control>
				<!--<control type="image" id="2">
					<posx>0</posx>
					<posy>0</posy>
					<width>50</width>
					<height>50</height>
					<texture>OSD/RepeatNF.png</texture>
					<visible>!Playlist.IsRepeat + !Playlist.IsRepeatOne</visible>
					<visible>!Control.HasFocus(1)</visible>
				</control>
				<control type="image" id="3">
					<posx>0</posx>
					<posy>0</posy>
					<width>50</width>
					<height>50</height>
					<texture>OSD/RepeatFO.png</texture>
					<visible>!Playlist.IsRepeat + !Playlist.IsRepeatOne</visible>
					<visible>Control.HasFocus(1)</visible>
				</control>-->
				<control type="image" id="4">
					<posx>0</posx>
					<posy>0</posy>
					<width>50</width>
					<height>50</height>
					<texture>OSD/RepeatOneNF.png</texture>
					<visible>Playlist.IsRepeatOne</visible>
					<visible>!Control.HasFocus(1)</visible>
				</control>
				<control type="image" id="5">
					<posx>0</posx>
					<posy>0</posy>
					<width>50</width>
					<height>50</height>
					<texture>OSD/RepeatOneFO.png</texture>
					<visible>Playlist.IsRepeatOne</visible>
					<visible>Control.HasFocus(1)</visible>
				</control>
				<control type="image" id="6">
					<posx>0</posx>
					<posy>0</posy>
					<width>50</width>
					<height>50</height>
					<texture>OSD/RepeatAllNF.png</texture>
					<visible>Playlist.IsRepeat</visible>
					<visible>!Control.HasFocus(1)</visible>
				</control>
				<control type="image" id="7">
					<posx>0</posx>
					<posy>0</posy>
					<width>50</width>
					<height>50</height>
					<texture>OSD/RepeatAllFO.png</texture>
					<visible>Playlist.IsRepeat</visible>
					<visible>Control.HasFocus(1)</visible>
				</control>
				<control type="button" id="9">
					<description>Lyrics</description>
					<visible>IsEmpty(Skin.String(LyricPath))</visible>
					<posx>50</posx>
					<posy>0</posy>
					<width>50</width>
					<height>50</height>
					<label>24013</label>
					<font>-</font>
					<onleft>1</onleft>
					<onright>10</onright>
					<onup>101</onup>
					<ondown>101</ondown>
					<texturefocus>OSD/LyricsFO.png</texturefocus>
					<texturenofocus>OSD/LyricsNF.png</texturenofocus>
					<onclick>Close</onclick>
					<onclick>XBMC.RunScript(script.cu.lyrics)</onclick>
				</control>
				<control type="button" id="9">
					<description>Lyrics</description>
					<visible>!IsEmpty(Skin.String(LyricPath))</visible>
					<posx>50</posx>
					<posy>0</posy>
					<width>50</width>
					<height>50</height>
					<label>24013</label>
					<font>-</font>
					<onleft>1</onleft>
					<onright>10</onright>
					<onup>101</onup>
					<ondown>101</ondown>
					<texturefocus>OSD/LyricsFO.png</texturefocus>
					<texturenofocus>OSD/LyricsNF.png</texturenofocus>
					<onclick>Close</onclick>
					<onclick>XBMC.RunScript($INFO[Skin.String(LyricPath)])</onclick>
				</control>
				<control type="button" id="10">
					<description>LastFM</description>
					<posx>100</posx>
					<posy>0</posy>
					<width>50</width>
					<height>50</height>
					<label>$LOCALIZE[15200] $LOCALIZE[33080]</label>
					<align>left</align>
					<font>-</font>
					<onleft>9</onleft>
					<onright>11</onright>
					<onup>101</onup>
					<ondown>101</ondown>
					<texturefocus>OSD/LastFMHateFO.png</texturefocus>
					<texturenofocus>OSD/LastFMHateNF.png</texturenofocus>
					<onclick>PlayerControl(Stop)</onclick>
					<onclick>XBMC.LastFM.Ban</onclick>
					<enable>LastFM.RadioPlaying</enable>
				</control>
				<control type="button" id="11">
					<description>LastFM</description>
					<posx>150</posx>
					<posy>0</posy>
					<width>50</width>
					<height>50</height>
					<label>$LOCALIZE[15200] $LOCALIZE[33079]</label>
					<font>-</font>
					<onleft>10</onleft>
					<onright>12</onright>
					<onup>101</onup>
					<ondown>101</ondown>
					<texturefocus>OSD/LastFMLoveFO.png</texturefocus>
					<texturenofocus>OSD/LastFMLoveNF.png</texturenofocus>
					<onclick>XBMC.LastFM.Love</onclick>
					<enable>LastFM.RadioPlaying</enable>
				</control>
				<control type="button" id="12">
					<description>Playlist</description>
					<posx>200</posx>
					<posy>0</posy>
					<width>50</width>
					<height>50</height>
					<label>10517</label>
					<font>-</font>
					<onleft>11</onleft>
					<onright>500</onright>
					<onup>101</onup>
					<ondown>101</ondown>
					<texturefocus>OSD/PlaylistFO.png</texturefocus>
					<texturenofocus>OSD/PlaylistNF.png</texturenofocus>
					<onclick>ActivateWindow(MusicPlaylist)</onclick>
				</control>
				<control type="button" id="500">
					<description>Visualisation</description>
					<posx>250</posx>
					<posy>0</posy>
					<width>50</width>
					<height>50</height>
					<label>12006</label>
					<font>-</font>
					<onleft>12</onleft>
					<onright>19</onright>
					<onup>101</onup>
					<ondown>101</ondown>
					<texturefocus>OSD/VizFO.png</texturefocus>
					<texturenofocus>OSD/VizNF.png</texturenofocus>
				</control>
				<control type="button" id="19">
					<description>Visualisation settings</description>
					<posx>300</posx>
					<posy>0</posy>
					<width>50</width>
					<height>50</height>
					<label>$LOCALIZE[250] $LOCALIZE[21417]</label>
					<font>-</font>
					<onleft>500</onleft>
					<onright>20</onright>
					<onup>101</onup>
					<ondown>101</ondown>
					<texturefocus>OSD/PresetSettingsFO.png</texturefocus>
					<texturenofocus>OSD/PresetSettingsNF.png</texturenofocus>
					<onclick>Addon.Default.OpenSettings(xbmc.player.musicviz)</onclick>
				</control>
				<control type="button" id="20">
					<description>Visualisation Presets</description>
					<posx>350</posx>
					<posy>0</posy>
					<width>50</width>
					<height>50</height>
					<label>31048</label>
					<font>-</font>
					<onleft>19</onleft>
					<onright>21</onright>
					<onup>101</onup>
					<ondown>101</ondown>
					<texturefocus>OSD/PreFO.png</texturefocus>
					<texturenofocus>OSD/PreNF.png</texturenofocus>
					<onclick>ActivateWindow(122)</onclick>
				</control>
				<control type="togglebutton" id="21">
					<posx>400</posx>
					<posy>0</posy>
					<description>Random</description>
					<width>50</width>
					<height>50</height>
					<label>$LOCALIZE[590]$INFO[Playlist.Random, : ]</label>
					<font>-</font>
					<onleft>20</onleft>
					<onright>1</onright>
					<onup>101</onup>
					<ondown>101</ondown>
					<texturefocus>OSD/RandomOffFO.png</texturefocus>
					<texturenofocus>OSD/RandomOffNF.png</texturenofocus>
					<usealttexture>Playlist.IsRandom</usealttexture>
					<alttexturefocus>OSD/RandomOnFO.png</alttexturefocus>
					<alttexturenofocus>OSD/RandomOnNF.png</alttexturenofocus>
					<onclick>XBMC.PlayerControl(Random)</onclick>
				</control>
			</control>
		</control>
		<include>Debug_Grid</include>
	</controls>
</window>
