<window id="503">
	<defaultcontrol allways="true">50</defaultcontrol>
	<allowoverlay>yes</allowoverlay>
	<backgroundcolor>0</backgroundcolor>
	<views>50</views>
	<controls>
		<include>GlobalBackground</include>
		<control type="label">
			<include>WindowID</include>
			<label>MyMusicPlaylistEditor.xml</label>
		</control>
		<control type="image" description="Splitter">
			<posx>318</posx>
			<posy>50</posy>
			<height>620</height>
			<texture flipx="true">img/Splitter.png</texture>
		</control>
		<control type="image" description="Splitter">
			<posx>705</posx>
			<posy>50</posy>
			<height>620</height>
			<texture>img/Splitter.png</texture>
		</control>
		<control type="group">
			<description>Left panel</description>
			<posx>30</posx>
			<posy>52</posy>
			<control type="label">
				<posx>10</posx>
				<posy>10</posy>
				<width>410</width>
				<height>30</height>
				<font>Small</font>
				<label>31058</label>
			</control>
			<control type="image" description="Slider 50">
				<visible>Control.IsVisible(50)</visible>
				<posx>40</posx>
				<posy>64</posy>
				<width>400</width>
				<height>50</height>
				<texture>img/ButtonFO.png</texture>
				<aspectratio>stretch</aspectratio>
				<animation condition="Control.HasFocus(100) | ControlGroup(9000).HasFocus()" effect="fade" start="100" end="40"
											time="180" reversible="true">Conditional</animation>
				<!--FADE-->
				<animation condition="Container(50).Position(0)" effect="slide" start="0,0" end="0,0"
											time="180" reversible="true">Conditional</animation>
				<animation condition="Container(50).Position(1)" effect="slide" start="0,0" end="0,40"
											time="180" reversible="true">Conditional</animation>
				<animation condition="Container(50).Position(2)" effect="slide" start="0,0" end="0,80"
											time="180" reversible="true">Conditional</animation>
				<animation condition="Container(50).Position(3)" effect="slide" start="0,0" end="0,120"
											time="180" reversible="true">Conditional</animation>
				<animation condition="Container(50).Position(4)" effect="slide" start="0,0" end="0,160"
											time="180" reversible="true">Conditional</animation>
				<animation condition="Container(50).Position(5)" effect="slide" start="0,0" end="0,200"
											time="180" reversible="true">Conditional</animation>
				<animation condition="Container(50).Position(6)" effect="slide" start="0,0" end="0,240"
											time="180" reversible="true">Conditional</animation>
				<animation condition="Container(50).Position(7)" effect="slide" start="0,0" end="0,280"
											time="180" reversible="true">Conditional</animation>
				<animation condition="Container(50).Position(8)" effect="slide" start="0,0" end="0,320"
											time="180" reversible="true">Conditional</animation>
				<animation condition="Container(50).Position(9)" effect="slide" start="0,0" end="0,360"
											time="180" reversible="true">Conditional</animation>
				<animation condition="Container(50).Position(10)" effect="slide" start="0,0" end="0,400"
											time="180" reversible="true">Conditional</animation>
				<animation condition="Container(50).Position(11)" effect="slide" start="0,0" end="0,440"
											time="180" reversible="true">Conditional</animation>
			</control>
			<control type="fixedlist" id="50">
				<posx>40</posx>
				<posy>62</posy>
				<width>400</width>
				<height>552</height>
				<onleft>550</onleft>
				<onright>9000</onright>
				<onup>50</onup>
				<ondown>50</ondown>
				<viewtype label="">list</viewtype>
				<scrolltime>200</scrolltime>
				<focusposition>5</focusposition>
				<movement>6</movement>
				<pagecontrol>550</pagecontrol>
				<itemlayout height="40" width="400">
					<control type="label">
						<posx>20r</posx>
						<posy>0</posy>
						<width>380</width>
						<font>Small</font>
						<align>right</align>
						<scroll>false</scroll>
						<info>ListItem.Label</info>
					</control>
				</itemlayout>
				<focusedlayout height="40" width="400">
					<control type="label">
						<posx>20r</posx>
						<posy>0</posy>
						<width>380</width>
						<font>Small</font>
						<align>right</align>
						<info>ListItem.Label</info>
					</control>
				</focusedlayout>
			</control>
		</control>
		<control type="group">
			<description>Middle Panel</description>
			<posx>500</posx>
			<posy>45</posy>
			<control type="group">
				<visible>Control.HasFocus(50)</visible>
				<control type="image">
					<posx>0</posx>
					<posy>0</posy>
					<width>280</width>
					<height>280</height>
					<aligny>top</aligny>
					<aspectratio>keep</aspectratio>
					<texture>$INFO[Container(50).ListItem.Icon]</texture>
					<bordertexture border="2">img/ButtonFO.png</bordertexture>
				<bordersize>2</bordersize>
				</control>
				<control type="textbox">
					<posx>10</posx>
					<posy>300</posy>
					<width>280</width>
					<height>280</height>
					<font>XXSmall</font>
					<label>$INFO[Container(50).ListItem.Title,[COLOR=Grey]$LOCALIZE[556]:[/COLOR] ,[CR]]$INFO[Container(50).ListItem.Artist,[COLOR=Grey]$LOCALIZE[557]:[/COLOR] ,[CR]]$INFO[Container(50).ListItem.Album,[COLOR=Grey]$LOCALIZE[558]:[/COLOR] ,[CR]]$INFO[Container(50).ListItem.Duration,[COLOR=Grey]$LOCALIZE[555]:[/COLOR] ,[CR]]$INFO[Container(50).ListItem.TrackNumber,[COLOR=Grey]$LOCALIZE[554]:[/COLOR] ,[CR]]$INFO[Container(50).ListItem.Genre,[COLOR=Grey]$LOCALIZE[515]:[/COLOR] ,[CR]]</label>
				</control>
			</control>
			<control type="group">
				<visible>Control.HasFocus(100)</visible>
				<control type="image">
					<posx>0</posx>
					<posy>0</posy>
					<width>280</width>
					<height>280</height>
					<aspectratio>keep</aspectratio>
					<texture>$INFO[Container(100).ListItem.Icon]</texture>
					<bordertexture border="2">img/ButtonFO.png</bordertexture>
				<bordersize>2</bordersize>
				</control>
				<control type="textbox">
					<posx>10</posx>
					<posy>300</posy>
					<width>280</width>
					<height>220</height>
					<font>XXSmall</font>
					<label>$INFO[Container(100).ListItem.Title,[COLOR=Grey]$LOCALIZE[556]:[/COLOR] ,[CR]]$INFO[Container(100).ListItem.Artist,[COLOR=Grey]$LOCALIZE[557]:[/COLOR] ,[CR]]$INFO[Container(100).ListItem.Album,[COLOR=Grey]$LOCALIZE[558]:[/COLOR] ,[CR]]$INFO[Container(100).ListItem.Duration,[COLOR=Grey]$LOCALIZE[555]:[/COLOR] ,[CR]]$INFO[Container(100).ListItem.TrackNumber,[COLOR=Grey]$LOCALIZE[554]:[/COLOR] ,[CR]]$INFO[Container(100).ListItem.Genre,[COLOR=Grey]$LOCALIZE[515]:[/COLOR] ,[CR]]</label>
				</control>
			</control>
			<control type="group" id="9000">
				<posx>0</posx>
				<posy>502</posy>
				<control type="image" description="Slider 9000">
					<visible>Control.IsVisible(9000)</visible>
					<posx>0</posx>
					<posy>0</posy>
					<width>280</width>
					<height>50</height>
					<texture>img/ButtonFO.png</texture>
					<aspectratio>stretch</aspectratio>
					<animation condition="!ControlGroup(9000).HasFocus()" effect="fade" start="100" end="50"
											time="180" reversible="true">Conditional</animation>
					<!--FADE-->
					<animation condition="ControlGroup(9000).HasFocus(6)" effect="slide" start="0,0" end="0,0"
							time="180" reversible="true">Conditional</animation>
					<animation condition="ControlGroup(9000).HasFocus(7)" effect="slide" start="0,0" end="0,46"
							time="180" reversible="true">Conditional</animation>
					<animation condition="ControlGroup(9000).HasFocus(8)" effect="slide" start="0,0" end="0,92"
							time="180" reversible="true">Conditional</animation>
				</control>
				<control type="image" description="separator Bottom">
					<posy>-70</posy>
					<posx>10</posx>
					<width>260</width>
					<height>80</height>
					<texture flipy="true">img/HSplitter.png</texture>
					<aspectratio>stretch</aspectratio>
				</control>
				<control type="button" id="6" description="Open">
					<posx>0</posx>
					<posy>0</posy>
					<width>280</width>
					<label>31055</label>
					<font>Small</font>
					<texturefocus>-</texturefocus>
					<onleft>50</onleft>
					<onright>100</onright>
					<onup>8</onup>
					<ondown>7</ondown>
				</control>
				<control type="button" id="7" description="Save">
					<posx>0</posx>
					<posy>46</posy>
					<width>280</width>
					<label>31056</label>
					<font>Small</font>
					<texturefocus>-</texturefocus>
					<onleft>50</onleft>
					<onright>100</onright>
					<onup>6</onup>
					<ondown>8</ondown>
				</control>
				<control type="button" id="8" description="Clear">
					<posx>0</posx>
					<posy>92</posy>
					<width>280</width>
					<label>31057</label>
					<font>Small</font>
					<texturefocus>-</texturefocus>
					<onleft>50</onleft>
					<onright>100</onright>
					<onup>7</onup>
					<ondown>6</ondown>
				</control>
			</control>
		</control>
		<control type="group" description="Right panel">
			<posx>810</posx>
			<posy>52</posy>
			<control type="label">
				<posx>10</posx>
				<posy>10</posy>
				<width>410</width>
				<height>30</height>
				<font>Normal</font>
				<label>31059</label>
			</control>
			<control type="image" description="Slider 100">
				<visible>!IsEmpty(Container(100).ListItem.Label) + Control.IsVisible(100)</visible>
				<posx>0</posx>
				<posy>62</posy>
				<width>400</width>
				<height>50</height>
				<texture>img/ButtonFO.png</texture>
				<aspectratio>stretch</aspectratio>
				<animation condition="!Control.HasFocus(100)" effect="fade" start="100" end="40"
											time="180" reversible="true">Conditional</animation>
				<!--FADE-->
				<animation condition="Container(100).Position(0)" effect="slide" start="0,0" end="0,0"
								time="180" reversible="true">Conditional</animation>
				<animation condition="Container(100).Position(1)" effect="slide" start="0,0" end="0,40"
								time="180" reversible="true">Conditional</animation>
				<animation condition="Container(100).Position(2)" effect="slide" start="0,0" end="0,80"
								time="180" reversible="true">Conditional</animation>
				<animation condition="Container(100).Position(3)" effect="slide" start="0,0" end="0,120"
								time="180" reversible="true">Conditional</animation>
				<animation condition="Container(100).Position(4)" effect="slide" start="0,0" end="0,160"
								time="180" reversible="true">Conditional</animation>
				<animation condition="Container(100).Position(5)" effect="slide" start="0,0" end="0,200"
								time="180" reversible="true">Conditional</animation>
				<animation condition="Container(100).Position(6)" effect="slide" start="0,0" end="0,240"
								time="180" reversible="true">Conditional</animation>
				<animation condition="Container(100).Position(7)" effect="slide" start="0,0" end="0,280"
								time="180" reversible="true">Conditional</animation>
				<animation condition="Container(100).Position(8)" effect="slide" start="0,0" end="0,320"
								time="180" reversible="true">Conditional</animation>
				<animation condition="Container(100).Position(9)" effect="slide" start="0,0" end="0,360"
								time="180" reversible="true">Conditional</animation>
				<animation condition="Container(100).Position(10)" effect="slide" start="0,0" end="0,400"
								time="180" reversible="true">Conditional</animation>
				<animation condition="Container(100).Position(11)" effect="slide" start="0,0" end="0,440"
								time="180" reversible="true">Conditional</animation>
			</control>
			<control type="fixedlist" id="100">
				<visible>!IsEmpty(Container(100).ListItem.Label)</visible>
				<posx>-10</posx>
				<posy>62</posy>
				<width>420</width>
				<height>552</height>
				<onleft>9000</onleft>
				<onright>150</onright>
				<onup>100</onup>
				<ondown>100</ondown>
				<pagecontrol>150</pagecontrol>
				<viewtype label="">list</viewtype>
				<scrolltime>200</scrolltime>
				<focusposition>5</focusposition>
				<movement>6</movement>
				<itemlayout height="40" width="400">
					<control type="label">
						<posx>20</posx>
						<posy>0</posy>
						<width>380</width>
						<font>Small</font>
						<scroll>false</scroll>
						<info>ListItem.Label</info>
					</control>
				</itemlayout>
				<focusedlayout height="40" width="400">
					<control type="label">
						<posx>20</posx>
						<posy>0</posy>
						<width>380</width>
						<font>Small</font>
						<info>ListItem.Label</info>
					</control>
				</focusedlayout>
			</control>
		</control>
		<control type="scrollbar" id="550">
			<posx>10</posx>
			<posy>140</posy>
			<height>506</height>
			<width>18</width>
			<onleft>-</onleft>
			<onright>50</onright>
			<animation type="Conditional" condition="!Control.HasFocus(550) + !Container.Scrolling">
				<effect type="fade" start="100" end="40" time="200" reversible="true" />
			</animation>
		</control>
		<control type="scrollbar" id="150">
			<posx>30r</posx>
			<posy>140</posy>
			<height>506</height>
			<width>18</width>
			<onleft>100</onleft>
			<onright>-</onright>
			<animation type="Conditional" condition="!Control.HasFocus(150) + !Container.Scrolling">
				<effect type="fade" start="100" end="40" time="200" reversible="true" />
			</animation>
		</control>
		<include>Debug_Grid</include>
	</controls>
</window>
