<window id="501">
	<defaultcontrol always="true">50</defaultcontrol>
	<allowoverlay>yes</allowoverlay>
	<backgroundcolor>0</backgroundcolor>
	<controls>
		<include>GlobalBackground</include>
		<include>Fanart</include>
		<include>FanartCommons</include>
		<control type="label">
			<include>WindowID</include>
			<label>MyMusicSongs.xml</label>
		</control>
		<include>View_50_List</include>
		<include>View_52</include>
		<control type="group" description="9000">
			<visible>!Skin.HasSetting(KioskEnabled)</visible>
			<animation type="Conditional" condition="!ControlGroup(9000).HasFocus()">
				<effect type="fade" start="100" end="0" time="300" reversible="true" />
			</animation>
			<posx>150</posx>
			<posy>120</posy>
			<control type="image" description="Splitter">
				<posx>260</posx>
				<posy>0</posy>
				<height>580</height>
				<texture flipx="true">img/Splitter.png</texture>
			</control>
			<control type="grouplist" id="9000">
				<posx>0</posx>
				<posy>50</posy>
				<width>390</width>
				<height>520</height>
				<itemgap>0</itemgap>
				<onleft>-</onleft>
				<onright>50</onright>
				<onup>9000</onup>
				<ondown>9000</ondown>
				<scrolltime>220</scrolltime>
				<orientation>vertical</orientation>
				<control type="button" id="2" description="View">
					<width>390</width>
					<align>left</align>
				</control>
				<control type="button" id="3" description="Sort">
					<width>390</width>
					<align>left</align>
					<texturenofocus>-</texturenofocus>
				</control>
				<control type="togglebutton" id="4" description="SortMode">
					<width>390</width>
					<align>left</align>
					<label>584</label>
					<altlabel>585</altlabel>
					<texturenofocus>-</texturenofocus>
					<alttexturenofocus>-</alttexturenofocus>
				</control>
				<control type="button" id="8" description="Sort">
					<width>390</width>
					<align>left</align>
					<label>137</label>
					<texturenofocus>-</texturenofocus>
				</control>
				<control type="radiobutton" id="16" description="PartyMode">
					<visible>!Window.IsActive(MyMusicSongs.xml)</visible>
					<width>390</width>
					<align>left</align>
					<label>589</label>
					<texturenofocus>-</texturenofocus>
				</control>
				<control type="button" id="7">
					<description>Playlists</description>
					<visible>Window.IsActive(MyMusicSongs.xml)</visible>
					<width>390</width>
					<align>left</align>
					<label>136</label>
					<texturenofocus>-</texturenofocus>
				</control>
				<control type="radiobutton" id="92" description="BackgroundFanart">
					<width>390</width>
					<align>left</align>
					<label>31318</label>
					<texturenofocus>-</texturenofocus>
					<alttexturenofocus>-</alttexturenofocus>
					<onclick>Skin.ToggleSetting(Info_Small_Fanart)</onclick>
					<selected>!Skin.HasSetting(Info_Small_Fanart)</selected>
				</control>
				<control type="button" id="93" description="NowPlaying">
					<visible>!Player.HasVideo</visible>
					<enable>Player.HasAudio</enable>
					<width>390</width>
					<align>left</align>
					<label>13350</label>
					<texturenofocus>-</texturenofocus>
					<alttexturenofocus>-</alttexturenofocus>
					<onclick>ActivateWindow(2006)</onclick>
				</control>
				<control type="button" id="94" description="NowPlaying">
					<visible>Player.HasVideo</visible>
					<width>390</width>
					<align>left</align>
					<label>13350</label>
					<texturenofocus>-</texturenofocus>
					<alttexturenofocus>-</alttexturenofocus>
					<onclick>ActivateWindow(2005)</onclick>
				</control>
			</control>
		</control>
		<include>Debug_Grid</include>
	</controls>
</window>
