<window id="2">
	<defaultcontrol always="true">50</defaultcontrol>
	<allowoverlay>yes</allowoverlay>
	<backgroundcolor>0</backgroundcolor>
	<controls>
		<include>GlobalBackground</include>
		<control type="label">
			<include>WindowID</include>
			<label>MyPics.xml</label>
		</control>
		<control type="label" description="Heading">
			<posx>660</posx>
			<posy>25</posy>
			<align>center</align>
			<width>540</width>
			<font>XLarge</font>
			<label>10002</label>
		</control>
		<include>View_50_List</include>
		<include>View_52</include>
		<control type="group" description="Group 9000">
			<visible>!Skin.HasSetting(KioskEnabled)</visible>
			<animation type="Conditional" condition="!ControlGroup(9000).HasFocus()">
				<effect type="fade" start="100" end="0" time="300" reversible="true" />
			</animation>
			<posx>150</posx>
			<posy>120</posy>
			<control type="image" description="Splitter">
				<posx>260</posx>
				<posy>0</posy>
				<height>580</height>
				<texture flipx="true">img/Splitter.png</texture>
			</control>
			<control type="grouplist" id="9000">
				<posx>40</posx>
				<posy>60</posy>
				<width>300</width>
				<height>520</height>
				<itemgap>0</itemgap>
				<onleft>-</onleft>
				<onright>50</onright>
				<onup>9000</onup>
				<ondown>9000</ondown>
				<scrolltime>220</scrolltime>
				<orientation>vertical</orientation>
				<aligny>top</aligny>
				<control type="button" id="2" description="View">
					<width>300</width>
					<align>left</align>
				</control>
				<control type="button" id="3" description="Sort">
					<width>300</width>
					<align>left</align>
					<texturenofocus>-</texturenofocus>
				</control>
				<control type="togglebutton" id="4" description="SortMode">
					<width>300</width>
					<align>left</align>
					<label>584</label>
					<altlabel>585</altlabel>
					<texturenofocus>-</texturenofocus>
					<alttexturenofocus>-</alttexturenofocus>
				</control>
				<control type="button" id="6" description="Slideshow">
					<width>300</width>
					<align>left</align>
					<label>108</label>
					<texturenofocus>-</texturenofocus>
					<disabledcolor>Grey</disabledcolor>
					<enable>!ListItem.IsFolder</enable>
				</control>
				<control type="button" id="7" description="Recursive slideshow">
					<width>300</width>
					<align>left</align>
					<label>13318</label>
					<texturenofocus>-</texturenofocus>
					<enable>ListItem.IsFolder</enable>
					<disabledcolor>Grey</disabledcolor>
				</control>
				<control type="radiobutton" id="9" description="Randomize">
					<width>300</width>
					<align>left</align>
					<label>13319</label>
					<texturenofocus>-</texturenofocus>
				</control>
				<control type="button" id="93" description="NowPlaying">
					<visible>!Player.HasVideo</visible>
					<enable>Player.HasAudio</enable>
					<width>300</width>
					<align>left</align>
					<label>13350</label>
					<texturenofocus>-</texturenofocus>
					<alttexturenofocus>-</alttexturenofocus>
					<onclick>ActivateWindow(2006)</onclick>
				</control>
				<control type="button" id="94" description="NowPlaying">
					<visible>Player.HasVideo</visible>
					<width>300</width>
					<align>left</align>
					<label>13350</label>
					<texturenofocus>-</texturenofocus>
					<alttexturenofocus>-</alttexturenofocus>
					<onclick>ActivateWindow(2005)</onclick>
				</control>
			</control>
		</control>
		<include>Debug_Grid</include>
	</controls>
</window>
