<window id="6">
	<defaultcontrol always="true">50</defaultcontrol>
	<allowoverlay>yes</allowoverlay>
	<backgroundcolor>0</backgroundcolor>
	<views>50</views>

	<controls>

		<include>GlobalBackground</include>

		<control type="label">
			<include>WindowID</include>
			<label>MyVideoPlaylist.xml</label>
		</control>

		<include>View_50_List</include>
		<include>Thumbs</include>
		
		<control type="group" description="Group 9000">
			<visible>!Skin.HasSetting(KioskEnabled)</visible>	
			<animation type="Conditional" condition="!ControlGroup(9000).HasFocus()">
				<effect type="fade" start="100" end="0" time="300" reversible="true" />
			</animation>
			<posx>150</posx>
			<posy>120</posy>
			
			<control type="image" description="Splitter">
				<posx>260</posx>
				<posy>0</posy>
				<height>580</height>
				<texture flipx="true">img/Splitter.png</texture>
			</control>	

			<control type="grouplist" id="9000">
					<posx>40</posx>
					<posy>60</posy>
					<width>300</width>
					<height>520</height>
					<itemgap>0</itemgap>
					<onleft>-</onleft>
					<onright>50</onright>
					<onup>-</onup>
					<ondown>-</ondown>
					<scrolltime>220</scrolltime>
					<orientation>vertical</orientation>
		
					<control type="button" id="3" description="Sort">
						<width>300</width>
						<align>left</align>
					</control>
			
					<control type="togglebutton" id="4" description="SortMode">
						<width>300</width>
						<align>left</align>
						<label>584</label>
						<altlabel>585</altlabel>
					</control>
			
					<control type="radiobutton" id="20" description="Shuffle">
						<width>300</width>
						<align>left</align>
						<label>191</label>
					</control>
			
					<control type="button" id="21" description="Save">
						<width>300</width>
						<align>left</align>
						<label>190</label>
					</control>
			
					<control type="button" id="22" description="Clear">
						<width>300</width>
						<align>left</align>
						<label>192</label>
					</control>
			
					<control type="button" id="23" description="Play">
						<width>300</width>
						<align>left</align>
						<label>208</label>
					</control>

			</control>
	</control>


		<include>Debug_Grid</include>

	</controls>

</window>