<window id="2600">
	<defaultcontrol always="true">2</defaultcontrol>
	<allowoverlay>no</allowoverlay>
	<backgroundcolor>0</backgroundcolor>
	<controls>
		<include>GlobalBackground</include>
		<control type="label">
			<include>DialogID</include>
			<label>MyWeather.xml</label>
		</control>
		<control type="group" description="Left panel">
			<posx>-13</posx>
			<posy>0</posy>
			<control type="image" id="35" description="Current weather icon">
				<posx>20</posx>
				<posy>33</posy>
				<height>267</height>
				<width>267</width>
				<texture>-</texture>
			</control>
			<control type="label" description="Current:">
				<posx>137</posx>
				<posy>113</posy>
				<width>467</width>
				<height>30</height>
				<align>center</align>
				<label>143</label>
				<textcolor>ffC6C6C8</textcolor>
			</control>
			<control type="label" description="Current location">
				<posx>317</posx>
				<posy>153</posy>
				<height>50</height>
				<width>290</width>
				<scrollspeed>20</scrollspeed>
				<info>Weather.Location</info>
			</control>
			<control type="label" id="11" description="Time of last update">
				<posx>317</posx>
				<posy>200</posy>
				<width>300</width>
				<height>30</height>
				<label>-</label>
				<textcolor>ddC6C6C8</textcolor>
			</control>
			<control type="label" id="223" description="Temp">
				<posx>300</posx>
				<posy>327</posy>
				<width>300</width>
				<height>20</height>
				<align>right</align>
				<label>-</label>
				<textcolor>ddC6C6C8</textcolor>
			</control>
			<control type="label" description="Feels value">
				<posx>317</posx>
				<posy>327</posy>
				<width>300</width>
				<height>20</height>
				<label>$INFO[Window.Property(Current.Temperature)]$INFO[System.TemperatureUnits]</label>
			</control>
			<control type="label" id="224" description="Feels like label">
				<posx>300</posx>
				<posy>367</posy>
				<width>300</width>
				<height>20</height>
				<align>right</align>
				<label>-</label>
				<textcolor>ddC6C6C8</textcolor>
			</control>
			<control type="label" description="Current feels like value">
				<posx>317</posx>
				<posy>367</posy>
				<width>300</width>
				<height>20</height>
				<label>$INFO[Window.Property(Current.FeelsLike)]</label>
			</control>
			<control type="label" id="227" description="Current dew label">
				<posx>300</posx>
				<posy>407</posy>
				<width>300</width>
				<height>20</height>
				<align>right</align>
				<label>-</label>
				<textcolor>ddC6C6C8</textcolor>
			</control>
			<control type="label" description="Current dew value">
				<posx>317</posx>
				<posy>407</posy>
				<width>300</width>
				<height>20</height>
				<label>$INFO[Window.Property(Current.DewPoint)]</label>
			</control>
			<control type="label" id="228" description="Current humidity label">
				<posx>300</posx>
				<posy>447</posy>
				<width>300</width>
				<height>20</height>
				<align>right</align>
				<label>-</label>
				<textcolor>ddC6C6C8</textcolor>
			</control>
			<control type="label" description="Current humidity value">
				<posx>317</posx>
				<posy>447</posy>
				<width>300</width>
				<height>20</height>
				<label>$INFO[Window.Property(Current.Humidity)]</label>
			</control>
			<control type="label" id="225" description="Current uv label">
				<posx>300</posx>
				<posy>487</posy>
				<width>300</width>
				<height>20</height>
				<align>right</align>
				<label>-</label>
				<textcolor>ddC6C6C8</textcolor>
			</control>
			<control type="label" description="Current uv value">
				<posx>317</posx>
				<posy>487</posy>
				<width>300</width>
				<height>20</height>
				<label>$INFO[Window.Property(Current.UVIndex)]</label>
			</control>
			<control type="label" id="226" description="Current wind label">
				<posx>300</posx>
				<posy>527</posy>
				<width>300</width>
				<height>20</height>
				<align>right</align>
				<label>-</label>
				<textcolor>ddC6C6C8</textcolor>
			</control>
			<control type="label" description="Current wind value">
				<posx>317</posx>
				<posy>527</posy>
				<width>333</width>
				<height>20</height>
				<label>$INFO[Window.Property(Current.Wind)]</label>
			</control>
		</control>
		<control type="group" description="Right panel">
			<posx>585</posx>
			<posy>107</posy>
			<control type="group" description="Icons panel">
				<posx>500</posx>
				<posy>0</posy>
				<control type="image" description="Day 0 icon">
					<posy>16</posy>
					<height>85</height>
					<width>85</width>
					<info>Window.Property(Day0.OutlookIcon)</info>
					<aspectratio align="center">keep</aspectratio>
				</control>
				<control type="image" description="Day 1 icon">
					<posy>150</posy>
					<height>85</height>
					<width>85</width>
					<info>Window.Property(Day1.OutlookIcon)</info>
					<aspectratio align="center">keep</aspectratio>
				</control>
				<control type="image" description="Day 2 icon">
					<posy>283</posy>
					<height>85</height>
					<width>85</width>
					<info>Window.Property(Day2.OutlookIcon)</info>
					<aspectratio align="center">keep</aspectratio>
				</control>
				<control type="image" description="Day 3 icon">
					<posy>416</posy>
					<height>85</height>
					<width>85</width>
					<info>Window.Property(Day3.OutlookIcon)</info>
					<aspectratio align="center">keep</aspectratio>
				</control>
			</control>
			<control type="group" description="Days panel">
				<posx>127</posx>
				<posy>-20</posy>
				<control type="label" description="Day 0 label">
					<posy>35</posy>
					<width>173</width>
					<label>33006</label>
				</control>
				<control type="label" description="Conditions 0">
					<posy>65</posy>
					<width>333</width>
					<info>Window.Property(Day0.Outlook)</info>
					<textcolor>ddC6C6C8</textcolor>
				</control>
				<control type="label" description="Day 1 label">
					<posy>167</posy>
					<width>173</width>
					<label>33007</label>
				</control>
				<control type="label" description="Conditions 1">
					<posy>198</posy>
					<width>373</width>
					<info>Window.Property(Day1.Outlook)</info>
					<textcolor>ddC6C6C8</textcolor>
				</control>
				<control type="label" description="Day label 2">
					<posy>302</posy>
					<width>173</width>
					<label>$INFO[Window(Weather).Property(Day2.Title)]</label>
				</control>
				<control type="label" description="Conditions 2">
					<posy>332</posy>
					<width>373</width>
					<info>Window.Property(Day2.Outlook)</info>
					<textcolor>ddC6C6C8</textcolor>
				</control>
				<control type="label" description="Day 3 label">
					<posy>435</posy>
					<width>173</width>
					<label>$INFO[Window(Weather).Property(Day3.Title)]</label>
				</control>
				<control type="label" description="Conditions 3">
					<posy>465</posy>
					<width>373</width>
					<info>Window.Property(Day3.Outlook)</info>
					<textcolor>ddC6C6C8</textcolor>
				</control>
			</control>
			<control type="group" description="Values panel">
				<posx>367</posx>
				<posy>7</posy>
				<control type="label" description="Values">
					<posy>27</posy>
					<width>367</width>
					<height>20</height>
					<label>$INFO[Window.Property(Day0.LowTemp)] /$INFO[Window.Property(Day0.HighTemp)]</label>
				</control>
				<control type="label" description="values">
					<posy>160</posy>
					<width>300</width>
					<height>20</height>
					<label>$INFO[Window.Property(Day1.LowTemp)] /$INFO[Window.Property(Day1.HighTemp)]</label>
				</control>
				<control type="label" description="2 values">
					<posy>293</posy>
					<width>300</width>
					<height>20</height>
					<label>$INFO[Window.Property(Day2.LowTemp)] /$INFO[Window.Property(Day2.HighTemp)]</label>
				</control>
				<control type="label" description="3 values">
					<posy>427</posy>
					<width>300</width>
					<height>20</height>
					<label>$INFO[Window.Property(Day3.HighTemp)] /$INFO[Window.Property(Day3.HighTemp)]</label>
				</control>
			</control>
		</control>
		<control type="group" description="Bottom NAV">
			<posy>0</posy>
			<posx>0</posx>
			<control type="image" description="Splitter">
				<posy>145r</posy>
				<posx>0</posx>
				<width>1280</width>
				<height>128</height>
				<texture flipy="true">img/HSplitter.png</texture>
			</control>
			<control type="group">
				<posx>173</posx>
				<posy>655</posy>
				<control type="image" description="Slider">
					<posx>-50</posx>
					<posy>5</posy>
					<width>300</width>
					<height>50</height>
					<texture>img/NavBarFO.png</texture>
					<aspectratio>stretch</aspectratio>
					<animation condition="Control.HasFocus(2)" effect="slide" start="0,0" end="0,0"
					time="120" reversible="true">Conditional</animation>
					<animation condition="Control.HasFocus(3)" effect="slide" start="0,0" end="610,0"	
					time="120" reversible="true">Conditional</animation>
				</control>
				<control type="button" id="2" description="Refresh">
					<posx>0</posx>
					<onright>3</onright>
					<onleft>3</onleft>
					<height>53</height>
					<width>200</width>
					<font>Small</font>
					<label>-</label>
					<texturefocus>-</texturefocus>
					<texturenofocus>-</texturenofocus>
				</control>
				<control type="spincontrolex" id="3" description="Location">
					<posx>340</posx>
					<onright>2</onright>
					<onleft>2</onleft>
					<height>53</height>
					<width>500</width>
					<font>Small</font>
					<label>$LOCALIZE[396] :</label>
					<texturefocus>-</texturefocus>
					<texturenofocus>-</texturenofocus>
				</control>
			</control>
		</control>
		<include>Debug_Grid</include>
	</controls>
</window>
