<includes>
    <include name="PlexHome">
	<controls>
		
		<include>GlobalBackground</include>
		
        <control type="button" id="8999" >
            <visible>Skin.HasSetting(plexbmcok)</visible>
        	<description>Plexbmc script</description>
			<posx>-20</posx>
			<posy>-20</posy>
			<width>1</width>
			<height>1</height>
			<label>-</label>
			<font>-</font>
            <onfocus>XBMC.RunScript(plugin.video.plexbmc,skin)</onfocus>
			<onfocus>SetFocus(300)</onfocus>
			<texturenofocus>-</texturenofocus>
			<texturefocus>-</texturefocus>
        </control>
			
		<!--HOME TOP-->
		<control type="group" description="Furniture">
			<control type="image" description="Stage">
				<posx>0</posx>
				<posy>52</posy>
				<width>1280</width>
				<height>320</height>
				<aspectratio>stretch</aspectratio>
				<texture>img/IconStage.png</texture>
			</control>
			<control type="image" description="Separator">
				<posy>328</posy>
				<posx>-10</posx>
				<height>2</height>
				<width>1300</width>
				<texture>img/OldButtonFO.png</texture>
			</control>
			<control type="image" description="Separator">
				<posy>380</posy>
				<posx>-10</posx>
				<height>2</height>
				<width>1300</width>
				<texture>img/OldButtonFO.png</texture>
			</control>
		
			<!--TOP SHORTCUTS-->
		<control type="group" id="51">
			<include condition="Skin.HasSetting(Movies_Recently_Added)">Movies_RA</include>
			<include condition="Skin.HasSetting(TV_Recently_Added)">TV_RA</include>
			<include condition="Skin.HasSetting(Music_Recently_Added)">Music_RA</include>
			<include condition="Skin.HasSetting(Movies_Custom_Shortcuts)">Movies_Shortcuts</include>
			<include condition="Skin.HasSetting(TV_Custom_Shortcuts)">TV_Shortcuts</include>
			<include condition="Skin.HasSetting(Music_Custom_Shortcuts)">Music_Shortcuts</include>
			<include condition="Skin.HasSetting(Pictures_Custom_Shortcuts)">Pictures_Shortcuts</include>
			<include condition="Skin.HasSetting(Addons_Custom_Shortcuts)">Addons_Shortcuts</include>
			<include condition="Skin.HasSetting(XBMC_Custom_Shortcuts)">XBMC_Shortcuts</include>
		</control>
		
			<control type="group">
				<visible>[ControlGroup(300).HasFocus(301) + !Control.IsVisible(311)] | [ControlGroup(300).HasFocus(302) + !Control.IsVisible(312)] | [ControlGroup(300).HasFocus(303) + !Control.IsVisible(313)] | [ControlGroup(300).HasFocus(304) + !Control.IsVisible(314)] | [ControlGroup(300).HasFocus(305) + !Control.IsVisible(315)] | [ControlGroup(300).HasFocus(306) + !Control.IsVisible(316)] + !Player.HasAudio</visible>
				<animation effect="fade" time="200">VisibleChange</animation>
				<control type="image" description="Logo">
					<posx>245</posx>
					<posy>123</posy>
					<width>380</width>
					<height>180</height>
					<texture background="true">plexlogo.png</texture>
					<animation effect="fade" time="200">VisibleChange</animation>
				</control>
				<control type="image" description="Logo reflection">
					<posx>245</posx>
					<posy>248</posy>
					<width>380</width>
					<height>94</height>
					<texture background="true" diffuse="img/Reflection2.png" flipy="true">plexlogo.png</texture>
					<animation effect="fade" time="200">VisibleChange</animation>
				</control>
				<control type="image" description="Logo">
					<posx>650</posx>
					<posy>156</posy>
					<width>380</width>
					<height>94</height>
					<texture background="true">img/XbmcLogo.png</texture>
					<animation effect="fade" time="200">VisibleChange</animation>
				</control>
				<control type="image" description="Logo reflection">
					<posx>650</posx>
					<posy>248</posy>
					<width>380</width>
					<height>94</height>
					<texture background="true" diffuse="img/Reflection2.png" flipy="true">img/XbmcLogo.png</texture>
					<animation effect="fade" time="200">VisibleChange</animation>
				</control>

            </control>
			<control type="image" description="Locked on">
				<visible>System.HasLocks + !System.IsMaster</visible>
				<posy>338</posy>
				<posx>86r</posx>
				<width>34</width>
				<height>34</height>
				<texture>img/NowLocked.png</texture>
				<aspectratio>keep</aspectratio>
			</control>
			<control type="group" description="Now Playing Audio">
				<visible>ControlGroup(300).HasFocus(306) + Player.HasAudio</visible>
				<posy>85</posy>
				<posx>270r</posx>
				<control type="image" description="Audio">
					<width>190</width>
					<height>190</height>
					<texture background="true">$INFO[MusicPlayer.Cover]</texture>
					<aspectratio aligny="bottom">keep</aspectratio>
				</control>
				<control type="image">
					<posy>192</posy>
					<width>190</width>
					<height>190</height>
					<texture background="true" diffuse="img/Reflection.png" flipy="true">$INFO[MusicPlayer.Cover]</texture>
					<aspectratio aligny="top">keep</aspectratio>
				</control>
				<control type="image">
					<posy>150</posy>
					<posx>190r</posx>
					<width>30</width>
					<height>30</height>
					<texture>img/NowPlaying.png</texture>
					<aspectratio>keep</aspectratio>
				</control>
			</control>
			<control type="group" description="Now Playing Video">
				<visible>ControlGroup(300).HasFocus(306) + Player.HasVideo</visible>
				<posy>85</posy>
				<posx>270r</posx>
				<control type="image" description="Video">
					<width>190</width>
					<height>190</height>
					<texture background="true">$INFO[VideoPlayer.Cover]</texture>
					<aspectratio aligny="bottom">keep</aspectratio>
				</control>
				<control type="image">
					<posy>192</posy>
					<width>190</width>
					<height>190</height>
					<texture background="true" diffuse="img/Reflection.png" flipy="true">$INFO[VideoPlayer.Cover]</texture>
					<aspectratio aligny="top">keep</aspectratio>
				</control>
				<control type="image">
					<posy>150</posy>
					<posx>190r</posx>
					<width>30</width>
					<height>30</height>
					<texture>img/NowPlaying.png</texture>
					<aspectratio>keep</aspectratio>
				</control>
			</control>
		</control>
				
			
		<!--NAVBAR-->
		<control type="group" description="Home NavBar">
			<posx>0</posx>
			<posy>325</posy>
			<control type="grouplist" description="Home Bar">
				<width min="190" max="1280">auto</width>
				<height>60</height>
				<align>center</align>
				<aligny>center</aligny>
				<orientation>horizontal</orientation>
				<control type="button" id="901" description="Movies">
					<visible>!Skin.HasSetting(MoviesSectionHide)</visible>
					<animation type="Conditional" condition="!Control.HasFocus(901) + !Control.HasFocus(311) + !ControlGroup(300).HasFocus(301)">
						<effect type="fade" start="100" end="80" time="300" reversible="true" />
					</animation>
					<label>342</label>
					<width>190</width>
					<height>60</height>
					<aligny>center</aligny>
					<font>Large</font>
					<shadowcolor>-</shadowcolor>
					<textoffsetx>0</textoffsetx>
					<texturefocus>-</texturefocus>
					<onclick>Control.SetFocus(301)</onclick>
				</control>
				<control type="button" id="902" description="TV">
					<visible>!Skin.HasSetting(TVSectionHide)</visible>
					<animation type="Conditional" condition="!Control.HasFocus(902) + !Control.HasFocus(312) + !ControlGroup(300).HasFocus(302)">
						<effect type="fade" start="100" end="80" time="300" reversible="true" />
					</animation>
					<label>20343</label>
					<width>190</width>
					<height>60</height>
					<font>Large</font>
					<shadowcolor>-</shadowcolor>
					<textoffsetx>0</textoffsetx>
					<texturefocus>-</texturefocus>
					<onclick>Control.SetFocus(302)</onclick>
				</control>
				<control type="button" id="903" description="Music">
					<visible>!Skin.HasSetting(MusicSectionHide)</visible>
					<animation type="Conditional" condition="!Control.HasFocus(903) + !Control.HasFocus(313) + !ControlGroup(300).HasFocus(303)">
						<effect type="fade" start="100" end="80" time="300" reversible="true" />
					</animation>
					<label>2</label>
					<width>190</width>
					<height>60</height>
					<font>Large</font>
					<shadowcolor>-</shadowcolor>
					<textoffsetx>0</textoffsetx>
					<texturefocus>-</texturefocus>
					<onclick>Control.SetFocus(303)</onclick>
				</control>
				<control type="button" id="904" description="Pictures">
					<visible>!Skin.HasSetting(PicturesSectionHide)</visible>
					<animation type="Conditional" condition="!Control.HasFocus(904) + !Control.HasFocus(314) + !ControlGroup(300).HasFocus(304)">
						<effect type="fade" start="100" end="80" time="300" reversible="true" />
					</animation>
					<label>1</label>
					<width>190</width>
					<height>60</height>
					<font>Large</font>
					<shadowcolor>-</shadowcolor>
					<textoffsetx>0</textoffsetx>
					<texturefocus>-</texturefocus>
					<!--<texturenofocus>img/Menu.png</texturenofocus>-->
					<onclick>Control.SetFocus(304)</onclick>
				</control>
				<control type="button" id="905" description="Addons">
					<visible>skin.hassetting(plexbmcok)</visible>
					<animation type="Conditional" condition="!Control.HasFocus(905) + !Control.HasFocus(315) + !ControlGroup(300).HasFocus(305)">
						<effect type="fade" start="100" end="80" time="300" reversible="true" />
					</animation>
					<label>Video</label>
					<width>190</width>
					<height>60</height>
					<font>Large</font>
					<shadowcolor>-</shadowcolor>
					<textoffsetx>0</textoffsetx>
					<texturefocus>-</texturefocus>
					<!--<texturenofocus>img/Menu.png</texturenofocus>-->
					<onclick>Control.SetFocus(305)</onclick>
				</control>


				<control type="button" id="906" description="XBMC">
					<animation type="Conditional" condition="!Control.HasFocus(906) + !Control.HasFocus(316) + !ControlGroup(300).HasFocus(306)">
						<effect type="fade" start="100" end="80" time="300" reversible="true" />
					</animation>
					<label>PleXBMC</label>
					<width>190</width>
					<height>60</height>
					<font>Large</font>
					<shadowcolor>-</shadowcolor>
					<textoffsetx>0</textoffsetx>
					<texturefocus>-</texturefocus>
					<!--<texturenofocus>img/Menu.png</texturenofocus>-->
					<onclick>Control.SetFocus(306)</onclick>
				</control>
			</control>
		</control>
		
		
		<control type="grouplist" description="Sliders">
			<visible>!Control.HasFocus(311) + !Control.HasFocus(312) + !Control.HasFocus(313) + !Control.HasFocus(314) + !Control.HasFocus(315) + !Control.HasFocus(316)</visible>
			<posx>0</posx>
			<posy>392</posy>
			<width min="190" max="1280">auto</width>
			<height>280</height>
			<align>center</align>
			<aligny>top</aligny>
			<orientation>horizontal</orientation>
			<include>Slider301</include>
			<include>Slider302</include>
			<include>Slider303</include>
			<include>Slider304</include>
			<include>Slider305</include>
			<include>Slider306</include>
		</control>
		<control type="grouplist" id="300" description="Submenus">
			<posy>395</posy>
			<width min="190" max="1280">auto</width>
			<height>280</height>
			<align>center</align>
			<onup>51</onup>
			<orientation>horizontal</orientation>
			
			
			<!--PLEXBMC EnTRIES-->
			<control type="panel" id="301" description="Movies">
				<visible>!Skin.HasSetting(MoviesSectionHide)</visible>
				<visible>skin.hasSetting(plexbmcok)</visible>
				<width>190</width>
				<onleft>306</onleft>
				<onright>302</onright>
				<onup>311</onup>
				<ondown>-</ondown>
				<include>Sublist</include>
				<content>
                    <item id="12">
                        <label>$INFO[Window.Property(plexbmc.0.title)]</label>
                        <label2>$INFO[Window.Property(plexbmc.0.subtitle)]</label2>
                        <onclick>$INFO[Window.Property(plexbmc.0.path)]</onclick>
                        <visible>Skin.HasSetting(plexbmcok)</visible>
                        <visible>!IsEmpty(Window.Property(plexbmc.0.title))</visible>
						<visible>substring(Window.Property(plexbmc.0.type),movie)</visible>
                    </item>
                    <item id="13">
                        <label>$INFO[Window.Property(plexbmc.1.title)]</label>
                        <label2>$INFO[Window.Property(plexbmc.1.subtitle)]</label2>
                        <onclick>$INFO[Window.Property(plexbmc.1.path)]</onclick>
                        <visible>Skin.HasSetting(plexbmcok)</visible>
                        <visible>!IsEmpty(Window.Property(plexbmc.1.title))</visible>
						<visible>substring(Window.Property(plexbmc.1.type),movie)</visible>
                    </item>
                    <item id="14">
                        <label>$INFO[Window.Property(plexbmc.2.title)]</label>
                        <label2>$INFO[Window.Property(plexbmc.2.subtitle)]</label2>
                        <onclick>$INFO[Window.Property(plexbmc.2.path)]</onclick>
                        <visible>Skin.HasSetting(plexbmcok)</visible>
                        <visible>!IsEmpty(Window.Property(plexbmc.2.title))</visible>
						<visible>substring(Window.Property(plexbmc.2.type),movie)</visible>
                    </item>
                    <item id="15">
                        <label>$INFO[Window.Property(plexbmc.3.title)]</label>
                        <label2>$INFO[Window.Property(plexbmc.3.subtitle)]</label2>
                        <onclick>$INFO[Window.Property(plexbmc.3.path)]</onclick>
                        <visible>Skin.HasSetting(plexbmcok)</visible>
                        <visible>!IsEmpty(Window.Property(plexbmc.3.title))</visible>
						<visible>substring(Window.Property(plexbmc.3.type),movie)</visible>
                    </item>
                    <item id="16">
                        <label>$INFO[Window.Property(plexbmc.4.title)]</label>
                        <label2>$INFO[Window.Property(plexbmc.4.subtitle)]</label2>
                        <onclick>$INFO[Window.Property(plexbmc.4.path)]</onclick>
                        <visible>Skin.HasSetting(plexbmcok)</visible>
                        <visible>!IsEmpty(Window.Property(plexbmc.4.title))</visible>
						<visible>substring(Window.Property(plexbmc.4.type),movie)</visible>
                    </item>
                    <item id="17">
                        <label>$INFO[Window.Property(plexbmc.5.title)]</label>
                        <label2>$INFO[Window.Property(plexbmc.5.subtitle)]</label2>
                        <onclick>$INFO[Window.Property(plexbmc.5.path)]</onclick>
                        <visible>Skin.HasSetting(plexbmcok)</visible>
                        <visible>!IsEmpty(Window.Property(plexbmc.5.title))</visible>
						<visible>substring(Window.Property(plexbmc.5.type),movie)</visible>
                    </item>
                    <item id="18">
                        <label>$INFO[Window.Property(plexbmc.6.title)]</label>
                        <label2>$INFO[Window.Property(plexbmc.6.subtitle)]</label2>
                        <onclick>$INFO[Window.Property(plexbmc.6.path)]</onclick>
                        <visible>Skin.HasSetting(plexbmcok)</visible>
                        <visible>!IsEmpty(Window.Property(plexbmc.6.title))</visible>
						<visible>substring(Window.Property(plexbmc.6.type),movie)</visible>
                    </item>
                    <item id="19">
                        <label>$INFO[Window.Property(plexbmc.7.title)]</label>
                        <label2>$INFO[Window.Property(plexbmc.7.subtitle)]</label2>
                        <onclick>$INFO[Window.Property(plexbmc.7.path)]</onclick>
                        <visible>Skin.HasSetting(plexbmcok)</visible>
                        <visible>!IsEmpty(Window.Property(plexbmc.7.title))</visible>
						<visible>substring(Window.Property(plexbmc.7.type),movie)</visible>
                    </item>
                    <item id="20">
                        <label>$INFO[Window.Property(plexbmc.8.title)]</label>
                        <label2>$INFO[Window.Property(plexbmc.8.subtitle)]</label2>
                        <onclick>$INFO[Window.Property(plexbmc.8.path)]</onclick>
                        <visible>Skin.HasSetting(plexbmcok)</visible>
                        <visible>!IsEmpty(Window.Property(plexbmc.8.title))</visible>
						<visible>substring(Window.Property(plexbmc.8.type),movie)</visible>
                    </item>
                    <item id="21">
                        <label>$INFO[Window.Property(plexbmc.9.title)]</label>
                        <label2>$INFO[Window.Property(plexbmc.9.subtitle)]</label2>
                        <onclick>$INFO[Window.Property(plexbmc.9.path)]</onclick>
                        <visible>Skin.HasSetting(plexbmcok)</visible>
                        <visible>!IsEmpty(Window.Property(plexbmc.9.title))</visible>
						<visible>substring(Window.Property(plexbmc.9.type),movie)</visible>
                    </item>
				</content>
				<include>Animation301</include>
			</control>			
			
			<control type="panel" id="302" description="TVShows">
				<visible>!Skin.HasSetting(TVSectionHide)</visible>
				<visible>skin.HasSetting(plexbmcok)</visible>
				<width>190</width>
				<onleft>301</onleft>
				<onright>303</onright>
				<onup>312</onup>
				<ondown>-</ondown>
				<include>Sublist</include>
				<content>
                    <item id="12">
                        <label>$INFO[Window.Property(plexbmc.0.title)]</label>
                        <label2>$INFO[Window.Property(plexbmc.0.subtitle)]</label2>
                        <onclick>$INFO[Window.Property(plexbmc.0.path)]</onclick>
                        <visible>Skin.HasSetting(plexbmcok)</visible>
                        <visible>!IsEmpty(Window.Property(plexbmc.0.title))</visible>
						<visible>substring(Window.Property(plexbmc.0.type),show)</visible>
                    </item>
                    <item id="13">
                        <label>$INFO[Window.Property(plexbmc.1.title)]</label>
                        <label2>$INFO[Window.Property(plexbmc.1.subtitle)]</label2>
                        <onclick>$INFO[Window.Property(plexbmc.1.path)]</onclick>
                        <visible>Skin.HasSetting(plexbmcok)</visible>
                        <visible>!IsEmpty(Window.Property(plexbmc.1.title))</visible>
						<visible>substring(Window.Property(plexbmc.1.type),show)</visible>
                    </item>
                    <item id="14">
                        <label>$INFO[Window.Property(plexbmc.2.title)]</label>
                        <label2>$INFO[Window.Property(plexbmc.2.subtitle)]</label2>
                        <onclick>$INFO[Window.Property(plexbmc.2.path)]</onclick>
                        <visible>Skin.HasSetting(plexbmcok)</visible>
                        <visible>!IsEmpty(Window.Property(plexbmc.2.title))</visible>
						<visible>substring(Window.Property(plexbmc.2.type),show)</visible>
                    </item>
                    <item id="15">
                        <label>$INFO[Window.Property(plexbmc.3.title)]</label>
                        <label2>$INFO[Window.Property(plexbmc.3.subtitle)]</label2>
                        <onclick>$INFO[Window.Property(plexbmc.3.path)]</onclick>
                        <visible>Skin.HasSetting(plexbmcok)</visible>
                        <visible>!IsEmpty(Window.Property(plexbmc.3.title))</visible>
						<visible>substring(Window.Property(plexbmc.3.type),show)</visible>
                    </item>
                    <item id="16">
                        <label>$INFO[Window.Property(plexbmc.4.title)]</label>
                        <label2>$INFO[Window.Property(plexbmc.4.subtitle)]</label2>
                        <onclick>$INFO[Window.Property(plexbmc.4.path)]</onclick>
                        <visible>Skin.HasSetting(plexbmcok)</visible>
                        <visible>!IsEmpty(Window.Property(plexbmc.4.title))</visible>
						<visible>substring(Window.Property(plexbmc.4.type),show)</visible>
                    </item>
                    <item id="17">
                        <label>$INFO[Window.Property(plexbmc.5.title)]</label>
                        <label2>$INFO[Window.Property(plexbmc.5.subtitle)]</label2>
                        <onclick>$INFO[Window.Property(plexbmc.5.path)]</onclick>
                        <visible>Skin.HasSetting(plexbmcok)</visible>
                        <visible>!IsEmpty(Window.Property(plexbmc.5.title))</visible>
						<visible>substring(Window.Property(plexbmc.5.type),show)</visible>
                    </item>
                    <item id="18">
                        <label>$INFO[Window.Property(plexbmc.6.title)]</label>
                        <label2>$INFO[Window.Property(plexbmc.6.subtitle)]</label2>
                        <onclick>$INFO[Window.Property(plexbmc.6.path)]</onclick>
                        <visible>Skin.HasSetting(plexbmcok)</visible>
                        <visible>!IsEmpty(Window.Property(plexbmc.6.title))</visible>
						<visible>substring(Window.Property(plexbmc.6.type),show)</visible>
                    </item>
                    <item id="19">
                        <label>$INFO[Window.Property(plexbmc.7.title)]</label>
                        <label2>$INFO[Window.Property(plexbmc.7.subtitle)]</label2>
                        <onclick>$INFO[Window.Property(plexbmc.7.path)]</onclick>
                        <visible>Skin.HasSetting(plexbmcok)</visible>
                        <visible>!IsEmpty(Window.Property(plexbmc.7.title))</visible>
						<visible>substring(Window.Property(plexbmc.7.type),show)</visible>
                    </item>
                    <item id="20">
                        <label>$INFO[Window.Property(plexbmc.8.title)]</label>
                        <label2>$INFO[Window.Property(plexbmc.8.subtitle)]</label2>
                        <onclick>$INFO[Window.Property(plexbmc.8.path)]</onclick>
                        <visible>Skin.HasSetting(plexbmcok)</visible>
                        <visible>!IsEmpty(Window.Property(plexbmc.8.title))</visible>
						<visible>substring(Window.Property(plexbmc.8.type),show)</visible>
                    </item>
                    <item id="21">
                        <label>$INFO[Window.Property(plexbmc.9.title)]</label>
                        <label2>$INFO[Window.Property(plexbmc.9.subtitle)]</label2>
                        <onclick>$INFO[Window.Property(plexbmc.9.path)]</onclick>
                        <visible>Skin.HasSetting(plexbmcok)</visible>
                        <visible>!IsEmpty(Window.Property(plexbmc.9.title))</visible>
						<visible>substring(Window.Property(plexbmc.9.type),show)</visible>
                    </item>
				</content>
				<include>Animation302</include>
			</control>


		<control type="list" id="303" description="Music">
				<visible>!Skin.HasSetting(MusicSectionHide)</visible>
				<visible>skin.hassetting(plexbmcok)</visible>
				<width>190</width>
				<onleft>302</onleft>
				<onright>304</onright>
				<onup>313</onup>
				<ondown>-</ondown>
				<include>Sublist</include>
				<content>
                    <item id="12">
                        <label>$INFO[Window.Property(plexbmc.0.title)]</label>
                        <label2>$INFO[Window.Property(plexbmc.0.subtitle)]</label2>
                        <onclick>$INFO[Window.Property(plexbmc.0.path)]</onclick>
                        <visible>Skin.HasSetting(plexbmcok)</visible>
                        <visible>!IsEmpty(Window.Property(plexbmc.0.title))</visible>
						<visible>substring(Window.Property(plexbmc.0.type),artist)</visible>
                    </item>
                    <item id="13">
                        <label>$INFO[Window.Property(plexbmc.1.title)]</label>
                        <label2>$INFO[Window.Property(plexbmc.1.subtitle)]</label2>
                        <onclick>$INFO[Window.Property(plexbmc.1.path)]</onclick>
                        <visible>Skin.HasSetting(plexbmcok)</visible>
                        <visible>!IsEmpty(Window.Property(plexbmc.1.title))</visible>
						<visible>substring(Window.Property(plexbmc.1.type),artist)</visible>
                    </item>
                    <item id="14">
                        <label>$INFO[Window.Property(plexbmc.2.title)]</label>
                        <label2>$INFO[Window.Property(plexbmc.2.subtitle)]</label2>
                        <onclick>$INFO[Window.Property(plexbmc.2.path)]</onclick>
                        <visible>Skin.HasSetting(plexbmcok)</visible>
                        <visible>!IsEmpty(Window.Property(plexbmc.2.title))</visible>
						<visible>substring(Window.Property(plexbmc.2.type),artist)</visible>
                    </item>
                    <item id="15">
                        <label>$INFO[Window.Property(plexbmc.3.title)]</label>
                        <label2>$INFO[Window.Property(plexbmc.3.subtitle)]</label2>
                        <onclick>$INFO[Window.Property(plexbmc.3.path)]</onclick>
                        <visible>Skin.HasSetting(plexbmcok)</visible>
                        <visible>!IsEmpty(Window.Property(plexbmc.3.title))</visible>
						<visible>substring(Window.Property(plexbmc.3.type),artist)</visible>
                    </item>
                    <item id="16">
                        <label>$INFO[Window.Property(plexbmc.4.title)]</label>
                        <label2>$INFO[Window.Property(plexbmc.4.subtitle)]</label2>
                        <onclick>$INFO[Window.Property(plexbmc.4.path)]</onclick>
                        <visible>Skin.HasSetting(plexbmcok)</visible>
                        <visible>!IsEmpty(Window.Property(plexbmc.4.title))</visible>
						<visible>substring(Window.Property(plexbmc.4.type),artist)</visible>
                    </item>
                    <item id="17">
                        <label>$INFO[Window.Property(plexbmc.5.title)]</label>
                        <label2>$INFO[Window.Property(plexbmc.5.subtitle)]</label2>
                        <onclick>$INFO[Window.Property(plexbmc.5.path)]</onclick>
                        <visible>Skin.HasSetting(plexbmcok)</visible>
                        <visible>!IsEmpty(Window.Property(plexbmc.5.title))</visible>
						<visible>substring(Window.Property(plexbmc.5.type),artist)</visible>
                    </item>
                    <item id="18">
                        <label>$INFO[Window.Property(plexbmc.6.title)]</label>
                        <label2>$INFO[Window.Property(plexbmc.6.subtitle)]</label2>
                        <onclick>$INFO[Window.Property(plexbmc.6.path)]</onclick>
                        <visible>Skin.HasSetting(plexbmcok)</visible>
                        <visible>!IsEmpty(Window.Property(plexbmc.6.title))</visible>
						<visible>substring(Window.Property(plexbmc.6.type),artist)</visible>
                    </item>
                    <item id="19">
                        <label>$INFO[Window.Property(plexbmc.7.title)]</label>
                        <label2>$INFO[Window.Property(plexbmc.7.subtitle)]</label2>
                        <onclick>$INFO[Window.Property(plexbmc.7.path)]</onclick>
                        <visible>Skin.HasSetting(plexbmcok)</visible>
                        <visible>!IsEmpty(Window.Property(plexbmc.7.title))</visible>
						<visible>substring(Window.Property(plexbmc.7.type),artist)</visible>
                    </item>
                    <item id="20">
                        <label>$INFO[Window.Property(plexbmc.8.title)]</label>
                        <label2>$INFO[Window.Property(plexbmc.8.subtitle)]</label2>
                        <onclick>$INFO[Window.Property(plexbmc.8.path)]</onclick>
                        <visible>Skin.HasSetting(plexbmcok)</visible>
                        <visible>!IsEmpty(Window.Property(plexbmc.8.title))</visible>
						<visible>substring(Window.Property(plexbmc.8.type),artist)</visible>
                    </item>
                    <item id="21">
                        <label>$INFO[Window.Property(plexbmc.9.title)]</label>
                        <label2>$INFO[Window.Property(plexbmc.9.subtitle)]</label2>
                        <onclick>$INFO[Window.Property(plexbmc.9.path)]</onclick>
                        <visible>Skin.HasSetting(plexbmcok)</visible>
                        <visible>!IsEmpty(Window.Property(plexbmc.9.title))</visible>
						<visible>substring(Window.Property(plexbmc.9.type),artist)</visible>
                    </item>
                    <item id="22">
                        <label>Plex plugins</label>
						<onclick>ActivateWindow(MusicFiles,plugin://plugin.video.plexbmc/?url=http://music&mode=22,return)</onclick>
                        <visible>Skin.HasSetting(plexbmcok)</visible>
                    </item>
	 				<item id="23" description="Picture apps">
						<label>XBMC addons</label>
						<onclick>XBMC.ActivateWindow(MusicLibrary,Addons)</onclick>
					</item>


    			</content>
				<include>Animation303</include>
			</control>


			<control type="list" id="304" description="Pictures">
				<visible>!Skin.HasSetting(PicturesSectionHide)</visible>
				<visible>skin.hassetting(plexbmcok)</visible>
				<width>190</width>
				<onleft>303</onleft>
				<onright>305</onright>
				<onup>314</onup>
				<ondown>-</ondown>
				<include>Sublist</include>
				<content>
					<item id="1" description="Pictures">
						<label>Plex Plugins</label>
						<onclick>ActivateWindow(Pictures,plugin://plugin.video.plexbmc/?url=http://photo&mode=22,return)</onclick>
					</item>
 				<item id="3" description="Picture apps">
						<label>XBMC addons</label>
						<onclick>XBMC.ActivateWindow(Pictures,Addons)</onclick>
				</item>

				</content>
				<include>Animation304</include>
			</control>


			
			<control type="list" id="305" description="Addons">
				<visible>!Skin.HasSetting(AddonsSectionHide)</visible>
				<visible>skin.hassetting(plexbmcok)</visible>
				<width>190</width>
				<onleft>304</onleft>
				<onright>306</onright>
				<onup>315</onup>
				<ondown>-</ondown>
				<include>Sublist</include>
				<content>
					<item id="4" description="Video apps">
						<label>Plex plugins</label>
						<onclick>ActivateWindow(VideoLibrary,plugin://plugin.video.plexbmc/?url=http://video&mode=22,return)</onclick>
					</item>
					<item id="5" description="Music apps">
						<label>XBMC addons</label>
						<onclick>ActivateWindow(VideoLibrary,Addons)</onclick>
					</item>
				</content>
				<include>Animation305</include>
			</control>

            <control type="list" id="306" description="XBMC">
                <visible>skin.hassetting(plexbmcok)</visible>
				<width>190</width>
				<onleft>305</onleft>
				<onright>301</onright>
				<onup>316</onup>
				<ondown>-</ondown>
				<include>Sublist</include>
				<content>
   					<item id="11" description="Settings">
						<label>Plex Online</label>
						<onclick>ActivateWindow(VideoLibrary,plugin://plugin.video.plexbmc/?url=http://online&mode=22,return)</onclick>
					</item>

                <item id="10" description="Settings">
                        <visible>!Skin.HasSetting(Addons6)</visible>
						<label>Addons</label>
						<onclick>XBMC.ActivateWindow(Addonbrowser,Root)</onclick>
					</item>

					<item id="0" description="Play disc">
						<visible>System.HasMediadvd</visible>
						<label>341</label>
						<onclick>PlayDVD</onclick>
					</item>
					<item id="0" description="Now playing Video">
						<visible>Player.HasVideo</visible>
						<label scroll="true">$LOCALIZE[13350]</label>
						<onclick>ActivateWindow(2005)</onclick>
					</item>
					<item id="0" description="Now playing Audio">
						<visible>Player.HasAudio</visible>
						<label scroll="true">$LOCALIZE[13350]</label>
						<onclick>ActivateWindow(2006)</onclick>
					</item>
					<item id="1" description="Disc">
						<visible>System.HasMediadvd</visible>
						<label>13391</label>
						<onclick>EjectTray()</onclick>
					</item>
					<item id="4" description="Settings">
						<label>System</label>
						<onclick>ActivateWindow(Settings)</onclick>
					</item>
					<item id="9" description="plexmbsetting">
                        <label>Configuration</label>
                        <onclick>XBMC.RunScript(plugin.video.plexbmc,setting)</onclick>
                        <visible>Skin.HasSetting(plexbmcok)</visible> 
					</item>
					<item id="8" description="Shutdown">
						<label>13012</label>
						<onclick>ActivateWindow(shutdownmenu)</onclick>
					</item>

				</content>
				<include>Animation306</include>
			</control>

            
			<animation type="Conditional" condition="Control.HasFocus(51)">
				<effect type="fade" start="100" end="70" time="300" reversible="true" />
			</animation>
		</control>
		<control type="rss" description="RSS Feed">
			<animation type="Conditional" condition="!Control.HasFocus(306)">
				<effect type="fade" start="100" end="0" time="300" reversible="true" />
			</animation>
			<posx>0</posx>
			<posy>685</posy>
			<width>1280</width>
			<height>20</height>
			<font>XXSmall</font>
			<urlset>1</urlset>
			<shadowcolor>Black</shadowcolor>
			<titlecolor>Grey</titlecolor>
			<headlinecolor>White</headlinecolor>
			<textcolor>White</textcolor>
		</control>
	
		<include>Debug_Grid</include>
	</controls>
    </include>
</includes>
    
