<window id="105">
	<defaultcontrol always="true">1</defaultcontrol>
	<allowoverlay>yes</allowoverlay>

	<controls>

		<control type="image" id="1">
			<description>Pointer</description>
			<width>30</width>
			<height>30</height>
			<texture>pointer/PointerNF.png</texture>
		</control>

		<control type="image" id="2">
			<description>Pointer Focus</description>
			<width>30</width>
			<height>30</height>
			<texture>pointer/PointerFo.png</texture>
		</control>

		<control type="image" id="3">
			<description>Pointer Drag</description>
			<width>30</width>
			<height>30</height>
			<texture>pointer/PointerDrag.png</texture>
		</control>

		<control type="image" id="4">
			<description>pointer_click</description>
			<width>30</width>
			<height>30</height>
			<texture>pointer/PointerClick.png</texture>
		</control>

	</controls>

</window>