<includes>
    <include name="QuartzHome">
	<controls>
		
		<include>GlobalBackground</include>
		
        <control type="button" id="8999" >
			<posx>-20</posx>
			<posy>-20</posy>
			<width>1</width>
			<height>1</height>
			<label>-</label>
			<font>-</font>
			<onfocus>SetFocus(300)</onfocus>
			<texturenofocus>-</texturenofocus>
			<texturefocus>-</texturefocus>
        </control>
			
		<!--HOME TOP-->
		<control type="group" description="Furniture">
			<control type="image" description="Stage">
				<posx>0</posx>
				<posy>52</posy>
				<width>1280</width>
				<height>320</height>
				<aspectratio>stretch</aspectratio>
				<texture>img/IconStage.png</texture>
			</control>
			<control type="image" description="Separator">
				<posy>328</posy>
				<posx>-10</posx>
				<height>2</height>
				<width>1300</width>
				<texture>img/OldButtonFO.png</texture>
			</control>
			<control type="image" description="Separator">
				<posy>380</posy>
				<posx>-10</posx>
				<height>2</height>
				<width>1300</width>
				<texture>img/OldButtonFO.png</texture>
			</control>
		
			<!--TOP SHORTCUTS-->
		<control type="group" id="51">
			<include condition="Skin.HasSetting(Movies_Recently_Added)">Movies_RA</include>
			<include condition="Skin.HasSetting(TV_Recently_Added)">TV_RA</include>
			<include condition="Skin.HasSetting(Music_Recently_Added)">Music_RA</include>
			<include condition="Skin.HasSetting(Movies_Custom_Shortcuts)">Movies_Shortcuts</include>
			<include condition="Skin.HasSetting(TV_Custom_Shortcuts)">TV_Shortcuts</include>
			<include condition="Skin.HasSetting(Music_Custom_Shortcuts)">Music_Shortcuts</include>
			<include condition="Skin.HasSetting(Pictures_Custom_Shortcuts)">Pictures_Shortcuts</include>
			<include condition="Skin.HasSetting(Addons_Custom_Shortcuts)">Addons_Shortcuts</include>
			<include condition="Skin.HasSetting(XBMC_Custom_Shortcuts)">XBMC_Shortcuts</include>
		</control>
		
			<control type="group">
				<visible>[ControlGroup(300).HasFocus(301) + !Control.IsVisible(311)] | [ControlGroup(300).HasFocus(302) + !Control.IsVisible(312)] | [ControlGroup(300).HasFocus(303) + !Control.IsVisible(313)] | [ControlGroup(300).HasFocus(304) + !Control.IsVisible(314)] | [ControlGroup(300).HasFocus(305) + !Control.IsVisible(315)] | [ControlGroup(300).HasFocus(306) + !Control.IsVisible(316)] + !Player.HasAudio</visible>
				<animation effect="fade" time="200">VisibleChange</animation>
				<control type="image" description="Logo">
					<posx>450</posx>
					<posy>152</posy>
					<width>380</width>
					<height>94</height>
					<aspectratio align="center" aligny="bottom">keep</aspectratio>
					<texture background="true">img/XbmcLogo.png</texture>
					<animation effect="fade" time="200">VisibleChange</animation>
				</control>
				<control type="image" description="Logo reflection">
					<posx>450</posx>
					<posy>248</posy>
					<width>380</width>
					<height>94</height>
					<texture background="true" diffuse="img/Reflection2.png" flipy="true">img/XbmcLogo.png</texture>
					<aspectratio align="center" aligny="top">keep</aspectratio>
					<animation effect="fade" time="200">VisibleChange</animation>
				</control>
			</control>
			<control type="image" description="Locked on">
				<visible>System.HasLocks + !System.IsMaster</visible>
				<posy>338</posy>
				<posx>86r</posx>
				<width>34</width>
				<height>34</height>
				<texture>img/NowLocked.png</texture>
				<aspectratio>keep</aspectratio>
			</control>
			<control type="group" description="Now Playing Audio">
				<visible>ControlGroup(300).HasFocus(306) + Player.HasAudio</visible>
				<posy>85</posy>
				<posx>270r</posx>
				<control type="image" description="Audio">
					<width>190</width>
					<height>190</height>
					<texture background="true">$INFO[MusicPlayer.Cover]</texture>
					<aspectratio aligny="bottom">keep</aspectratio>
				</control>
				<control type="image">
					<posy>192</posy>
					<width>190</width>
					<height>190</height>
					<texture background="true" diffuse="img/Reflection.png" flipy="true">$INFO[MusicPlayer.Cover]</texture>
					<aspectratio aligny="top">keep</aspectratio>
				</control>
				<control type="image">
					<posy>150</posy>
					<posx>190r</posx>
					<width>30</width>
					<height>30</height>
					<texture>img/NowPlaying.png</texture>
					<aspectratio>keep</aspectratio>
				</control>
			</control>
			<control type="group" description="Now Playing Video">
				<visible>ControlGroup(300).HasFocus(306) + Player.HasVideo</visible>
				<posy>85</posy>
				<posx>270r</posx>
				<control type="image" description="Video">
					<width>190</width>
					<height>190</height>
					<texture background="true">$INFO[VideoPlayer.Cover]</texture>
					<aspectratio aligny="bottom">keep</aspectratio>
				</control>
				<control type="image">
					<posy>192</posy>
					<width>190</width>
					<height>190</height>
					<texture background="true" diffuse="img/Reflection.png" flipy="true">$INFO[VideoPlayer.Cover]</texture>
					<aspectratio aligny="top">keep</aspectratio>
				</control>
				<control type="image">
					<posy>150</posy>
					<posx>190r</posx>
					<width>30</width>
					<height>30</height>
					<texture>img/NowPlaying.png</texture>
					<aspectratio>keep</aspectratio>
				</control>
			</control>
		</control>
				
			
		<!--NAVBAR-->
		<control type="group" description="Home NavBar">
			<posx>0</posx>
			<posy>325</posy>
			<control type="grouplist" description="Home Bar">
				<width min="190" max="1280">auto</width>
				<height>60</height>
				<align>center</align>
				<aligny>center</aligny>
				<orientation>horizontal</orientation>
				<control type="button" id="901" description="Movies">
					<visible>!Skin.HasSetting(MoviesSectionHide)</visible>
					<animation type="Conditional" condition="!Control.HasFocus(901) + !Control.HasFocus(311) + !ControlGroup(300).HasFocus(301)">
						<effect type="fade" start="100" end="80" time="300" reversible="true" />
					</animation>
					<label>342</label>
					<width>190</width>
					<height>60</height>
					<aligny>center</aligny>
					<font>Large</font>
					<shadowcolor>-</shadowcolor>
					<textoffsetx>0</textoffsetx>
					<texturefocus>-</texturefocus>
					<onclick>Control.SetFocus(301)</onclick>
				</control>
				<control type="button" id="902" description="TV">
					<visible>!Skin.HasSetting(TVSectionHide)</visible>
					<animation type="Conditional" condition="!Control.HasFocus(902) + !Control.HasFocus(312) + !ControlGroup(300).HasFocus(302)">
						<effect type="fade" start="100" end="80" time="300" reversible="true" />
					</animation>
					<label>20343</label>
					<width>190</width>
					<height>60</height>
					<font>Large</font>
					<shadowcolor>-</shadowcolor>
					<textoffsetx>0</textoffsetx>
					<texturefocus>-</texturefocus>
					<onclick>Control.SetFocus(302)</onclick>
				</control>
				<control type="button" id="903" description="Music">
					<visible>!Skin.HasSetting(MusicSectionHide)</visible>
					<animation type="Conditional" condition="!Control.HasFocus(903) + !Control.HasFocus(313) + !ControlGroup(300).HasFocus(303)">
						<effect type="fade" start="100" end="80" time="300" reversible="true" />
					</animation>
					<label>2</label>
					<width>190</width>
					<height>60</height>
					<font>Large</font>
					<shadowcolor>-</shadowcolor>
					<textoffsetx>0</textoffsetx>
					<texturefocus>-</texturefocus>
					<onclick>Control.SetFocus(303)</onclick>
				</control>
				<control type="button" id="904" description="Pictures">
					<visible>!Skin.HasSetting(PicturesSectionHide)</visible>
					<animation type="Conditional" condition="!Control.HasFocus(904) + !Control.HasFocus(314) + !ControlGroup(300).HasFocus(304)">
						<effect type="fade" start="100" end="80" time="300" reversible="true" />
					</animation>
					<label>1</label>
					<width>190</width>
					<height>60</height>
					<font>Large</font>
					<shadowcolor>-</shadowcolor>
					<textoffsetx>0</textoffsetx>
					<texturefocus>-</texturefocus>
					<!--<texturenofocus>img/Menu.png</texturenofocus>-->
					<onclick>Control.SetFocus(304)</onclick>
				</control>
				<control type="button" id="905" description="Addons">
					<visible>!Skin.HasSetting(AddonsSectionHide)</visible>
					<animation type="Conditional" condition="!Control.HasFocus(905) + !Control.HasFocus(315) + !ControlGroup(300).HasFocus(305)">
						<effect type="fade" start="100" end="80" time="300" reversible="true" />
					</animation>
					<label>24001</label>
					<width>190</width>
					<height>60</height>
					<font>Large</font>
					<shadowcolor>-</shadowcolor>
					<textoffsetx>0</textoffsetx>
					<texturefocus>-</texturefocus>
					<!--<texturenofocus>img/Menu.png</texturenofocus>-->
					<onclick>Control.SetFocus(305)</onclick>
				</control>


				<control type="button" id="906" description="XBMC">
					<animation type="Conditional" condition="!Control.HasFocus(906) + !Control.HasFocus(316) + !ControlGroup(300).HasFocus(306)">
						<effect type="fade" start="100" end="80" time="300" reversible="true" />
					</animation>
					<label>XBMC</label>
					<width>190</width>
					<height>60</height>
					<font>Large</font>
					<shadowcolor>-</shadowcolor>
					<textoffsetx>0</textoffsetx>
					<texturefocus>-</texturefocus>
					<!--<texturenofocus>img/Menu.png</texturenofocus>-->
					<onclick>Control.SetFocus(306)</onclick>
				</control>
			</control>
		</control>
		
		
		<control type="grouplist" description="Sliders">
			<visible>!Control.HasFocus(311) + !Control.HasFocus(312) + !Control.HasFocus(313) + !Control.HasFocus(314) + !Control.HasFocus(315) + !Control.HasFocus(316)</visible>
			<posx>0</posx>
			<posy>392</posy>
			<width min="190" max="1280">auto</width>
			<height>280</height>
			<align>center</align>
			<aligny>top</aligny>
			<orientation>horizontal</orientation>
			<include>Slider301</include>
			<include>Slider302</include>
			<include>Slider303</include>
			<include>Slider304</include>
			<include>Slider305</include>
			<include>Slider306</include>
		</control>
		<control type="grouplist" id="300" description="Submenus">
			<posy>395</posy>
			<width min="190" max="1280">auto</width>
			<height>280</height>
			<align>center</align>
			<onup>51</onup>
			<orientation>horizontal</orientation>
			<control type="panel" id="301" description="Movies">
				<visible>!Skin.HasSetting(MoviesSectionHide)</visible>
				<width>190</width>
				<onleft>306</onleft>
				<onright>302</onright>
				<onup>311</onup>
				<ondown>-</ondown>
				<include>Sublist</include>
				<content>
					<item id="0" description="MyMovies">
						<visible>!Skin.HasSetting(Movies1)</visible>
						<visible>Library.HasContent(Movies)</visible>
						<label>342</label>
						<onclick>ActivateWindow(VideoLibrary,MovieTitles,return)</onclick>
					</item>
					<item id="1" description="RA Movies">
						<visible>!Skin.HasSetting(Movies2)</visible>
						<visible>Library.HasContent(Movies)</visible>
						<label>31035</label>
						<onclick>ActivateWindow(VideoLibrary,RecentlyAddedMovies,return)</onclick>
					</item>
					<item id="2" description="InProgress">
						<visible>!Skin.HasSetting(Movies3)</visible>
						<visible>Library.HasContent(Movies)</visible>
						<label>575</label>
						<onclick>ActivateWindow(VideoLibrary,special://skin/playlists/MoviesInProgress.xsp,return)</onclick>
					</item>
					<item id="3" description="Custom Movies">
						<visible>Skin.HasSetting(MoviesSubmenuCustom) + !IsEmpty(Skin.String(CustomMovies_Label1)) + !IsEmpty(Skin.String(CustomMovies_Path1))</visible>
						<label>$INFO[Skin.String(CustomMovies_Label1)]</label>
						<onclick>$INFO[Skin.String(CustomMovies_Path1)]</onclick>
					</item>
					<item id="4" description="Shortcut2">
						<visible>Skin.HasSetting(MoviesSubmenuCustom) + !IsEmpty(Skin.String(CustomMovies_Label2)) + !IsEmpty(Skin.String(CustomMovies_Path2))</visible>
						<label>$INFO[Skin.String(CustomMovies_Label2)]</label>
						<onclick>$INFO[Skin.String(CustomMovies_Path2)]</onclick>
					</item>
					<item id="5" description="Shortcut3">
						<visible>Skin.HasSetting(MoviesSubmenuCustom) + !IsEmpty(Skin.String(CustomMovies_Label3)) + !IsEmpty(Skin.String(CustomMovies_Path3))</visible>
						<label>$INFO[Skin.String(CustomMovies_Label3)]</label>
						<onclick>$INFO[Skin.String(CustomMovies_Path3)]</onclick>
					</item>
					<item id="6" description="Shortcut4">
						<visible>Skin.HasSetting(MoviesSubmenuCustom) + !IsEmpty(Skin.String(CustomMovies_Label4)) + !IsEmpty(Skin.String(CustomMovies_Path4))</visible>
						<label>$INFO[Skin.String(CustomMovies_Label4)]</label>
						<onclick>$INFO[Skin.String(CustomMovies_Path4)]</onclick>
					</item>
					<item id="7" description="Shortcut5">
						<visible>Skin.HasSetting(MoviesSubmenuCustom) + !IsEmpty(Skin.String(CustomMovies_Label5)) + !IsEmpty(Skin.String(CustomMovies_Path5))</visible>
						<label>$INFO[Skin.String(CustomMovies_Label5)]</label>
						<onclick>$INFO[Skin.String(CustomMovies_Path5)]</onclick>
					</item>
					<item id="8" description="Files">
						<visible>!Skin.HasSetting(Movies4) + SubString(System.BuildVersion,10.1,Left)</visible>
						<label>744</label>
						<onclick>ActivateWindow(VideoFiles)</onclick>
					</item>
					<item id="8" description="Library">
						<visible>!Skin.HasSetting(Movies4) + !SubString(System.BuildVersion,10.1,Left)</visible>
						<label>744</label>
						<onclick>ActivateWindow(Videos,Files,return)</onclick>
					</item>
					<item id="9" description="Library">
						<visible>!Skin.HasSetting(Movies5)</visible>
						<icon>img/MoreFO.png</icon>
						<onclick>ActivateWindow(VideoLibrary,Root)</onclick>
					</item>				
				</content>
				<include>Animation301</include>
			</control>
			
			
			
			<control type="panel" id="302" description="TVShows">
				<visible>!Skin.HasSetting(TVSectionHide)</visible>
				<width>190</width>
				<onleft>301</onleft>
				<onright>303</onright>
				<onup>312</onup>
				<ondown>-</ondown>
				<include>Sublist</include>
				<content>
					<item id="0" description="MyTVShows">
						<visible>!Skin.HasSetting(TV1)</visible>
						<visible>Library.HasContent(TVShows)</visible>
						<label>20343</label>
						<onclick>ActivateWindow(VideoLibrary,TvShowTitles,return)</onclick>
					</item>
					<item id="1" description="RA Episodes">
						<visible>!Skin.HasSetting(TV2)</visible>
						<visible>Library.HasContent(TVShows)</visible>
						<label>31035</label>
						<onclick>ActivateWindow(VideoLibrary,RecentlyAddedEpisodes,return)</onclick>
					</item>
					<item id="2" description="InProgress">
						<visible>!Skin.HasSetting(TV3)</visible>
						<visible>Library.HasContent(TVShows)</visible>
						<label>575</label>
						<onclick>ActivateWindow(VideoLibrary,special://skin/playlists/TVInProgress.xsp,return)</onclick>
					</item>
					<item id="3" description="Custom TV">
						<visible>Skin.HasSetting(TVSubmenuCustom) + !IsEmpty(Skin.String(CustomTV_Label1)) + !IsEmpty(Skin.String(CustomTV_Path1))</visible>
						<label>$INFO[Skin.String(CustomTV_Label1)]</label>
						<onclick>$INFO[Skin.String(CustomTV_Path1)]</onclick>
					</item>
					<item id="4" description="Shortcut2">
						<visible>Skin.HasSetting(TVSubmenuCustom) + !IsEmpty(Skin.String(CustomTV_Label2)) + !IsEmpty(Skin.String(CustomTV_Path2))</visible>
						<label>$INFO[Skin.String(CustomTV_Label2)]</label>
						<onclick>$INFO[Skin.String(CustomTV_Path2)]</onclick>
					</item>
					<item id="5" description="Shortcut3">
						<visible>Skin.HasSetting(TVSubmenuCustom) + !IsEmpty(Skin.String(CustomTV_Label3)) + !IsEmpty(Skin.String(CustomTV_Path3))</visible>
						<label>$INFO[Skin.String(CustomTV_Label3)]</label>
						<onclick>$INFO[Skin.String(CustomTV_Path3)]</onclick>
					</item>
					<item id="6" description="Shortcut4">
						<visible>Skin.HasSetting(TVSubmenuCustom) + !IsEmpty(Skin.String(CustomTV_Label4)) + !IsEmpty(Skin.String(CustomTV_Path4))</visible>
						<label>$INFO[Skin.String(CustomTV_Label4)]</label>
						<onclick>$INFO[Skin.String(CustomTV_Path4)]</onclick>
					</item>
					<item id="7" description="Shortcut5">
						<visible>Skin.HasSetting(TVSubmenuCustom) + !IsEmpty(Skin.String(CustomTV_Label5)) + !IsEmpty(Skin.String(CustomTV_Path5))</visible>
						<label>$INFO[Skin.String(CustomTV_Label5)]</label>
						<onclick>$INFO[Skin.String(CustomTV_Path5)]</onclick>
					</item>
					<item id="8" description="Files">
						<visible>!Skin.HasSetting(TV4) + SubString(System.BuildVersion,10.1,Left)</visible>
						<label>744</label>
						<onclick>ActivateWindow(VideoFiles)</onclick>
					</item>
					<item id="8" description="Library">
						<visible>!Skin.HasSetting(TV4) + !SubString(System.BuildVersion,10.1,Left)</visible>
						<label>744</label>
						<onclick>ActivateWindow(Videos,Files,return)</onclick>
					</item>
					<item id="9" description="Library">
						<visible>!Skin.HasSetting(TV5)</visible>
						<icon>img/MoreFO.png</icon>
						<onclick>ActivateWindow(VideoLibrary,Root)</onclick>
					</item>
				</content>
				<include>Animation302</include>
			</control>
			
			
			
			
			<control type="list" id="303" description="Music">
				<visible>!Skin.HasSetting(MusicSectionHide)</visible>
				<width>190</width>
				<onleft>302</onleft>
				<onright>304</onright>
				<onup>313</onup>
				<ondown>-</ondown>
				<include>Sublist</include>
				<content>
					<item id="0" description="Artist">
						<visible>!Skin.HasSetting(Music1)</visible>
						<visible>Library.HasContent(Music)</visible>
						<label>133</label>
						<onclick>ActivateWindow(MusicLibrary,Artists,return)</onclick>
					</item>
					<item id="1" description="Albums">
						<visible>!Skin.HasSetting(Music2)</visible>
						<visible>Library.HasContent(Music)</visible>
						<label>132</label>
						<onclick>ActivateWindow(MusicLibrary,Albums,return)</onclick>
					</item>
					<item id="2" description="Genres">
						<visible>!Skin.HasSetting(Music3)</visible>
						<visible>Library.HasContent(Music)</visible>
						<label>135</label>
						<onclick>ActivateWindow(MusicLibrary,Genres,return)</onclick>
					</item>
					<item id="3" description="Custom Music">
						<visible>Skin.HasSetting(MusicSubmenuCustom) + !IsEmpty(Skin.String(CustomMusic_Label1)) + !IsEmpty(Skin.String(CustomMusic_Path1))</visible>
						<label>$INFO[Skin.String(CustomMusic_Label1)]</label>
						<onclick>$INFO[Skin.String(CustomMusic_Path1)]</onclick>
					</item>
					<item id="4" description="Shortcut2">
						<visible>Skin.HasSetting(MusicSubmenuCustom) + !IsEmpty(Skin.String(CustomMusic_Label2)) + !IsEmpty(Skin.String(CustomMusic_Path2))</visible>
						<label>$INFO[Skin.String(CustomMusic_Label2)]</label>
						<onclick>$INFO[Skin.String(CustomMusic_Path2)]</onclick>
					</item>
					<item id="5" description="Shortcut3">
						<visible>Skin.HasSetting(MusicSubmenuCustom) + !IsEmpty(Skin.String(CustomMusic_Label3)) + !IsEmpty(Skin.String(CustomMusic_Path3))</visible>
						<label>$INFO[Skin.String(CustomMusic_Label3)]</label>
						<onclick>$INFO[Skin.String(CustomMusic_Path3)]</onclick>
					</item>
					<item id="6" description="Shortcut4">
						<visible>Skin.HasSetting(MusicSubmenuCustom) + !IsEmpty(Skin.String(CustomMusic_Label4)) + !IsEmpty(Skin.String(CustomMusic_Path4))</visible>
						<label>$INFO[Skin.String(CustomMusic_Label4)]</label>
						<onclick>$INFO[Skin.String(CustomMusic_Path4)]</onclick>
					</item>
					<item id="7" description="Shortcut5">
						<visible>Skin.HasSetting(MusicSubmenuCustom) + !IsEmpty(Skin.String(CustomMusic_Label5)) + !IsEmpty(Skin.String(CustomMusic_Path5))</visible>
						<label>$INFO[Skin.String(CustomMusic_Label5)]</label>
						<onclick>$INFO[Skin.String(CustomMusic_Path5)]</onclick>
					</item>
					<item id="8" description="Files">
						<visible>!Skin.HasSetting(Music4)</visible>
						<label>744</label>
						<onclick>ActivateWindow(MusicFiles)</onclick>
					</item>
					<item id="9" description="Library">
						<visible>!Skin.HasSetting(Music5)</visible>
						<visible>Library.HasContent(Music)</visible>
						<icon>img/MoreFO.png</icon>
						<onclick>ActivateWindow(MusicLibrary,Root)</onclick>
					</item>
				</content>
				<include>Animation303</include>
			</control>
			
			<control type="list" id="304" description="Pictures">
				<visible>!Skin.HasSetting(PicturesSectionHide)</visible>
				<width>190</width>
				<onleft>303</onleft>
				<onright>305</onright>
				<onup>314</onup>
				<ondown>-</ondown>
				<include>Sublist</include>
				<content>
					<item id="1" description="Pictures">
						<label>1</label>
						<onclick>ActivateWindow(Pictures)</onclick>
					</item>
				</content>
				<include>Animation304</include>
			</control>
			
			<control type="list" id="305" description="Addons">
				<visible>!Skin.HasSetting(AddonsSectionHide)</visible>
				<width>190</width>
				<onleft>304</onleft>
				<onright>306</onright>
				<onup>315</onup>
				<ondown>-</ondown>
				<include>Sublist</include>
				<content>
					<item id="1" description="Weather">
					<visible>!Skin.HasSetting(Addons1)</visible>
						<label>8</label>
						<onclick>ActivateWindow(Weather)</onclick>
					</item>
					<item id="2" description="Program apps">
					<visible>!Skin.HasSetting(Addons2)</visible>
						<label>0</label>
						<onclick>XBMC.ActivateWindow(Programs,Root)</onclick>
					</item>
					<item id="3" description="Picture apps">
					<visible>!Skin.HasSetting(Addons3)</visible>
						<label>1</label>
						<onclick>XBMC.ActivateWindow(Pictures,Addons)</onclick>
					</item>
					<item id="4" description="Video apps">
					<visible>!Skin.HasSetting(Addons4)</visible>
						<label>157</label>
						<onclick>ActivateWindow(VideoLibrary,Addons)</onclick>
					</item>
					<item id="5" description="Music apps">
					<visible>!Skin.HasSetting(Addons5)</visible>
						<visible>Library.HasContent(Music)</visible>
						<label>2</label>
						<onclick>ActivateWindow(MusicLibrary,Addons)</onclick>
					</item>
					<item id="6" description="Settings">
					<visible>!Skin.HasSetting(Addons6)</visible>
						<icon>img/MoreFO.png</icon>
						<onclick>XBMC.ActivateWindow(Addonbrowser,Root)</onclick>
					</item>
				</content>
				<include>Animation305</include>
			</control>


			<control type="list" id="306" description="XBMC">
				<width>190</width>
				<onleft>305</onleft>
				<onright>301</onright>
				<onup>316</onup>
				<ondown>-</ondown>
				<include>Sublist</include>
				<content>
					<item id="0" description="Play disc">
						<visible>System.HasMediadvd</visible>
						<label>341</label>
						<onclick>PlayDVD</onclick>
					</item>
					<item id="0" description="Now playing Video">
						<visible>Player.HasVideo</visible>
						<label scroll="true">$LOCALIZE[13350]</label>
						<onclick>ActivateWindow(2005)</onclick>
					</item>
					<item id="0" description="Now playing Audio">
						<visible>Player.HasAudio</visible>
						<label scroll="true">$LOCALIZE[13350]</label>
						<onclick>ActivateWindow(2006)</onclick>
					</item>
					<item id="1" description="Disc">
						<visible>System.HasMediadvd</visible>
						<label>13391</label>
						<onclick>EjectTray()</onclick>
					</item>
					<item id="2" description="File Manager">
						<visible>Skin.HasSetting(FileMan)</visible>
						<label>10003</label>
						<onclick>activatewindow(filemanager)</onclick>
					</item>
					<item id="3" description="Favorites">
						<visible>![Skin.HasSetting(FavsHide) | Skin.HasSetting(KioskEnabled)]</visible>
						<label>1036</label>
						<onclick>Skin.Reset(Favourites)</onclick>
						<onclick>Skin.Reset(ShortcutsSetup)</onclick>
						<onclick>Skin.Reset(Movies)</onclick>
						<onclick>Skin.Reset(TVShows)</onclick>
						<onclick>Skin.Reset(Music)</onclick>
						<onclick>Skin.SetString(Favourites,true)</onclick>
						<onclick>ActivateWindow(Favourites)</onclick>
					</item>
					<item id="4" description="Settings">
						<label>5</label>
						<onclick>ActivateWindow(Settings)</onclick>
					</item>
					<item id="5" description="LogOff Profile">
						<visible>System.HasLoginScreen</visible>
						<visible>System.Loggedon</visible>
						<label>13200</label>
						<onclick>dialog.close(all,true)</onclick>
						<onclick>System.LogOff</onclick>
					</item>
					<item id="6" description="Master mode button">
						<visible>System.HasLocks + System.IsMaster</visible>
						<label>12332</label>
						<onclick>xbmc.mastermode</onclick>
					</item>
					<item id="7" description="Master mode button">
						<visible>System.HasLocks + !System.IsMaster</visible>
						<label>12333</label>
						<onclick>xbmc.mastermode</onclick>
					</item>
					<item id="8" description="Shutdown">
						<label>13012</label>
						<onclick>ActivateWindow(shutdownmenu)</onclick>
					</item>
					<item id="9" description="Shutdown">
                        <label>PleXBMC Settings</label>
                        <onclick>XBMC.RunScript(plugin.video.plexbmc,setting)</onclick>
                        <visible>Skin.HasSetting(plexbmcok)</visible> 
					</item>

					<!--<item id="9" description="Suspend">
						<visible>Skin.HasSetting(XbmcSuspend)</visible>
						<label>13011</label>
						<onclick>XBMC.Suspend()</onclick>
					</item>
					<item id="10" description="Reboot">
						<visible>Skin.HasSetting(XbmcReboot)</visible>
						<label>13013</label>
						<onclick>XBMC.Reset()</onclick>
					</item>
					<item id="11" description="Quit">
						<visible>!Skin.HasSetting(XbmcQuit)</visible>
						<label>13009</label>
						<onclick>xbmc.quit</onclick>
					</item>-->
				</content>
				<include>Animation306</include>
			</control>
            
                       
			<animation type="Conditional" condition="Control.HasFocus(51)">
				<effect type="fade" start="100" end="70" time="300" reversible="true" />
			</animation>
		</control>
		<control type="rss" description="RSS Feed">
			<animation type="Conditional" condition="!Control.HasFocus(306)">
				<effect type="fade" start="100" end="0" time="300" reversible="true" />
			</animation>
			<posx>0</posx>
			<posy>685</posy>
			<width>1280</width>
			<height>20</height>
			<font>XXSmall</font>
			<urlset>1</urlset>
			<shadowcolor>Black</shadowcolor>
			<titlecolor>Grey</titlecolor>
			<headlinecolor>White</headlinecolor>
			<textcolor>White</textcolor>
		</control>
	
		<include>Debug_Grid</include>
	</controls>
    </include>
</includes>
    
    
