<window id="34">
	<defaultcontrol always="true">2</defaultcontrol>
	<allowoverlay>no</allowoverlay>
	<backgroundcolor>0</backgroundcolor>
	<controls>
		<include>GlobalBackground</include>
		<include>TopAndBottomSeparator</include>
		<control type="label" description="Heading">
			<posx>660</posx>
			<posy>25</posy>
			<align>center</align>
			<width>540</width>
			<font>XLarge</font>
			<label>10034</label>
		</control>
		<control type="label">
			<include>DialogID</include>
			<label>SettingsProfile.xml</label>
		</control>
		<control type="group" description="9000">
			<posx>150</posx>
			<posy>120</posy>
			<control type="image" description="Splitter">
				<posy>-40</posy>
				<posx>300</posx>
				<height>540</height>
				<texture flipx="true">img/Splitter.png</texture>
			</control>
			<control type="radiobutton" id="4">
				<description>Enable Login Screen</description>
				<posx>50</posx>
				<posy>200</posy>
				<height>50</height>
				<font>Small</font>
				<width>340</width>
				<label>20096</label>
				<align>left</align>
				<onright>2</onright>
				<onleft>-</onleft>
				<onup>-</onup>
				<ondown>2</ondown>
			</control>
		</control>
		<control type="group" description="Group 2">
			<visible>Control.IsVisible(2)</visible>
			<posx>640</posx>
			<posy>45</posy>
			<control type="image" description="Slider">
				<posx>10</posx>
				<posy>300</posy>
				<width>560</width>
				<height>50</height>
				<texture border="8">img/ButtonFO.png</texture>
				<aspectratio>stretch</aspectratio>
				<animation type="Conditional" condition="Control.HasFocus(4)">
					<effect type="fade" start="100" end="40" time="0" reversible="true" />
				</animation>
				<animation condition="Container(2).Position(0)" effect="slide" start="0,0" end="0,-250"
					time="220" reversible="true">Conditional</animation>
				<animation condition="Container(2).Position(1)" effect="slide" start="0,0" end="0,-200"
					time="220" reversible="true">Conditional</animation>
				<animation condition="Container(2).Position(2)" effect="slide" start="0,0" end="0,-150"
					time="220" reversible="true">Conditional</animation>
				<animation condition="Container(2).Position(3)" effect="slide" start="0,0" end="0,-100"
					time="220" reversible="true">Conditional</animation>
				<animation condition="Container(2).Position(4)" effect="slide" start="0,0" end="0,-50"
					time="220" reversible="true">Conditional</animation>
				<animation condition="Container(2).Position(5)" effect="slide" start="0,0" end="0,0"
					time="220" reversible="true">Conditional</animation>
				<animation condition="Container(2).Position(6)" effect="slide" start="0,0" end="0,50"
					time="220" reversible="true">Conditional</animation>
				<animation condition="Container(2).Position(7)" effect="slide" start="0,0" end="0,100"
					time="220" reversible="true">Conditional</animation>
				<animation condition="Container(2).Position(8)" effect="slide" start="0,0" end="0,150"
					time="220" reversible="true">Conditional</animation>
				<animation condition="Container(2).Position(9)" effect="slide" start="0,0" end="0,200"
					time="220" reversible="true">Conditional</animation>
				<animation condition="Container(2).Position(10)" effect="slide" start="0,0" end="0,250"
					time="220" reversible="true">Conditional</animation>
			</control>
			<control type="fixedlist" id="2">
				<posx>20</posx>
				<posy>50</posy>
				<width>600</width>
				<height>550</height>
				<onleft>4</onleft>
				<onright>60</onright>
				<onup>-</onup>
				<ondown>-</ondown>
				<pagecontrol>60</pagecontrol>
				<focusposition>5</focusposition>
				<movement>5</movement>
				<preloaditems>4</preloaditems>
				<scrolltime>220</scrolltime>
				<itemlayout width="540" height="50">
					<control type="label">
						<posx>15</posx>
						<width>520</width>
						<info>ListItem.Label</info>
					</control>
					<control type="label">
						<posx>10r</posx>
						<width>520</width>
						<align>right</align>
						<font>XXXSmall</font>
						<info>ListItem.Label2</info>
					</control>
				</itemlayout>
				<focusedlayout width="540" height="50">
					<control type="label">
						<posx>15</posx>
						<width>520</width>
						<info>ListItem.Label</info>
					</control>
					<control type="label">
						<posx>10r</posx>
						<width>520</width>
						<align>right</align>
						<font>XXXSmall</font>
						<info>ListItem.Label2</info>
					</control>
				</focusedlayout>
			</control>
		</control>
		<include>Debug_Grid</include>
	</controls>
</window>
