<window id="12">
	<defaultcontrol always="true">3</defaultcontrol>
	<allowoverlay>yes</allowoverlay>
	<backgroundcolor>0</backgroundcolor>
	<controls>
		<include>GlobalBackground</include>
		<control type="image" description="Splitter">
			<posy>120</posy>
			<posx>240</posx>
			<height>580</height>
			<texture>img/Splitter.png</texture>
		</control>
		<control type="image" description="Splitter">
			<posy>120</posy>
			<posx>220r</posx>
			<height>580</height>
			<texture flipx="true">img/Splitter.png</texture>
		</control>
		<control type="label">
			<include>WindowID</include>
			<label>SettingsCategory.xml</label>
		</control>
		<control type="image" description="separator Top">
			<posx>60</posx>
			<posy>110</posy>
			<width>1140</width>
			<height>2</height>
			<texture>img/ButtonFO.png</texture>
			<aspectratio>stretch</aspectratio>
		</control>
		<control type="label" description="Heading">
			<posx>0</posx>
			<posy>50</posy>
			<width>1280</width>
			<height>50</height>
			<align>center</align>
			<font>XLarge</font>
			<label>10004</label>
		</control>
		<control type="grouplist" id="3" description="Left - Button Area">
			<posx>40</posx>
			<posy>140</posy>
			<width>260</width>
			<height>480</height>
			<itemgap>0</itemgap>
			<onleft>5</onleft>
			<onright>5</onright>
			<onup>3</onup>
			<ondown>3</ondown>
			<orientation>vertical</orientation>
		</control>
		<control type="grouplist" id="5" description="Right - Control Area">
			<posx>360</posx>
			<posy>140</posy>
			<width>840</width>
			<height>560</height>
			<itemgap>2</itemgap>
			<onleft>3</onleft>
			<onright>3</onright>
			<onup>5</onup>
			<ondown>5</ondown>
			<orientation>vertical</orientation>
		</control>
		<control type="button" id="7" description="Button">
			<texturenofocus>-</texturenofocus>
			<font>Settings</font>
			<align>left</align>
		</control>
		<control type="radiobutton" id="8" description="Radio Button">
			<texturenofocus>-</texturenofocus>
			<radioposx>798</radioposx>
			<font>Settings</font>
			<align>left</align>
		</control>
		<control type="spincontrolex" id="9" description="Spin control">
			<texturenofocus>-</texturenofocus>
			<align>left</align>
			<font>Settings</font>
		</control>
		<control type="button" id="10" description="Category Button">
			<texturenofocus>-</texturenofocus>
			<align>left</align>
			<font>Settings</font>
		</control>
		<include>Debug_Grid</include>
	</controls>
</window>
