<window id="7">
	<defaultcontrol always="true">9000</defaultcontrol>
	<allowoverlay>no</allowoverlay>
	<backgroundcolor>0</backgroundcolor>

	<controls>

		<include>GlobalBackground</include>

		<control type="label">
			<include>WindowID</include>
			<label>SettingsSystemInfo.xml</label>
		</control>

		<control type="image" description="separator Top">
				<posx>70</posx>
				<posy>100</posy>
				<width>1100</width>
				<height>2</height>
				<texture>img/ButtonFO.png</texture>
				<aspectratio>stretch</aspectratio>
			</control>
			<control type="label" description="Heading">
				<posx>0</posx>
				<posy>40</posy>
				<width>1280</width>
				<height>50</height>
				<align>center</align>
				<font>XLarge</font>
				<label>130</label>
			</control>	
			
		<control type="group">
			<posy>30</posy>

			<control type="grouplist" id="9000">
				<posx>80</posx>
				<posy>80</posy>
				<width>200</width>
				<height>345</height>
				<itemgap>0</itemgap>
				<onleft>-</onleft>
				<onright>-</onright>
				<onup>9000</onup>
				<ondown>9000</ondown>

				<control type="button" id="95" description="General">
				
					<width>200</width>
					<label>20037</label>
				</control>

				<control type="button" id="94">
					<description>Storage</description>
					<width>200</width>
					<label>13277</label>
				</control>

				<control type="button" id="96">
					<description>Network</description>
					<width>200</width>
					<label>13279</label>
				</control>

				<control type="button" id="97">
					<description>Video</description>
					<width>200</width>
					<label>13280</label>
				</control>

				<control type="button" id="98">
					<description>Hardware</description>
					<width>200</width>
					<label>13281</label>
				</control>
			</control>

			<control type="grouplist">
				<posx>340</posx>
				<posy>80</posy>
				<width>760</width>
				<height>600</height>
				<itemgap>0</itemgap>

				<control type="label" id="52">
					<description>XBMC XBE BUILD Version</description>
					<width>760</width>
				</control>

				<control type="label" id="21">
					<description>CPU Text</description>
					<width>760</width>
					<font>XXSmall</font>
					<label>$LOCALIZE[13271] $INFO[System.CPUUsage]</label>
				</control>

				<control type="progress" id="22">
					<description>CPU BAR</description>
					<width>760</width>
					<info>System.CPUUsage</info>
				</control>

				<control type="label" id="23">
					<description>Memory Text</description>
					<width>760</width>
					<font>XXSmall</font>
					<label>$LOCALIZE[31309] $INFO[system.memory(used.percent)]</label>
				</control>

				<control type="progress" id="24">
					<description>Memory BAR</description>
					<width>760</width>
					<info>system.memory(used)</info>
				</control>

				<!--<control type="label" id="25">
					<description>Spacer</description>
					<font>-</font>
					<height>10</height>
					<width>760</width>
				</control>-->

				<control type="label" id="2">
					<description>Label 2</description>
					<width>760</width>
					<font>XXSmall</font>
				</control>

				<control type="label" id="3">
					<description>Label 3</description>
					<width>760</width>
					<font>XXSmall</font>
				</control>

				<control type="label" id="4">
					<description>Label 4</description>
					<font>XXSmall</font>
					<width>760</width>
				</control>

				<control type="label" id="5">
					<description>Label 5</description>
					<width>760</width>
					<font>XXSmall</font>
				</control>

				<control type="label" id="6">
					<description>Label 6</description>
					<width>760</width>
					<font>XXSmall</font>
				</control>

				<control type="label" id="7">
					<description>Label 7</description>
					<width>760</width>
					<font>XXSmall</font>
				</control>

				<control type="label" id="8">
					<description>Label 8</description>
					<width>760</width>
					<font>XXSmall</font>
				</control>

				<control type="label" id="9">
					<description>Label 9</description>
					<width>760</width>
					<font>XXSmall</font>
				</control>

				<control type="label" id="10">
					<description>Label 10</description>
					<width>760</width>
					<font>XXSmall</font>
				</control>

				<control type="label" id="11">
					<description>Label 11</description>
					<width>760</width>
					<font>XXSmall</font>
				</control>

			</control>

		</control>

		<include>Debug_Grid</include>

	</controls>

</window>