<window id="129">
	<defaultcontrol always="true">9001</defaultcontrol>
	<allowoverlay>no</allowoverlay>
	<backgroundcolor>0</backgroundcolor>
	<controls>
		<include>GlobalBackground</include>
		<control type="group">
			<posx>240</posx>
			<posy>220</posy>
			<control type="label">
				<posy>-100</posy>
				<include>DialogID</include>
				<label>SmartPlaylistRule.xml</label>
			</control>
			<control type="label">
				<description>header label</description>
				<posx>20</posx>
				<posy>-30</posy>
				<width>760</width>
				<font>Large</font>
				<align>center</align>
				<label>21421</label>
			</control>
			<control type="image" description="Splitter">
				<posx>-5</posx>
				<posy>-20</posy>
				<height>128</height>
				<width>800</width>
				<texture>img/HSplitter.png</texture>
			</control>
			
			<control type="label" description="Rule match label">
				<posx>40</posx>
				<posy>30</posy>
				<width>720</width>
				<align>center</align>
				<textcolor>Grey</textcolor>
				<label>21422</label>
			</control>
			<control type="group" id="9001">
				<control type="spincontrolex" id="15">
					<description>Rule Field</description>
					<posx>10</posx>
					<posy>100</posy>
					<width>400</width>
					<font>-</font>
					<onright>16</onright>
					<onleft>16</onleft>
					<onup>9000</onup>
					<ondown>17</ondown>
					<texturenofocus border="2">img/BlackDotT.png</texturenofocus>
				</control>
				<control type="label">
					<description>Rule Field label</description>
					<posx>20</posx>
					<posy>100</posy>
					<width>300</width>
					<label>$INFO[Control.GetLabel(15)]</label>
				</control>
				<control type="spincontrolex" id="16">
					<description>Rule operator</description>
					<posx>415</posx>
					<posy>100</posy>
					<width>380</width>
					<font>-</font>
					<onright>15</onright>
					<onleft>15</onleft>
					<onup>9000</onup>
					<ondown>17</ondown>
					<texturenofocus border="2">img/BlackDotT.png</texturenofocus>
				</control>
				<control type="label">
					<description>Rule Field label</description>
					<posx>425</posx>
					<posy>100</posy>
					<width>300</width>
					<label>$INFO[Control.GetLabel(16)]</label>
				</control>
			</control>
			<control type="button" id="17">
				<description>Value Button</description>
				<posx>10</posx>
				<posy>156</posy>
				<width>612</width>
				<label>-</label>
				<onup>9001</onup>
				<onleft>20</onleft>
				<onright>20</onright>
				<ondown>9000</ondown>
				<texturenofocus border="2">img/BlackDotT.png</texturenofocus>
			</control>
			<control type="button" id="20">
				<description>Browse Button</description>
				<posx>625</posx>
				<posy>156</posy>
				<width>170</width>
				<label>1024</label>
				<onup>9001</onup>
				<onleft>17</onleft>
				<onright>17</onright>
				<ondown>9000</ondown>
				<texturenofocus border="2">img/BlackDotT.png</texturenofocus>
			</control>
			<control type="image" description="Splitter">
				<posx>-5</posx>
				<posy>135</posy>
				<height>128</height>
				<width>800</width>
				<texture flipy="true">img/HSplitter.png</texture>
			</control>
			<control type="group" id="9000">
				<control type="button" id="18">
					<description>Ok Button</description>
					<posx>185</posx>
					<posy>224</posy>
					<width>200</width>
					<label>186</label>
					<onup>17</onup>
					<onleft>19</onleft>
					<onright>19</onright>
					<ondown>9001</ondown>
					<focusedcolor>green</focusedcolor>
					<textcolor>green</textcolor>
				</control>
				<control type="button" id="19">
					<description>Cancel Button</description>
					<posx>415</posx>
					<posy>224</posy>
					<width>200</width>
					<label>222</label>
					<onup>17</onup>
					<onleft>18</onleft>
					<onright>19</onright>
					<ondown>9001</ondown>
					<focusedcolor>red</focusedcolor>
					<textcolor>red</textcolor>
				</control>
			</control>
		</control>
		<include>Debug_Grid</include>
	</controls>
</window>
