<window id="129">
	<defaultcontrol always="true">22</defaultcontrol>
	<allowoverlay>no</allowoverlay>
	<backgroundcolor>0</backgroundcolor>
	<controls>
		<include>GlobalBackground</include>
		<control type="group">
			<posx>260</posx>
			<posy>20</posy>
			<visible>!Window.IsVisible(smartplaylistrule)</visible>
			<control type="label">
				<include>DialogID</include>
				<label>SmartPlaylistEditor.xml</label>
			</control>
			<control type="label" id="2" description="Header label">
				<posx>0</posx>
				<posy>12</posy>
				<width>760</width>
				<font>Large</font>
				<align>center</align>
				<label>21432</label>
			</control>
			<control type="spincontrolex" id="22">
				<description>Set Playlist type</description>
				<posx>10</posx>
				<posy>70</posy>
				<width>740</width>
				<label>467</label>
				<onright>22</onright>
				<onleft>22</onleft>
				<onup>9001</onup>
				<ondown>12</ondown>
				
			</control>
			<control type="label">
				<description>Name Label</description>
				<posx>30</posx>
				<posy>116</posy>
				<width>740</width>
				<label>21433</label>
			</control>
			<control type="edit" id="12">
				<description>Name Button</description>
				<posx>10</posx>
				<posy>164</posy>
				<width>740</width>
				<height>42</height>
				<font>Small</font>
				<align>left</align>
				<aligny>center</aligny>
				<focusedcolor>White</focusedcolor>
				<selectedcolor>White</selectedcolor>
				<label>-</label>
				<textoffsetx>20</textoffsetx>
				<texturenofocus border="2">img/BlackDotT.png</texturenofocus>
				<texturefocus border="2">img/BlackDotT.png</texturefocus>-->
				<pulseonselect>false</pulseonselect>
				<onup>22</onup>
				<onleft>12</onleft>
				<onright>12</onright>
				<ondown>10</ondown>
			</control>
			<control type="image" description="Splitter">
				<posx>-5</posx>
				<posy>210</posy>
				<height>128</height>
				<width>750</width>
				<texture>img/HSplitter.png</texture>
			</control>
			
			
			<control type="image" description="Splitter">
				<posx>-5</posx>
				<posy>20</posy>
				<height>128</height>
				<width>750</width>
				<texture>img/HSplitter.png</texture>
			</control>
			<control type="image" description="Splitter">
				<posx>-5</posx>
				<posy>130</posy>
				<height>128</height>
				<width>750</width>
				<texture flipy="true">img/HSplitter.png</texture>
			</control>
			
			<control type="label">
				<description>Find items where</description>
				<posx>30</posx>
				<posy>208</posy>
				<width>740</width>
				<align>left</align>
				<label>21434</label>
			</control>
			<control type="group">
				<posy>4</posy>
				<control type="list" id="10">
					<description>Rules List Control</description>
					<posx>10</posx>
					<posy>254</posy>
					<width>560</width>
					<height>138</height>
					<onup>12</onup>
					<onleft>9000</onleft>
					<onright>9000</onright>
					<ondown>16</ondown>
					<itemlayout width="560" height="50">
						<control type="image">
							<posx>0</posx>
							<posy>0</posy>
							<width>560</width>
							<height>50</height>
							
						</control>
						<control type="label">
							<posx>20</posx>
							<posy>0</posy>
							<width>520</width>
							<info>ListItem.Label</info>
						</control>
					</itemlayout>
					<focusedlayout width="560" height="50">
						<control type="image">
							<posx>0</posx>
							<posy>0</posy>
							<width>560</width>
							<height>50</height>
							<texture border="5">img/ButtonFO.png</texture>
							<animation effect="fade" start="100" end="50" condition="!Control.HasFocus(10)">Conditional</animation>
						</control>
						<control type="label">
							<posx>20</posx>
							<posy>0</posy>
							<width>520</width>
							<info>ListItem.Label</info>
						</control>
					</focusedlayout>
				</control>
				<control type="group" id="9000">
					<control type="button" id="13">
						<description>Add Rule Button</description>
						<posx>580</posx>
						<posy>254</posy>
						<width>170</width>
						<label>15019</label>
						<onup>17</onup>
						<onleft>10</onleft>
						<onright>10</onright>
						<ondown>14</ondown>
						
					</control>
					<control type="button" id="14">
						<description>Remove Rule Button</description>
						<posx>580</posx>
						<posy>306</posy>
						<width>170</width>
						<label>1210</label>
						<onup>13</onup>
						<onleft>10</onleft>
						<onright>10</onright>
						<ondown>15</ondown>
						
					</control>
					<control type="button" id="15">
						<description>Edit Rule Button</description>
						<posx>580</posx>
						<posy>358</posy>
						<width>170</width>
						<label>21435</label>
						<onup>14</onup>
						<onleft>10</onleft>
						<onright>10</onright>
						<ondown>16</ondown>
						
					</control>
				</control>
				<control type="image" description="Splitter">
				<posx>-5</posx>
				<posy>324</posy>
				<height>128</height>
				<width>750</width>
				<texture flipy="true">img/HSplitter.png</texture>
			</control>
				<control type="label">
					<description>Name Label</description>
					<posx>30</posx>
					<posy>402</posy>
					<width>740</width>
					<label>31325</label>
				</control>
			</control>
			<control type="image" description="Splitter">
				<posx>-5</posx>
				<posy>414</posy>
				<height>128</height>
				<width>750</width>
				<texture>img/HSplitter.png</texture>
			</control>
			<control type="group">
				<posy>25</posy>
				<control type="spincontrolex" id="16">
					<posx>10</posx>
					<posy>438</posy>
					<width>740</width>
					<label>21424</label>
					<onright>16</onright>
					<onleft>16</onleft>
					<onup>10</onup>
					<ondown>17</ondown>
					
				</control>
				<control type="spincontrolex" id="17">
					<posx>10</posx>
					<posy>490</posy>
					<width>740</width>
					<label>21427</label>
					<onright>17</onright>
					<onleft>17</onleft>
					<onup>16</onup>
					<ondown>18</ondown>
					
				</control>
				<control type="spincontrolex" id="18">
					<posx>10</posx>
					<posy>542</posy>
					<width>570</width>
					<label>21429</label>
					<onright>19</onright>
					<onleft>19</onleft>
					<onup>17</onup>
					<ondown>9001</ondown>
					
				</control>
				<control type="togglebutton" id="19">
					<posx>580</posx>
					<posy>542</posy>
					<width>170</width>
					<label>21431</label>
					<altlabel>21430</altlabel>
					<onright>18</onright>
					<onleft>18</onleft>
					<onup>17</onup>
					<ondown>9001</ondown>
					<!--<alttexturenofocus border="2">img/BlackDotT.png</alttexturenofocus>-->
					
				</control>
			</control>
			<control type="image" description="Splitter">
				<posx>-5</posx>
				<posy>540</posy>
				<height>128</height>
				<width>750</width>
				<texture flipy="true">img/HSplitter.png</texture>
			</control>
			<control type="group" id="9001">
				<posy>30</posy>
				<control type="button" id="20">
					<description>Ok Button</description>
					<posx>165</posx>
					<posy>596</posy>
					<width>200</width>
					<label>186</label>
					<onup>18</onup>
					<onleft>21</onleft>
					<onright>21</onright>
					<ondown>22</ondown>
					<textcolor>green</textcolor>
					<focusedcolor>green</focusedcolor>
				</control>
				<control type="button" id="21">
					<description>Cancel Button</description>
					<posx>395</posx>
					<posy>596</posy>
					<width>200</width>
					<label>222</label>
					<onup>18</onup>
					<onleft>20</onleft>
					<onright>20</onright>
					<ondown>22</ondown>
					<textcolor>red</textcolor>
					<focusedcolor>red</focusedcolor>
				</control>
			</control>
		</control>
		<include>Debug_Grid</include>
	</controls>
</window>
