<window id="125">
	<defaultcontrol always="true">2</defaultcontrol>
	<allowoverlay>yes</allowoverlay>

	<controls>

		<control type="group">
			<posx>240</posx>
			<posy>100</posy>
				
			<include>CloseButton</include>
			<control type="image">
				<posx>-10</posx>
				<posy>-20</posy>
				<width>820</width>
				<height>552</height>
				<texture border="22">img/Menu.png</texture>
				<animation type="Conditional" condition="true">
						<effect type="fade" start="100" end="60" time="0" reversible="false" />
					</animation>
			</control>

			<control type="label">
				<posy>-30</posy>
				<include>DialogID</include>
				<label>VideoOSDBookmarks.xml</label>
			</control>

			<control type="label">
				<description>header label</description>
				<posx>20</posx>
				<posy>0</posy>
				<width>760</width>
				<align>center</align>
				<label>[UPPERCASE]$LOCALIZE[298][/UPPERCASE] - ($INFO[Container(11).NumItems]) $LOCALIZE[31025] - $LOCALIZE[31024] ($INFO[Container(11).CurrentPage]/$INFO[Container(11).NumPages])</label>
			</control>

			<control type="panel" id="11">
				<posx>40</posx>
				<posy>80</posy>
				<width>720</width>
				<height>360</height>
				<onleft>-</onleft>
				<onright>-</onright>
				<ondown>2</ondown>
				<onup>-</onup>
				<scrolltime>200</scrolltime>
				<viewtype label="536">icon</viewtype>
				<pagecontrol>-</pagecontrol>
				<orientation>vertical</orientation>

				<itemlayout height="185" width="240">

					<control type="image">
						<posx>2</posx>
						<posy>2</posy>
						<width>230</width>
						<height>140</height>
						<texture border="3">img/ButtonNF.png</texture>
					</control>

					<control type="image">
						<posx>7</posx>
						<posy>2</posy>
						<width>220</width>
						<height>140</height>
						<info>ListItem.Icon</info>
					</control>

					<control type="label">
						<posx>112</posx>
						<posy>150</posy>
						<width>225</width>
						<height>15</height>
						<align>center</align>
						<font>XSmall</font>
						<info>ListItem.Label</info>
					</control>

				</itemlayout>

				<focusedlayout height="185" width="240">

					<control type="image">
						<posx>2</posx>
						<posy>2</posy>
						<width>230</width>
						<height>140</height>
						<texture border="5">img/ButtonFO.png</texture>
					</control>

					<control type="image">
						<posx>7</posx>
						<posy>2</posy>
						<width>220</width>
						<height>140</height>
						<info>ListItem.Icon</info>
					</control>

					<control type="label">
						<posx>112</posx>
						<posy>150</posy>
						<width>225</width>
						<height>15</height>
						<align>center</align>
						<font>XSmall</font>
						<info>ListItem.Label</info>
					</control>

				</focusedlayout>

			</control>

			<control type="grouplist" id="9000">
				<posx>20</posx>
				<posy>455</posy>
				<width>760</width>
				<height>44</height>
				<itemgap>2</itemgap>
				<align>center</align>
				<orientation>horizontal</orientation>
				<onleft>9000</onleft>
				<onright>9000</onright>
				<onup>11</onup>
				<ondown>11</ondown>

				<control type="button" id="2">
					<description>Create Bookmark button</description>
					<label>294</label>
					<width>250</width>
					<include>ButtonInfoDialogsCommonValues</include>
				</control>

				<control type="button" id="3">
					<description>Clear Bookmark button</description>
					<label>296</label>
					<width>250</width>
					<include>ButtonInfoDialogsCommonValues</include>
				</control>

				<control type="button" id="4">
					<description>Clear Bookmark button</description>
					<label>20406</label>
					<width>250</width>
					<include>ButtonInfoDialogsCommonValues</include>
					<visible>videoplayer.content(episodes)</visible>
				</control>

			</control>

		</control>

		<include>Debug_Grid</include>

	</controls>

</window>
