<window id="123">
	<defaultcontrol always="true">5</defaultcontrol>
	<allowoverlay>yes</allowoverlay>
	<backgroundcolor>0</backgroundcolor>
	
	<controls>
		

		<control type="group">
			<posx>680</posx>
			<posy>0</posy>
			<include>CloseButton</include>
			<animation effect="fade" start="100" end="0" time="400" condition="Window.IsVisible(SliderDialog) | Window.IsVisible(FileBrowser)">Conditional</animation>
			<control type="image" description="background image">
				<posx>0</posx>
				<posy>-10</posy>
				<width>620</width>
				<height>740</height>
				<texture border="8">img/Menu.png</texture>
				<aspectratio>stretch</aspectratio>
				<animation type="Conditional" condition="true">
						<effect type="fade" start="100" end="55" time="0" reversible="false" />
					</animation>
			</control>

			<control type="label">
				<include>DialogID</include>
				<label>VideoOSDSettings.xml</label>
			</control>
			
			<control type="label" id="2" description="Settings">
				<posx>5</posx>
				<posy>0</posy>
				<width>580</width>
				<font>Small</font>
				<align>center</align>
			</control>
		
			<control type="grouplist" id="5" description="Control Area">
				<posx>10</posx>
				<posy>50</posy>
				<width>580</width>
				<height>668</height>
				<itemgap>0</itemgap>
				<orientation>vertical</orientation>
				<pagecontrol>60</pagecontrol>
				<onleft>28</onleft>
				<onright>28</onright>
				<onup>28</onup>
				<ondown>28</ondown>
			</control>

			<control type="button" id="7">
				<description>Default Button</description>
				<texturenofocus>-</texturenofocus>
				<font>XSmall</font>
				<align>left</align>
			</control>

			<control type="radiobutton" id="8">
				<description>Default RadioButton</description>
				<texturenofocus>-</texturenofocus>
				<align>left</align>
				<font>XSmall</font>
			</control>

			<control type="spincontrolex" id="9">
				<description>Default spincontrolex</description>
				<texturenofocus>-</texturenofocus>
				<align>left</align>
				<font>XSmall</font>
				<reverse>yes</reverse>
			</control>

			<control type="sliderex" id="10">
				<description>Default Slider</description>
				<texturenofocus>-</texturenofocus>
				<align>left</align>
				<font>XSmall</font>
			</control>

		</control>

		<include>Debug_Grid</include>

	</controls>

</window>