<includes>
	<include name="Movies_View_53" description="VideoLibrary">
		<control type="group" description="Group 53">
			<visible>Control.IsVisible(53)</visible>
			<include>TopAndBottomSeparator</include>
			<include>Headings</include>
			<control type="group" description="Video Covers">
				<!--9000 visibility in Thumbs-->
				<!--<visible>Container.Content(Movies) + !System.IdleTime(2)</visible>
				<animation effect="fade" start="0" end="100" time="200" reversible="false">Visible</animation>
				<animation effect="fade" start="100" end="0" time="500" reversible="false">Hidden</animation>
				<include condition="Window.IsActive(VideoLibrary)">Thumbs</include>-->
			</control>
			<!--<control type="group" description="Movie Infopanel">
				<visible>Container.Content(Movies)</visible>
			<visible>!ControlGroup(9000).HasFocus() + System.IdleTime(2)</visible>
				<animation effect="fade" start="0" end="100" time="600" reversible="false">Visible</animation>
				<animation effect="fade" start="100" end="0" time="0" reversible="false">Hidden</animation>
				<include condition="Window.IsActive(VideoLibrary)">InfoThumbs</include>
				<include condition="Window.IsActive(VideoLibrary)">InfoPanel</include>
			</control>-->
			<control type="group" description="Episodes Infopanel">
				<visible>!ControlGroup(9000).HasFocus() + [Container.Content(Episodes) | Container.Content(TVShows) | Container.Content(Movies)]</visible>
				<animation effect="fade" start="0" end="100" time="600" reversible="false">Visible</animation>
				<animation effect="fade" start="100" end="0" time="0" reversible="false">Hidden</animation>
				<include condition="Window.IsActive(VideoLibrary)">FadeInfoThumbs</include>
				<include condition="Window.IsActive(VideoLibrary)">InfoPanel</include>
			</control>
			<include condition="!Skin.HasSetting(KioskEnabled)">List_Dots_53</include>
			<control type="fixedlist" id="53" description="Banner INFO Icons">
				<visible>Container.Content(TVShows) + !Skin.HasSetting(TVPosters)</visible>
				<viewtype label="31399">Icons+Info</viewtype>
				<onleft>9000</onleft>
				<onright>60</onright>
				<posx>650</posx>
				<posy>90</posy>
				<width>580</width>
				<height>570</height>
				<scrolltime>240</scrolltime>
				<pagecontrol>60</pagecontrol>
				<orientation>vertical</orientation>
				<focusposition>1</focusposition>
				<movement>2</movement>
				<preloaditems>4</preloaditems>
				<itemlayout height="140" width="576">
					<control type="image">
						<posx>8</posx>
						<posy>8</posy>
						<width>560</width>
						<height>124</height>
						<!--<!--<bordertexture border="2">img/ButtonFO.png</bordertexture>
						<bordersize>2</bordersize>-->-->
						<texture background="true">$INFO[ListItem.Icon]</texture>
						<aspectratio>keep</aspectratio>
						<fadetime>200</fadetime>
					</control>
				</itemlayout>
				<focusedlayout height="140" width="576">
					<control type="image">
						<posx>8</posx>
						<posy>8</posy>
						<width>560</width>
						<height>124</height>
						<!--<bordertexture border="2">img/ButtonFO.png</bordertexture>
						<bordersize>2</bordersize>-->
						<texture background="true">$INFO[ListItem.Icon]</texture>
						<aspectratio>keep</aspectratio>
						<fadetime>200</fadetime>
						<animation type="Focus" reversible="false">
							<effect type="zoom" start="98" end="108" time="330" easing="inout" center="auto"/>
						</animation>
					</control>
				</focusedlayout>
			</control>
			<control type="panel" id="53" description="INFO Icons">
				<visible>Container.Content(Movies) | [Container.Content(TVShows) + Skin.HasSetting(TVPosters)]</visible>
				<viewtype label="31399">Icons+Info</viewtype>
				<onleft>9000</onleft>
				<onright>60</onright>
				<posx>654</posx>
				<posy>86</posy>
				<width>570</width>
				<height>570</height>
				<scrolltime>240</scrolltime>
				<pagecontrol>60</pagecontrol>
				<orientation>vertical</orientation>
				<preloaditems>4</preloaditems>
				<itemlayout height="190" width="190">
					<control type="image">
						<posx>15</posx>
						<posy>15</posy>
						<width>160</width>
						<height>160</height>
						<!--<!--<bordertexture border="2">img/ButtonFO.png</bordertexture>
						<bordersize>2</bordersize>-->-->
						<texture background="true">$INFO[ListItem.Icon]</texture>
						<aspectratio>keep</aspectratio>
						<fadetime>0</fadetime>
					</control>
				</itemlayout>
				<focusedlayout height="190" width="190">
					<control type="image">
						<posx>15</posx>
						<posy>15</posy>
						<width>160</width>
						<height>160</height>
						<!--<bordertexture border="2">img/ButtonFO.png</bordertexture>
						<bordersize>2</bordersize>-->
						<texture background="true">$INFO[ListItem.Icon]</texture>
						<aspectratio>keep</aspectratio>
						<fadetime>0</fadetime>
						<animation type="Focus" reversible="false">
							<effect type="zoom" start="98" end="116" time="330" easing="inout" center="auto"/>
						</animation>
					</control>
				</focusedlayout>
			</control>
			<control type="panel" id="53" description="Icons">
				<visible>Container.Content(Episodes)</visible>
				<viewtype label="31399">Icons+Info</viewtype>
				<onleft>9000</onleft>
				<onright>60</onright>
				<posx>654</posx>
				<posy>100</posy>
				<width>570</width>
				<height>568</height>
				<scrolltime>240</scrolltime>
				<pagecontrol>60</pagecontrol>
				<orientation>vertical</orientation>
				<preloaditems>4</preloaditems>
				<itemlayout height="142" width="190">
					<control type="image">
						<posx>15</posx>
						<posy>7</posy>
						<width>160</width>
						<height>104</height>
						<!--<!--<bordertexture border="2">img/ButtonFO.png</bordertexture>
						<bordersize>2</bordersize>-->-->
						<texture background="true">$INFO[ListItem.Icon]</texture>
						<aspectratio align="center" aligny="top">scale</aspectratio>
						<fadetime>0</fadetime>
					</control>
				</itemlayout>
				<focusedlayout height="142" width="190">
					<control type="image">
						<posx>15</posx>
						<posy>7</posy>
						<width>160</width>
						<height>104</height>
						<!--<bordertexture border="2">img/ButtonFO.png</bordertexture>
						<bordersize>2</bordersize>-->
						<texture background="true">$INFO[ListItem.Icon]</texture>
						<aspectratio align="center" aligny="top">scale</aspectratio>
						<fadetime>0</fadetime>
						<animation type="Focus" reversible="false">
							<effect type="zoom" start="98" end="116" time="330" easing="inout" center="auto"/>
						</animation>
					</control>
				</focusedlayout>
			</control>
		</control>
	</include>
	<include name="View_53" description="MusicLibrary">
		<control type="group" description="Group 53">
			<visible>Control.IsVisible(53)</visible>
			<include>TopAndBottomSeparator</include>
			<include>Headings</include>
			<control type="group" description="Album Covers">
				<!--9000 visibility in Thumbs-->
				<visible>Container.Content(Albums) + !System.IdleTime(2)</visible>
				<!--<visible>[Container.Content(Albums) + !System.IdleTime(2)] | [Container.Content(Songs) + stringcompare(Container.Listitem(0).Label,..)]</visible>-->
				<!--<animation effect="fade" start="0" end="100" time="200" reversible="false">Visible</animation>
				<animation effect="fade" start="100" end="0" time="500" reversible="false">Hidden</animation>
				<include condition="Window.IsActive(MusicLibrary)">Square_Thumbs</include>-->
			</control>
			<!--<control type="group" description="Albums Infopanel">
				<visible>!ControlGroup(9000).HasFocus() + Container.Content(Albums) + System.IdleTime(2)</visible>
				<animation effect="fade" start="0" end="100" time="600" reversible="false">Visible</animation>
				<animation effect="fade" start="100" end="0" time="0" reversible="false">Hidden</animation>
				<include condition="Window.IsActive(MusicLibrary)">InfoThumbs</include>
				<include condition="Window.IsActive(MusicLibrary)">InfoPanel</include>
			</control>-->
			<control type="group" description="Songs Infopanel">
				<visible>!ControlGroup(9000).HasFocus() + [Container.Content(Songs) | Container.Content(Albums)]</visible>
				<animation effect="fade" start="0" end="100" time="600" reversible="false">Visible</animation>
				<animation effect="fade" start="100" end="0" time="0" reversible="false">Hidden</animation>
				<include condition="Window.IsActive(MusicLibrary)">FadeInfoThumbs</include>
				<include condition="Window.IsActive(MusicLibrary)">InfoPanel</include>
			</control>		
			<include condition="!Skin.HasSetting(KioskEnabled)">List_Dots_53</include>
			<control type="panel" id="53" description="Square Icons">
				<visible>Container.Content(Albums) | Container.Content(Songs)</visible>
				<viewtype label="31399">Icons+Info</viewtype>
				<onleft>9000</onleft>
				<onright>60</onright>
				<posx>654</posx>
				<posy>84</posy>
				<width>570</width>
				<height>570</height>
				<scrolltime>240</scrolltime>
				<pagecontrol>60</pagecontrol>
				<orientation>vertical</orientation>
				<preloaditems>4</preloaditems>
				<itemlayout height="190" width="190">
					<control type="image">
						<posx>14</posx>
						<posy>14</posy>
						<width>166</width>
						<height>166</height>
						<!--<!--<bordertexture border="2">img/ButtonFO.png</bordertexture>
						<bordersize>2</bordersize>-->-->
						<texture background="true">$INFO[ListItem.Icon]</texture>
						<aspectratio aligny="center" align="center">keep</aspectratio>
						<fadetime>0</fadetime>
					</control>
				</itemlayout>
				<focusedlayout height="190" width="190">
					<control type="image">
						<posx>14</posx>
						<posy>14</posy>
						<width>166</width>
						<height>166</height>
						<!--<bordertexture border="2">img/ButtonFO.png</bordertexture>
						<bordersize>2</bordersize>-->
						<texture background="true">$INFO[ListItem.Icon]</texture>
						<aspectratio aligny="center" align="center">keep</aspectratio>
						<fadetime>0</fadetime>
						<animation type="Focus" reversible="false">
							<effect type="zoom" start="98" end="116" time="330" easing="inout" center="auto"/>
						</animation>
					</control>
				</focusedlayout>
			</control>
		</control>
	</include>
</includes>
