<window id="122">
	<defaultcontrol always="true">2</defaultcontrol>
	<allowoverlay>yes</allowoverlay>

	<controls>

		<control type="group">
			<posx>340</posx>
			<posy>200</posy>

			<control type="image">
				<posx>-20</posx>
				<posy>-20</posy>
				<width>640</width>
				<height>496</height>
				<texture border="22">img/Menu.png</texture>
				<animation type="Conditional" condition="true">
					<effect type="fade" start="100" end="75" time="0" reversible="false" />
				</animation>
			</control>

			<control type="label">
				<posy>-40</posy>
				<include>DialogID</include>
				<label>VisualisationPresetList.xml</label>
			</control>

			<control type="label">
				<description>Header Label</description>
				<posx>10</posx>
				<width>560</width>
				<label>31048</label>
				<font>Medium</font>
				<shadowcolor>black</shadowcolor>
				<align>center</align>
			</control>

			<control type="fixedlist" id="2">
				<description>Preset List</description>
				<posx>10</posx>
				<posy>58</posy>
				<width>580</width>
				<height>368</height>
				<onleft>-</onleft>
				<onright>-</onright>
				<focusposition>2</focusposition>
				<movement>3</movement>
				<onup>-</onup>
				<ondown>-</ondown>

				<itemlayout height="46">

					<control type="image">
						<width>580</width>
						<height>44</height>
						<texture border="2">img/ButtonNF.png</texture>
					</control>

					<control type="label">
						<posx>20</posx>
						<width>540</width>
						<info>ListItem.Label</info>
					</control>

				</itemlayout>

				<focusedlayout height="46">

					<control type="image">
						<width>580</width>
						<height>44</height>
						<texture border="5">img/ButtonFO.png</texture>
					</control>

					<control type="label">
						<posx>20</posx>
						<width>540</width>
						<info>ListItem.Label</info>
					</control>

				</focusedlayout>

			</control>

		</control>

		<include>Debug_Grid</include>

	</controls>

</window>