<window id="0">
	<defaultcontrol always="true">8999</defaultcontrol>
	<allowoverlay>no</allowoverlay>	
	<controls>
		<control type="multiimage">
			<posx>0</posx>
			<posy>0</posy>
			<width>1280</width>
			<height>720</height>
			<imagepath background="true">$INFO[Container(9000).ListItem.Icon]</imagepath>
			<timeperimage>8000</timeperimage>
			<randomize>true</randomize>
			<fadetime>1000</fadetime>
		</control>
        <!-- load custom fan art for plex sections -->
        <control type="group">
            <visible>!Player.HasVideo</visible>
            <control type="image">
                <visible>Container(9000).HasFocus(12) | Container(9000).HasFocus(13) | Container(9000).HasFocus(14) | Container(9000).HasFocus(15) | Container(9000).HasFocus(16) | Container(9000).HasFocus(17) | Container(9000).HasFocus(18) | Container(9000).HasFocus(19) | Container(9000).HasFocus(20) | Container(9000).HasFocus(21) | Container(9000).HasFocus(22) </visible>
                <animation effect="fade" end="100" time="600" delay="300">Visible</animation>
                <animation effect="fade" end="0" time="600" delay="600">Hidden</animation>
                <info>Container(9000).ListItem.Icon</info>
                <posx>0</posx>
                <posy>0</posy>
                <width>1280</width>
                <height>720</height>
                <visible>true</visible>
            </control>
        </control>
		<include>CommonMediaPlayingBackground</include>
		<!-- weather Info -->
		<control type="button" id="8999">
			<visible>!Skin.HasSetting(plexbmcok)</visible>
            <description>Run Recently added</description>
			<posx>-20</posx>
			<posy>-20</posy>
			<width>1</width>
			<height>1</height>
			<label>-</label>
			<font>-</font>
			<onfocus>XBMC.RunScript(script.recentlyadded,limit=4)</onfocus>
			<onfocus>SetFocus(9000)</onfocus>
			<texturenofocus>-</texturenofocus>
			<texturefocus>-</texturefocus>
			<visible>Skin.HasSetting(homepageShowRecentlyAdded)</visible>
		</control>
		<control type="button" id="8999">
			<visible>!Skin.HasSetting(plexbmcok)</visible>
            <description>Don't run Recently added</description>
			<posx>-20</posx>
			<posy>-20</posy>
			<width>1</width>
			<height>1</height>
			<label>-</label>
			<font>-</font>
			<onfocus>SetFocus(9000)</onfocus>
			<texturenofocus>-</texturenofocus>
			<texturefocus>-</texturefocus>
			<visible>!Skin.HasSetting(homepageShowRecentlyAdded)</visible>
		</control> 
        <control type="button" id="8999" >
            <visible>Skin.HasSetting(plexbmcok)</visible>
        	<description>Plexbmc script</description>
			<posx>-20</posx>
			<posy>-20</posy>
			<width>1</width>
			<height>1</height>
			<label>-</label>
			<font>-</font>
            <onfocus>XBMC.RunScript(plugin.video.plexbmc,skin)</onfocus>
			<onfocus>SetFocus(9000)</onfocus>
			<texturenofocus>-</texturenofocus>
			<texturefocus>-</texturefocus>
        </control>
		<!-- Music Info -->
		<control type="group">
			<posx>0</posx>
			<posy>400r</posy>
			<visible>Player.HasAudio + !Skin.HasSetting(homepageMusicinfo)</visible>
			<include>VisibleFadeEffect</include>
			<include>Window_OpenClose_Animation</include>
			<animation effect="slide" end="0,30" time="0" condition="!system.getbool(lookandfeel.enablerssfeeds)">conditional</animation>
			<control type="image">
				<posx>0</posx>
				<posy>150</posy>
				<width>1280</width>
				<height>250</height>
				<texture>HomeNowPlayingBack.png</texture>
			</control>
			<control type="image">
				<description>Cover image</description>
				<posx>200r</posx>
				<posy>60</posy>
				<width>180</width>
				<height>280</height>
				<aspectratio aligny="bottom">keep</aspectratio>
				<texture>$INFO[MusicPlayer.Cover]</texture>
				<bordertexture border="8">ThumbBorder.png</bordertexture>
				<bordersize>5</bordersize>
			</control>
			<control type="label">
				<description>NowPlaying label</description>
				<posx>210r</posx>
				<posy>210</posy>
				<height>30</height>
				<width>660</width>
				<label>$LOCALIZE[31040]</label>
				<align>right</align>
				<aligny>center</aligny>
				<font>font12_title</font>
				<textcolor>blue</textcolor>
				<shadowcolor>black</shadowcolor>
			</control>
			<control type="label">
				<description>Artist label</description>
				<posx>210r</posx>
				<posy>235</posy>
				<height>30</height>
				<width>660</width>
				<label>$INFO[MusicPlayer.Artist]</label>
				<align>right</align>
				<aligny>center</aligny>
				<font>font12_title</font>
				<textcolor>white</textcolor>
				<shadowcolor>black</shadowcolor>
			</control>
			<control type="label">
				<description>Album Label</description>
				<posx>210r</posx>
				<posy>260</posy>
				<height>30</height>
				<width>660</width>
				<label>$INFO[MusicPlayer.Album]$INFO[musicplayer.discnumber, - $LOCALIZE[427]:]</label>
				<align>right</align>
				<aligny>center</aligny>
				<font>font12</font>
				<textcolor>white</textcolor>
				<shadowcolor>black</shadowcolor>
			</control>
			<control type="label">
				<description>Title label</description>
				<posx>210r</posx>
				<posy>285</posy>
				<height>30</height>
				<width>660</width>
				<label>$INFO[MusicPlayer.Title]</label>
				<align>right</align>
				<aligny>center</aligny>
				<font>font13_title</font>
				<textcolor>white</textcolor>
				<shadowcolor>black</shadowcolor>
			</control>
			<control type="label">
				<description>Time Label</description>
				<posx>210r</posx>
				<posy>310</posy>
				<height>30</height>
				<width>325</width>
				<label>$INFO[Player.Time]$INFO[Player.Duration, / ]</label>
				<align>right</align>
				<aligny>center</aligny>
				<font>font12</font>
				<textcolor>white</textcolor>
				<shadowcolor>black</shadowcolor>
			</control>
		</control>
		<!-- Video Info -->
		<control type="group">
			<posx>0</posx>
			<posy>400r</posy>
			<visible>Player.HasVideo + !Skin.HasSetting(homepageVideoinfo)</visible>
			<include>VisibleFadeEffect</include>
			<include>Window_OpenClose_Animation</include>
			<animation effect="slide" end="0,30" time="0" condition="!system.getbool(lookandfeel.enablerssfeeds)">conditional</animation>
			<control type="image">
				<posx>0</posx>
				<posy>150</posy>
				<width>1280</width>
				<height>250</height>
				<texture>HomeNowPlayingBack.png</texture>
			</control>
			<control type="group">
				<visible>!VideoPlayer.Content(Movies) + !VideoPlayer.Content(Episodes)</visible>
				<control type="image">
					<description>Cover image</description>
					<posx>200r</posx>
					<posy>160</posy>
					<width>180</width>
					<height>180</height>
					<aspectratio aligny="bottom">keep</aspectratio>
					<texture>$INFO[VideoPlayer.Cover]</texture>
					<bordertexture border="8">ThumbBorder.png</bordertexture>
					<bordersize>5</bordersize>
				</control>
				<control type="label">
					<description>NowPlaying label</description>
					<posx>210r</posx>
					<posy>260</posy>
					<height>30</height>
					<width>660</width>
					<label>$LOCALIZE[31040]</label>
					<align>right</align>
					<aligny>center</aligny>
					<font>font12_title</font>
					<textcolor>blue</textcolor>
					<shadowcolor>black</shadowcolor>
				</control>
				<control type="label">
					<description>Title label</description>
					<posx>210r</posx>
					<posy>285</posy>
					<height>30</height>
					<width>660</width>
					<label>$INFO[VideoPlayer.Title]</label>
					<align>right</align>
					<aligny>center</aligny>
					<font>font13_title</font>
					<textcolor>white</textcolor>
					<shadowcolor>black</shadowcolor>
				</control>
				<control type="label">
					<description>Time Label</description>
					<posx>210r</posx>
					<posy>310</posy>
					<height>30</height>
					<width>325</width>
					<label>$INFO[Player.Time]$INFO[Player.Duration, / ]</label>
					<align>right</align>
					<aligny>center</aligny>
					<font>font12</font>
					<textcolor>white</textcolor>
					<shadowcolor>black</shadowcolor>
				</control>
			</control>
			<control type="group">
				<visible>VideoPlayer.Content(Movies)</visible>
				<control type="image">
					<description>Cover image</description>
					<posx>200r</posx>
					<posy>0</posy>
					<width>180</width>
					<height>340</height>
					<aspectratio aligny="bottom">keep</aspectratio>
					<texture>$INFO[VideoPlayer.Cover]</texture>
					<bordertexture border="8">ThumbBorder.png</bordertexture>
					<bordersize>5</bordersize>
				</control>
				<control type="label">
					<description>NowPlaying label</description>
					<posx>210r</posx>
					<posy>210</posy>
					<height>30</height>
					<width>660</width>
					<label>$LOCALIZE[31040]</label>
					<align>right</align>
					<aligny>center</aligny>
					<font>font12_title</font>
					<textcolor>blue</textcolor>
					<shadowcolor>black</shadowcolor>
				</control>
				<control type="label">
					<description>Studio label</description>
					<posx>210r</posx>
					<posy>235</posy>
					<height>30</height>
					<width>660</width>
					<label>$INFO[VideoPlayer.Studio]</label>
					<align>right</align>
					<aligny>center</aligny>
					<font>font12_title</font>
					<textcolor>white</textcolor>
					<shadowcolor>black</shadowcolor>
				</control>
				<control type="label">
					<description>Genre Label</description>
					<posx>210r</posx>
					<posy>260</posy>
					<height>30</height>
					<width>660</width>
					<label>$INFO[VideoPlayer.Genre]</label>
					<align>right</align>
					<aligny>center</aligny>
					<font>font12</font>
					<textcolor>white</textcolor>
					<shadowcolor>black</shadowcolor>
				</control>
				<control type="label">
					<description>Title label</description>
					<posx>210r</posx>
					<posy>285</posy>
					<height>30</height>
					<width>660</width>
					<label>$INFO[VideoPlayer.Title]$INFO[VideoPlayer.Year,[COLOR=grey] (,)[/COLOR]]</label>
					<align>right</align>
					<aligny>center</aligny>
					<font>font13_title</font>
					<textcolor>white</textcolor>
					<shadowcolor>black</shadowcolor>
				</control>
				<control type="label">
					<description>Time Label</description>
					<posx>210r</posx>
					<posy>310</posy>
					<height>30</height>
					<width>325</width>
					<label>$INFO[Player.Time]$INFO[Player.Duration, / ]</label>
					<align>right</align>
					<aligny>center</aligny>
					<font>font12</font>
					<textcolor>white</textcolor>
					<shadowcolor>black</shadowcolor>
				</control>
			</control>
			<control type="group">
				<visible>VideoPlayer.Content(Episodes)</visible>
				<control type="image">
					<description>Cover image</description>
					<posx>250r</posx>
					<posy>0</posy>
					<width>230</width>
					<height>340</height>
					<aspectratio aligny="bottom">keep</aspectratio>
					<texture>$INFO[VideoPlayer.Cover]</texture>
					<bordertexture border="8">ThumbBorder.png</bordertexture>
					<bordersize>5</bordersize>
				</control>
				<control type="label">
					<description>NowPlaying label</description>
					<posx>260r</posx>
					<posy>210</posy>
					<height>30</height>
					<width>610</width>
					<label>$LOCALIZE[31040]</label>
					<align>right</align>
					<aligny>center</aligny>
					<font>font12_title</font>
					<textcolor>blue</textcolor>
					<shadowcolor>black</shadowcolor>
				</control>
				<control type="label">
					<description>TV Show label</description>
					<posx>260r</posx>
					<posy>235</posy>
					<height>30</height>
					<width>610</width>
					<label>$INFO[VideoPlayer.TVShowTitle]</label>
					<align>right</align>
					<aligny>center</aligny>
					<font>font12_title</font>
					<textcolor>white</textcolor>
					<shadowcolor>black</shadowcolor>
				</control>
				<control type="label">
					<description>Season Ep Label</description>
					<posx>260r</posx>
					<posy>260</posy>
					<height>30</height>
					<width>610</width>
					<label>$LOCALIZE[20373] $INFO[VideoPlayer.Season] - $LOCALIZE[20359] $INFO[VideoPlayer.episode]</label>
					<align>right</align>
					<aligny>center</aligny>
					<font>font12</font>
					<textcolor>white</textcolor>
					<shadowcolor>black</shadowcolor>
				</control>
				<control type="label">
					<description>Title label</description>
					<posx>260r</posx>
					<posy>285</posy>
					<height>30</height>
					<width>610</width>
					<label>$INFO[VideoPlayer.Title]</label>
					<align>right</align>
					<aligny>center</aligny>
					<font>font13_title</font>
					<textcolor>white</textcolor>
					<shadowcolor>black</shadowcolor>
				</control>
				<control type="label">
					<description>Time Label</description>
					<posx>260r</posx>
					<posy>310</posy>
					<height>30</height>
					<width>325</width>
					<label>$INFO[Player.Time]$INFO[Player.Duration, / ]</label>
					<align>right</align>
					<aligny>center</aligny>
					<font>font12</font>
					<textcolor>white</textcolor>
					<shadowcolor>black</shadowcolor>
				</control>
			</control>
		</control>
		<include condition="Skin.HasSetting(homepageShowRecentlyAdded)">HomeRecentlyAddedInfo</include>
		<control type="group">
			<animation effect="slide" end="-450,0" time="500" tween="quadratic" easing="out">WindowClose</animation>
			<animation effect="slide" start="-450,0" time="500" tween="quadratic" easing="out">WindowOpen</animation>
			<control type="group">
				<animation effect="slide" end="-228,0" time="300" tween="quadratic" easing="out">WindowClose</animation>
				<control type="image">
					<posx>379</posx>
					<posy>0</posy>
					<width>1</width>
					<height>720</height>
					<texture>HomeBladeSub_Part1.png</texture>
					<animation effect="zoom" start="379,0,1,720" end="379,0,229,720" time="300" tween="quadratic" easing="out" condition="ControlGroup(9001).HasFocus | Control.HasFocus(9002)">Conditional</animation>
				</control>
				<control type="button" id="9002">
					<posx>380</posx>
					<posy>296</posy>
					<width>42</width>
					<height>128</height>
					<font>-</font>
					<texturefocus>HomeHasSub2.png</texturefocus>
					<texturenofocus>HomeHasSub2.png</texturenofocus>
					<visible>Container(9000).HasFocus(26) | Container(9000).HasFocus(25) |Container(9000).HasFocus(24) |Container(9000).HasFocus(23) |Container(9000).HasFocus(22) | Container(9000).HasFocus(2) | Container(9000).HasFocus(3) | Container(9000).HasFocus(5) | Container(9000).HasFocus(7) | Container(9000).HasFocus(9) | [Container(9000).HasFocus(4) + [!IsEmpty(Skin.String(HomePictureButton1)) | !IsEmpty(Skin.String(HomePictureButton2)) | !IsEmpty(Skin.String(HomePictureButton3)) | !IsEmpty(Skin.String(HomePictureButton4)) | !IsEmpty(Skin.String(HomePictureButton5)) | !IsEmpty(Skin.String(HomePictureButton6))]] | [Container(9000).HasFocus(1) + [!IsEmpty(Skin.String(HomeProgramButton1)) | !IsEmpty(Skin.String(HomeProgramButton2)) | !IsEmpty(Skin.String(HomeProgramButton3)) | !IsEmpty(Skin.String(HomeProgramButton4)) | !IsEmpty(Skin.String(HomeProgramButton5)) | !IsEmpty(Skin.String(HomeProgramButton6))]] | Container(9000).HasFocus(10) | Container(9000).HasFocus(11)</visible>
					<animation effect="slide" end="228,0" time="300" tween="quadratic" easing="out" condition="ControlGroup(9001).HasFocus | Control.HasFocus(9002)">Conditional</animation>
					<include>VisibleFadeEffect</include>
				</control>
				<control type="image">
					<posx>380</posx>
					<posy>0</posy>
					<width>12</width>
					<height>720</height>
					<texture>HomeBladeSub_Part2.png</texture>
					<animation effect="slide" end="228,0" time="300" tween="quadratic" easing="out" condition="ControlGroup(9001).HasFocus | Control.HasFocus(9002)">Conditional</animation>
				</control>
			</control>
			<control type="group" id="9001">
				<posx>170</posx>
				<posy>0</posy>
				<animation effect="fade" start="100" end="0" time="0" condition="![ControlGroup(9001).HasFocus | Control.HasFocus(9002)]">conditional</animation>
				<animation effect="fade" start="0" end="100" delay="300" time="200" condition="ControlGroup(9001).HasFocus | Control.HasFocus(9002)">conditional</animation>
				<animation effect="fade" start="100" end="0" time="0" condition="ControlGroup(9001).HasFocus | Control.HasFocus(9002)">WindowClose</animation>
				<animation effect="slide" end="210,0" time="300" tween="quadratic" easing="out" condition="ControlGroup(9001).HasFocus | Control.HasFocus(9002)">conditional</animation>
				<control type="grouplist" id="9010">
					<posx>10</posx>
					<posy>0</posy>
					<width>240</width>
					<height>720</height>
					<align>center</align>
					<onleft>9000</onleft>
					<onright>Control.SetFocus(8000,0)</onright>
					<onup>9010</onup>
					<ondown>9010</ondown>
					<itemgap>0</itemgap>
					<visible>Container(9000).HasFocus(2)</visible>
					<include>HomeSubMenuVideos</include> 
                    <!-- Buttons for the grouplist -->
				</control>
				<control type="grouplist" id="9011">
					<posx>10</posx>
					<posy>0</posy>
					<width>240</width>
					<height>720</height>
					<align>center</align>
					<onleft>9000</onleft>
					<onright>9001</onright>
					<onup>9011</onup>
					<ondown>9011</ondown>
					<itemgap>0</itemgap>
					<visible>Container(9000).HasFocus(3)</visible>
					<include>HomeSubMenuMusic</include> <!-- Buttons for the grouplist -->
				</control>
				<control type="grouplist" id="9013">
					<posx>10</posx>
					<posy>0</posy>
					<width>240</width>
					<height>720</height>
					<align>center</align>
					<onleft>9000</onleft>
					<onright>9001</onright>
					<onup>9015</onup>
					<ondown>9015</ondown>
					<itemgap>0</itemgap>
					<visible>Container(9000).HasFocus(4) + [!IsEmpty(Skin.String(HomePictureButton1)) | !IsEmpty(Skin.String(HomePictureButton2)) | !IsEmpty(Skin.String(HomePictureButton3)) | !IsEmpty(Skin.String(HomePictureButton4)) | !IsEmpty(Skin.String(HomePictureButton5)) | !IsEmpty(Skin.String(HomePictureButton6))]</visible>
					<include>HomeSubMenuPictures</include> <!-- Buttons for the grouplist -->
				</control>
				<control type="grouplist" id="9014">
					<posx>10</posx>
					<posy>0</posy>
					<width>240</width>
					<height>720</height>
					<align>center</align>
					<onleft>9000</onleft>
					<onright>9001</onright>
					<onup>9014</onup>
					<ondown>9014</ondown>
					<itemgap>0</itemgap>
					<visible>Container(9000).HasFocus(5)</visible>
					<include>HomeSubMenuSystem</include> <!-- Buttons for the grouplist -->
                    <control type="button" id="90146">
                            <include>ButtonHomeSubCommonValues</include>
                            <label>PleXBMC Settings</label>
                            <onclick>ActivateWindow(AddonSettings,plugin://plugin.video.plexbmc,return)</onclick>
                            <visible>Skin.HasSetting(plexbmcok)</visible> 
                    </control>
				</control>
				<control type="grouplist" id="9015">
					<posx>10</posx>
					<posy>0</posy>
					<width>240</width>
					<height>720</height>
					<align>center</align>
					<onleft>9000</onleft>
					<onright>9001</onright>
					<onup>9015</onup>
					<ondown>9015</ondown>
					<itemgap>0</itemgap>
					<visible>Container(9000).HasFocus(1) + [!IsEmpty(Skin.String(HomeProgramButton1)) | !IsEmpty(Skin.String(HomeProgramButton2)) | !IsEmpty(Skin.String(HomeProgramButton3)) | !IsEmpty(Skin.String(HomeProgramButton4)) | !IsEmpty(Skin.String(HomeProgramButton5)) | !IsEmpty(Skin.String(HomeProgramButton6))]</visible>
					<include>HomeSubMenuPrograms</include> <!-- Buttons for the grouplist -->
				</control>
				<control type="grouplist" id="9016">
					<posx>10</posx>
					<posy>0</posy>
					<width>240</width>
					<height>720</height>
					<align>center</align>
					<onleft>9000</onleft>
					<onright>Control.SetFocus(8000,0)</onright>
					<onup>9016</onup>
					<ondown>9016</ondown>
					<itemgap>0</itemgap>
					<visible>Container(9000).HasFocus(10)</visible>
					<include>HomeSubMenuMovies</include> <!-- Buttons for the grouplist -->
				</control>
				<control type="grouplist" id="9017">
					<posx>10</posx>
					<posy>0</posy>
					<width>240</width>
					<height>720</height>
					<align>center</align>
					<onleft>9000</onleft>
					<onright>Control.SetFocus(8001,0)</onright>
					<onup>9017</onup>
					<ondown>9017</ondown>
					<itemgap>0</itemgap>
					<visible>Container(9000).HasFocus(11)</visible>
					<include>HomeSubMenuTVShows</include> <!-- Buttons for the grouplist -->
				</control>
				<control type="grouplist" id="9022">
					<posx>10</posx>
					<posy>0</posy>
					<width>240</width>
					<height>720</height>
					<align>center</align>
					<onleft>9000</onleft>
					<onright>Control.SetFocus(8001,0)</onright>
					<onup>9022</onup>
					<ondown>9022</ondown>
					<itemgap>0</itemgap>
					<visible>Container(9000).HasFocus(22)</visible>
                    <visible>IntegerGreaterThan(Window.Property(plexbmc.numServers),1)</visible> 
                    <control type="button" id="90220">
                            <include>ButtonHomeSubCommonValues</include>
                            <label>$INFO[Window.Property(plexbmc.0.server)]</label>
                            <onclick>ActivateWindow(VideoLibrary,"plugin://plugin.video.plexbmc/?url=$INFO[Window.Property(plexbmc.0.server.video)]",return)</onclick>
                            <visible>IntegerGreaterThan(Window.Property(plexbmc.numServers),0)</visible> 
                    </control>
                    <control type="button" id="90221">
                            <include>ButtonHomeSubCommonValues</include>
                            <label>$INFO[Window.Property(plexbmc.1.server)]</label>
                            <onclick>ActivateWindow(VideoLibrary,"plugin://plugin.video.plexbmc/?url=$INFO[Window.Property(plexbmc.1.server.video)]",return)</onclick>
                            <visible>IntegerGreaterThan(Window.Property(plexbmc.numServers),1)</visible> 
                    </control>
                    <control type="button" id="90222">
                            <include>ButtonHomeSubCommonValues</include>
                            <label>$INFO[Window.Property(plexbmc.2.server)]</label>
                            <onclick>ActivateWindow(VideoLibrary,"plugin://plugin.video.plexbmc/?url=$INFO[Window.Property(plexbmc.2.server.video)]",return)</onclick>
                            <visible>IntegerGreaterThan(Window.Property(plexbmc.numServers),2)</visible> 
                    </control>
                    <control type="button" id="90223">
                            <include>ButtonHomeSubCommonValues</include>
                            <label>$INFO[Window.Property(plexbmc.3.server)]</label>
                            <onclick>ActivateWindow(VideoLibrary,"plugin://plugin.video.plexbmc/?url=$INFO[Window.Property(plexbmc.3.server.video)]",return)</onclick>
                            <visible>IntegerGreaterThan(Window.Property(plexbmc.numServers),3)</visible> 
                    </control>
                    <control type="button" id="90224">
                            <include>ButtonHomeSubCommonValues</include>
                            <label>$INFO[Window.Property(plexbmc.4.server)]</label>
                            <onclick>ActivateWindow(VideoLibrary,"plugin://plugin.video.plexbmc/?url=$INFO[Window.Property(plexbmc.4.server.video)]",return)</onclick>
                            <visible>IntegerGreaterThan(Window.Property(plexbmc.numServers),4)</visible> 
                    </control>
                    <control type="button" id="90225">
                            <include>ButtonHomeSubCommonValues</include>
                            <label>$INFO[Window.Property(plexbmc.5.server)]</label>
                            <onclick>ActivateWindow(VideoLibrary,"plugin://plugin.video.plexbmc/?url=$INFO[Window.Property(plexbmc.5.server.video)]",return)</onclick>
                            <visible>IntegerGreaterThan(Window.Property(plexbmc.numServers),5)</visible> 
                    </control>
                    <control type="button" id="90226">
                            <include>ButtonHomeSubCommonValues</include>
                            <label>$INFO[Window.Property(plexbmc.6.server)]</label>
                            <onclick>ActivateWindow(VideoLibrary,"plugin://plugin.video.plexbmc/?url=$INFO[Window.Property(plexbmc.6.server.video)]",return)</onclick>
                            <visible>IntegerGreaterThan(Window.Property(plexbmc.numServers),6)</visible> 
                    </control>
                    <control type="button" id="90227">
                            <include>ButtonHomeSubCommonValues</include>
                            <label>$INFO[Window.Property(plexbmc.7.server)]</label>
                            <onclick>ActivateWindow(VideoLibrary,"plugin://plugin.video.plexbmc/?url=$INFO[Window.Property(plexbmc.7.server.video)]",return)</onclick>
                            <visible>IntegerGreaterThan(Window.Property(plexbmc.numServers),7)</visible> 
                    </control>
                    <control type="button" id="90228">
                            <include>ButtonHomeSubCommonValues</include>
                            <label>$INFO[Window.Property(plexbmc.8.server)]</label>
                            <onclick>ActivateWindow(VideoLibrary,"plugin://plugin.video.plexbmc/?url=$INFO[Window.Property(plexbmc.8.server.video)]",return)</onclick>
                            <visible>IntegerGreaterThan(Window.Property(plexbmc.numServers),8)</visible> 
                    </control>
                    <control type="button" id="90229">
                            <include>ButtonHomeSubCommonValues</include>
                            <label>$INFO[Window.Property(plexbmc.9.server)]</label>
                            <onclick>ActivateWindow(VideoLibrary,"plugin://plugin.video.plexbmc/?url=$INFO[Window.Property(plexbmc.9.server.video)]",return)</onclick>
                            <visible>IntegerGreaterThan(Window.Property(plexbmc.numServers),9)</visible> 
                    </control>
                </control>    
				<control type="grouplist" id="9023">
					<posx>10</posx>
					<posy>0</posy>
					<width>240</width>
					<height>720</height>
					<align>center</align>
					<onleft>9000</onleft>
					<onright>Control.SetFocus(8001,0)</onright>
					<onup>9023</onup>
					<ondown>9023</ondown>
					<itemgap>0</itemgap>
					<visible>Container(9000).HasFocus(23)</visible>
                    <visible>IntegerGreaterThan(Window.Property(plexbmc.numServers),1)</visible> 
                    <control type="button" id="90230">
                            <include>ButtonHomeSubCommonValues</include>
                            <label>$INFO[Window.Property(plexbmc.0.server)]</label>
                            <onclick>ActivateWindow(Pictures,"plugin://plugin.video.plexbmc/?url=$INFO[Window.Property(plexbmc.0.server.photo)]",return)</onclick>
                            <visible>IntegerGreaterThan(Window.Property(plexbmc.numServers),0)</visible> 
                    </control>
                    <control type="button" id="90231">
                            <include>ButtonHomeSubCommonValues</include>
                            <label>$INFO[Window.Property(plexbmc.1.server)]</label>
                            <onclick>ActivateWindow(Pictures,"plugin://plugin.video.plexbmc/?url=$INFO[Window.Property(plexbmc.1.server.photo)]",return)</onclick>
                            <visible>IntegerGreaterThan(Window.Property(plexbmc.numServers),1)</visible> 
                    </control>
                    <control type="button" id="90232">
                            <include>ButtonHomeSubCommonValues</include>
                            <label>$INFO[Window.Property(plexbmc.2.server)]</label>
                            <onclick>ActivateWindow(Pictures,"plugin://plugin.video.plexbmc/?url=$INFO[Window.Property(plexbmc.2.server.photo)]",return)</onclick>
                            <visible>IntegerGreaterThan(Window.Property(plexbmc.numServers),2)</visible> 
                    </control>
                    <control type="button" id="90233">
                            <include>ButtonHomeSubCommonValues</include>
                            <label>$INFO[Window.Property(plexbmc.3.server)]</label>
                            <onclick>ActivateWindow(Pictures,"plugin://plugin.video.plexbmc/?url=$INFO[Window.Property(plexbmc.3.server.photo)]",return)</onclick>
                            <visible>IntegerGreaterThan(Window.Property(plexbmc.numServers),3)</visible> 
                    </control>
                    <control type="button" id="90234">
                            <include>ButtonHomeSubCommonValues</include>
                            <label>$INFO[Window.Property(plexbmc.4.server)]</label>
                            <onclick>ActivateWindow(Pictures,"plugin://plugin.video.plexbmc/?url=$INFO[Window.Property(plexbmc.4.server.photo)]",return)</onclick>
                            <visible>IntegerGreaterThan(Window.Property(plexbmc.numServers),4)</visible> 
                    </control>
                    <control type="button" id="90235">
                            <include>ButtonHomeSubCommonValues</include>
                            <label>$INFO[Window.Property(plexbmc.5.server)]</label>
                            <onclick>ActivateWindow(Pictures,"plugin://plugin.video.plexbmc/?url=$INFO[Window.Property(plexbmc.5.server.photo)]",return)</onclick>
                            <visible>IntegerGreaterThan(Window.Property(plexbmc.numServers),5)</visible> 
                    </control>
                    <control type="button" id="90236">
                            <include>ButtonHomeSubCommonValues</include>
                            <label>$INFO[Window.Property(plexbmc.6.server)]</label>
                            <onclick>ActivateWindow(Pictures,"plugin://plugin.video.plexbmc/?url=$INFO[Window.Property(plexbmc.6.server.photo)]",return)</onclick>
                            <visible>IntegerGreaterThan(Window.Property(plexbmc.numServers),6)</visible> 
                    </control>
                    <control type="button" id="90237">
                            <include>ButtonHomeSubCommonValues</include>
                            <label>$INFO[Window.Property(plexbmc.7.server)]</label>
                            <onclick>ActivateWindow(Pictures,"plugin://plugin.video.plexbmc/?url=$INFO[Window.Property(plexbmc.7.server.photo)]",return)</onclick>
                            <visible>IntegerGreaterThan(Window.Property(plexbmc.numServers),7)</visible> 
                    </control>
                    <control type="button" id="90238">
                            <include>ButtonHomeSubCommonValues</include>
                            <label>$INFO[Window.Property(plexbmc.8.server)]</label>
                            <onclick>ActivateWindow(Pictures,"plugin://plugin.video.plexbmc/?url=$INFO[Window.Property(plexbmc.8.server.photo)]",return)</onclick>
                            <visible>IntegerGreaterThan(Window.Property(plexbmc.numServers),8)</visible> 
                    </control>
                    <control type="button" id="90239">
                            <include>ButtonHomeSubCommonValues</include>
                            <label>$INFO[Window.Property(plexbmc.9.server)]</label>
                            <onclick>ActivateWindow(Pictures,"plugin://plugin.video.plexbmc/?url=$INFO[Window.Property(plexbmc.9.server.photo)]",return)</onclick>
                            <visible>IntegerGreaterThan(Window.Property(plexbmc.numServers),9)</visible> 
                    </control>
                </control>    
				<control type="grouplist" id="9024">
					<posx>10</posx>
					<posy>0</posy>
					<width>240</width>
					<height>720</height>
					<align>center</align>
					<onleft>9000</onleft>
					<onright>Control.SetFocus(8001,0)</onright>
					<onup>9024</onup>
					<ondown>9024</ondown>
					<itemgap>0</itemgap>
					<visible>Container(9000).HasFocus(24)</visible>
                    <visible>IntegerGreaterThan(Window.Property(plexbmc.numServers),1)</visible> 
                    <control type="button" id="90240">
                            <include>ButtonHomeSubCommonValues</include>
                            <label>$INFO[Window.Property(plexbmc.0.server)]</label>
                            <onclick>ActivateWindow(MusicFiles,"plugin://plugin.video.plexbmc/?url=$INFO[Window.Property(plexbmc.0.server.music)]",return)</onclick>
                            <visible>IntegerGreaterThan(Window.Property(plexbmc.numServers),0)</visible> 
                    </control>
                    <control type="button" id="90241">
                            <include>ButtonHomeSubCommonValues</include>
                            <label>$INFO[Window.Property(plexbmc.1.server)]</label>
                            <onclick>ActivateWindow(MusicFiles,"plugin://plugin.video.plexbmc/?url=$INFO[Window.Property(plexbmc.1.server.music)]",return)</onclick>
                            <visible>IntegerGreaterThan(Window.Property(plexbmc.numServers),1)</visible> 
                    </control>
                    <control type="button" id="90242">
                            <include>ButtonHomeSubCommonValues</include>
                            <label>$INFO[Window.Property(plexbmc.2.server)]</label>
                            <onclick>ActivateWindow(MusicFiles,"plugin://plugin.video.plexbmc/?url=$INFO[Window.Property(plexbmc.2.server.music)]",return)</onclick>
                            <visible>IntegerGreaterThan(Window.Property(plexbmc.numServers),2)</visible> 
                    </control>
                    <control type="button" id="90243">
                            <include>ButtonHomeSubCommonValues</include>
                            <label>$INFO[Window.Property(plexbmc.3.server)]</label>
                            <onclick>ActivateWindow(MusicFiles,"plugin://plugin.video.plexbmc/?url=$INFO[Window.Property(plexbmc.3.server.music)]",return)</onclick>
                            <visible>IntegerGreaterThan(Window.Property(plexbmc.numServers),3)</visible> 
                    </control>
                    <control type="button" id="90244">
                            <include>ButtonHomeSubCommonValues</include>
                            <label>$INFO[Window.Property(plexbmc.4.server)]</label>
                            <onclick>ActivateWindow(MusicFiles,"plugin://plugin.video.plexbmc/?url=$INFO[Window.Property(plexbmc.4.server.music)]",return)</onclick>
                            <visible>IntegerGreaterThan(Window.Property(plexbmc.numServers),4)</visible> 
                    </control>
                    <control type="button" id="90245">
                            <include>ButtonHomeSubCommonValues</include>
                            <label>$INFO[Window.Property(plexbmc.5.server)]</label>
                            <onclick>ActivateWindow(MusicFiles,"plugin://plugin.video.plexbmc/?url=$INFO[Window.Property(plexbmc.5.server.music)]",return)</onclick>
                            <visible>IntegerGreaterThan(Window.Property(plexbmc.numServers),5)</visible> 
                    </control>
                    <control type="button" id="90246">
                            <include>ButtonHomeSubCommonValues</include>
                            <label>$INFO[Window.Property(plexbmc.6.server)]</label>
                            <onclick>ActivateWindow(MusicFiles,"plugin://plugin.video.plexbmc/?url=$INFO[Window.Property(plexbmc.6.server.music)]",return)</onclick>
                            <visible>IntegerGreaterThan(Window.Property(plexbmc.numServers),6)</visible> 
                    </control>
                    <control type="button" id="90247">
                            <include>ButtonHomeSubCommonValues</include>
                            <label>$INFO[Window.Property(plexbmc.7.server)]</label>
                            <onclick>ActivateWindow(MusicFiles,"plugin://plugin.video.plexbmc/?url=$INFO[Window.Property(plexbmc.7.server.music)]",return)</onclick>
                            <visible>IntegerGreaterThan(Window.Property(plexbmc.numServers),7)</visible> 
                    </control>
                    <control type="button" id="90248">
                            <include>ButtonHomeSubCommonValues</include>
                            <label>$INFO[Window.Property(plexbmc.8.server)]</label>
                            <onclick>ActivateWindow(MusicFiles,"plugin://plugin.video.plexbmc/?url=$INFO[Window.Property(plexbmc.8.server.music)]",return)</onclick>
                            <visible>IntegerGreaterThan(Window.Property(plexbmc.numServers),8)</visible> 
                    </control>
                    <control type="button" id="90249">
                            <include>ButtonHomeSubCommonValues</include>
                            <label>$INFO[Window.Property(plexbmc.9.server)]</label>
                            <onclick>ActivateWindow(MusicFiles,"plugin://plugin.video.plexbmc/?url=$INFO[Window.Property(plexbmc.9.server.music)]",return)</onclick>
                            <visible>IntegerGreaterThan(Window.Property(plexbmc.numServers),9)</visible> 
                    </control>
                </control>    
				<control type="grouplist" id="9025">
					<posx>10</posx>
					<posy>0</posy>
					<width>240</width>
					<height>720</height>
					<align>center</align>
					<onleft>9000</onleft>
					<onright>Control.SetFocus(8001,0)</onright>
					<onup>9025</onup>
					<ondown>9025</ondown>
					<itemgap>0</itemgap>
					<visible>Container(9000).HasFocus(25)</visible>
                    <visible>IntegerGreaterThan(Window.Property(plexbmc.numServers),1)</visible> 
                    <control type="button" id="90250">
                            <include>ButtonHomeSubCommonValues</include>
                            <label>$INFO[Window.Property(plexbmc.0.server)]</label>
                            <onclick>ActivateWindow(VideoLibrary,"plugin://plugin.video.plexbmc/?url=$INFO[Window.Property(plexbmc.0.server.online)]",return)</onclick>
                            <visible>IntegerGreaterThan(Window.Property(plexbmc.numServers),0)</visible> 
                    </control>
                    <control type="button" id="90251">
                            <include>ButtonHomeSubCommonValues</include>
                            <label>$INFO[Window.Property(plexbmc.1.server)]</label>
                            <onclick>ActivateWindow(VideoLibrary,"plugin://plugin.video.plexbmc/?url=$INFO[Window.Property(plexbmc.1.server.online)]",return)</onclick>
                            <visible>IntegerGreaterThan(Window.Property(plexbmc.numServers),1)</visible> 
                    </control>
                    <control type="button" id="90252">
                            <include>ButtonHomeSubCommonValues</include>
                            <label>$INFO[Window.Property(plexbmc.2.server)]</label>
                            <onclick>ActivateWindow(VideoLibrary,"plugin://plugin.video.plexbmc/?url=$INFO[Window.Property(plexbmc.2.server.online)]",return)</onclick>
                            <visible>IntegerGreaterThan(Window.Property(plexbmc.numServers),2)</visible> 
                    </control>
                    <control type="button" id="90253">
                            <include>ButtonHomeSubCommonValues</include>
                            <label>$INFO[Window.Property(plexbmc.3.server)]</label>
                            <onclick>ActivateWindow(VideoLibrary,"plugin://plugin.video.plexbmc/?url=$INFO[Window.Property(plexbmc.3.server.online)]",return)</onclick>
                            <visible>IntegerGreaterThan(Window.Property(plexbmc.numServers),3)</visible> 
                    </control>
                    <control type="button" id="90254">
                            <include>ButtonHomeSubCommonValues</include>
                            <label>$INFO[Window.Property(plexbmc.4.server)]</label>
                            <onclick>ActivateWindow(VideoLibrary,"plugin://plugin.video.plexbmc/?url=$INFO[Window.Property(plexbmc.4.server.online)]",return)</onclick>
                            <visible>IntegerGreaterThan(Window.Property(plexbmc.numServers),4)</visible> 
                    </control>
                    <control type="button" id="90255">
                            <include>ButtonHomeSubCommonValues</include>
                            <label>$INFO[Window.Property(plexbmc.5.server)]</label>
                            <onclick>ActivateWindow(VideoLibrary,"plugin://plugin.video.plexbmc/?url=$INFO[Window.Property(plexbmc.5.server.online)]",return)</onclick>
                            <visible>IntegerGreaterThan(Window.Property(plexbmc.numServers),5)</visible> 
                    </control>
                    <control type="button" id="90256">
                            <include>ButtonHomeSubCommonValues</include>
                            <label>$INFO[Window.Property(plexbmc.6.server)]</label>
                            <onclick>ActivateWindow(VideoLibrary,"plugin://plugin.video.plexbmc/?url=$INFO[Window.Property(plexbmc.6.server.online)]",return)</onclick>
                            <visible>IntegerGreaterThan(Window.Property(plexbmc.numServers),6)</visible> 
                    </control>
                    <control type="button" id="90257">
                            <include>ButtonHomeSubCommonValues</include>
                            <label>$INFO[Window.Property(plexbmc.7.server)]</label>
                            <onclick>ActivateWindow(VideoLibrary,"plugin://plugin.video.plexbmc/?url=$INFO[Window.Property(plexbmc.7.server.online)]",return)</onclick>
                            <visible>IntegerGreaterThan(Window.Property(plexbmc.numServers),7)</visible> 
                    </control>
                    <control type="button" id="90258">
                            <include>ButtonHomeSubCommonValues</include>
                            <label>$INFO[Window.Property(plexbmc.8.server)]</label>
                            <onclick>ActivateWindow(VideoLibrary,"plugin://plugin.video.plexbmc/?url=$INFO[Window.Property(plexbmc.8.server.online)]",return)</onclick>
                            <visible>IntegerGreaterThan(Window.Property(plexbmc.numServers),8)</visible> 
                    </control>
                    <control type="button" id="90259">
                            <include>ButtonHomeSubCommonValues</include>
                            <label>$INFO[Window.Property(plexbmc.9.server)]</label>
                            <onclick>ActivateWindow(VideoLibrary,"plugin://plugin.video.plexbmc/?url=$INFO[Window.Property(plexbmc.9.server.online)]",return)</onclick>
                            <visible>IntegerGreaterThan(Window.Property(plexbmc.numServers),9)</visible> 
                    </control>                    
                    
                </control>
				<control type="grouplist" id="9026">
					<posx>10</posx>
					<posy>0</posy>
					<width>240</width>
					<height>720</height>
					<align>center</align>
					<onleft>9000</onleft>
					<onright>Control.SetFocus(8001,0)</onright>
					<onup>9025</onup>
					<ondown>9025</ondown>
					<itemgap>0</itemgap>
					<visible>Container(9000).HasFocus(26)</visible>
                    <visible>IntegerGreaterThan(Window.Property(plexbmc.numServers),1)</visible> 
                    <control type="button" id="90250">
                            <include>ButtonHomeSubCommonValues</include>
                            <label>$INFO[Window.Property(plexbmc.0.server)]</label>
                            <onclick>$INFO[Window.Property(plexbmc.0.server.channel)]</onclick>
                            <visible>IntegerGreaterThan(Window.Property(plexbmc.numServers),0)</visible> 
                    </control>
                    <control type="button" id="90261">
                            <include>ButtonHomeSubCommonValues</include>
                            <label>$INFO[Window.Property(plexbmc.1.server)]</label>
                            <onclick>$INFO[Window.Property(plexbmc.1.server.channel)]</onclick>
                            <visible>IntegerGreaterThan(Window.Property(plexbmc.numServers),1)</visible> 
                    </control>
                    <control type="button" id="90262">
                            <include>ButtonHomeSubCommonValues</include>
                            <label>$INFO[Window.Property(plexbmc.2.server)]</label>
                            <onclick>$INFO[Window.Property(plexbmc.2.server.channel)]</onclick>
                            <visible>IntegerGreaterThan(Window.Property(plexbmc.numServers),2)</visible> 
                    </control>
                    <control type="button" id="90263">
                            <include>ButtonHomeSubCommonValues</include>
                            <label>$INFO[Window.Property(plexbmc.3.server)]</label>
                            <onclick>$INFO[Window.Property(plexbmc.3.server.channel)]</onclick>
                            <visible>IntegerGreaterThan(Window.Property(plexbmc.numServers),3)</visible> 
                    </control>
                    <control type="button" id="90264">
                            <include>ButtonHomeSubCommonValues</include>
                            <label>$INFO[Window.Property(plexbmc.4.server)]</label>
                            <onclick>$INFO[Window.Property(plexbmc.4.server.channel)]</onclick>
                            <visible>IntegerGreaterThan(Window.Property(plexbmc.numServers),4)</visible> 
                    </control>
                    <control type="button" id="90265">
                            <include>ButtonHomeSubCommonValues</include>
                            <label>$INFO[Window.Property(plexbmc.5.server)]</label>
                            <onclick>$INFO[Window.Property(plexbmc.5.server.channel)]</onclick>
                            <visible>IntegerGreaterThan(Window.Property(plexbmc.numServers),5)</visible> 
                    </control>
                    <control type="button" id="90266">
                            <include>ButtonHomeSubCommonValues</include>
                            <label>$INFO[Window.Property(plexbmc.6.server)]</label>
                            <onclick>$INFO[Window.Property(plexbmc.6.server.channel)]</onclick>
                            <visible>IntegerGreaterThan(Window.Property(plexbmc.numServers),6)</visible> 
                    </control>
                    <control type="button" id="90267">
                            <include>ButtonHomeSubCommonValues</include>
                            <label>$INFO[Window.Property(plexbmc.7.server)]</label>
                            <onclick>$INFO[Window.Property(plexbmc.7.server.channel)]</onclick>
                            <visible>IntegerGreaterThan(Window.Property(plexbmc.numServers),7)</visible> 
                    </control>
                    <control type="button" id="90268">
                            <include>ButtonHomeSubCommonValues</include>
                            <label>$INFO[Window.Property(plexbmc.8.server)]</label>
                            <onclick>$INFO[Window.Property(plexbmc.8.server.channel)]</onclick>
                            <visible>IntegerGreaterThan(Window.Property(plexbmc.numServers),8)</visible> 
                    </control>
                    <control type="button" id="90269">
                            <include>ButtonHomeSubCommonValues</include>
                            <label>$INFO[Window.Property(plexbmc.9.server)]</label>
                            <onclick>$INFO[Window.Property(plexbmc.9.server.channel)]</onclick>
                            <visible>IntegerGreaterThan(Window.Property(plexbmc.numServers),9)</visible> 
                    </control>                    
                    
                </control>
                
            </control>    
			<control type="image">
				<posx>-450</posx>
				<posy>0</posy>
				<width>846</width>
				<height>720</height>
				<colordiffuse>DAFFFFFF</colordiffuse>
				<texture>HomeBlade_bottom.png</texture>
			</control>
			<control type="fixedlist" id="9000">
				<hitrect x="50" y="50" w="330" h="620" />
				<posx>-20</posx>
				<posy>0</posy>
				<width>400</width>
				<height>720</height>
				<onleft>10</onleft>
				<onright>9001</onright>
				<onup>9000</onup>
				<ondown>9000</ondown>
				<pagecontrol>-</pagecontrol>
				<scrolltime>300</scrolltime>
				<focusposition>3</focusposition>
				<movement>2</movement>
				<animation effect="fade" start="0" end="100" time="200">Visible</animation>
				<animation effect="fade" start="100" end="30" time="200" condition="Window.IsVisible(1113) | ControlGroup(9001).HasFocus | ControlGroup(10).HasFocus | Control.HasFocus(8000) | Control.HasFocus(8001) | Control.HasFocus(9002)">conditional</animation>
				<itemlayout height="102" width="380">
					<control type="label">
						<posx>380</posx>
						<posy>0</posy>
						<width>380</width>
						<height>102</height>
						<font>font50caps_title</font>
						<textcolor>grey3</textcolor>
						<align>right</align>
						<aligny>center</aligny>
						<label>$INFO[ListItem.Label]</label>
						<animation effect="zoom" start="75" end="75" center="380,51" time="0" condition="true">Conditional</animation>
						<animation effect="fade" start="100" end="30" time="200" condition="Window.IsVisible(1113) | ControlGroup(9001).HasFocus | ControlGroup(10).HasFocus | Control.HasFocus(9002)">conditional</animation>
					</control>
				</itemlayout>
				<focusedlayout height="102" width="380">
					<control type="label">
						<posx>380</posx>
						<posy>0</posy>
						<width>380</width>
						<height>102</height>
						<font>font50caps_title</font>
						<textcolor>white</textcolor>
						<align>right</align>
						<aligny>center</aligny>
						<animation effect="zoom" start="75" end="100" center="380,51" time="200">Focus</animation>
						<animation effect="zoom" start="100" end="75" center="380,51" time="200">UnFocus</animation>
						<label>$INFO[ListItem.Label]</label>
					</control>
					<control type="label">
						<posx>380</posx>
						<posy>30</posy>
						<width>380</width>
						<height>102</height>
						<font>font20_title</font>
						<textcolor>white</textcolor>
						<align>right</align>
						<aligny>center</aligny>
						<animation effect="zoom" start="75" end="100" center="380,51" time="200">Focus</animation>
						<animation effect="zoom" start="100" end="75" center="380,51" time="200">UnFocus</animation>
                        <visible>IntegerGreaterThan(Window.Property(plexbmc.numServers),1)</visible> 
						<label>$INFO[ListItem.Label2]</label>
					</control>
                </focusedlayout>
				<content>
					<item id="6">
						<label>8</label>
						<onclick>ActivateWindow(Weather)</onclick>
						<icon>special://skin/backgrounds/weather.jpg</icon>
						<thumb>$INFO[Skin.String(Home_Custom_Back_Weather_Folder)]</thumb>
						<visible>!Skin.HasSetting(HomeMenuNoWeatherButton)</visible>
						<visible>!Skin.HasSetting(ShowWeatherFanart) | IsEmpty(Skin.String(WeatherFanartDir))</visible>
					</item>
					<item id="6">
						<label>8</label>
						<onclick>ActivateWindow(Weather)</onclick>
						<icon>special://skin/backgrounds/weather.jpg</icon>
						<thumb>$INFO[Skin.String(WeatherFanartDir)]$INFO[Weather.FanartCode]</thumb>
						<visible>!Skin.HasSetting(HomeMenuNoWeatherButton)</visible>
						<visible>Skin.HasSetting(ShowWeatherFanart) + !IsEmpty(Skin.String(WeatherFanartDir))</visible>
					</item>
					<item id="1">
						<label>0</label>
						<onclick>ActivateWindow(Programs,Addons,return)</onclick>
						<icon>special://skin/backgrounds/programs.jpg</icon>
						<thumb>$INFO[Skin.String(Home_Custom_Back_Programs_Folder)]</thumb>
                        <visible>!Skin.HasSetting(plexbmcok)</visible>
						<visible>!Skin.HasSetting(HomeMenuNoProgramsButton)</visible>
					</item>
					<item id="4">
						<label>1</label>
						<onclick>ActivateWindow(Pictures)</onclick>
						<icon>special://skin/backgrounds/pictures.jpg</icon>
						<thumb>$INFO[Skin.String(Home_Custom_Back_Pictures_Folder)]</thumb>
                        <visible>!Skin.HasSetting(plexbmcok)</visible>
						<visible>!Skin.HasSetting(HomeMenuNoPicturesButton)</visible>
					</item>
					<item id="2">
						<label>3</label>
						<onclick>ActivateWindow(Videos)</onclick>
						<icon>special://skin/backgrounds/videos.jpg</icon>
						<thumb>$INFO[Skin.String(Home_Custom_Back_Video_Folder)]</thumb>
                        <visible>!Skin.HasSetting(plexbmcok)</visible>
						<visible>!Skin.HasSetting(HomeMenuNoVideosButton) + ![Skin.HasSetting(HomeMenuNoMoviesButton) + Skin.HasSetting(HomeMenuNoTVShowsButton)]</visible>
					</item>
					<item id="2">
						<label>3</label>
						<onclick>ActivateWindow(Videos,Files,return)</onclick>
						<icon>special://skin/backgrounds/videos.jpg</icon>
						<thumb>$INFO[Skin.String(Home_Custom_Back_Video_Folder)]</thumb>
                        <visible>!Skin.HasSetting(plexbmcok)</visible>
						<visible>!Skin.HasSetting(HomeMenuNoVideosButton) + [Skin.HasSetting(HomeMenuNoMoviesButton) + Skin.HasSetting(HomeMenuNoTVShowsButton)]</visible>
					</item>
					<item id="10">
						<label>20342</label>
						<onclick>ActivateWindow(Videos,MovieTitles,return)</onclick>
						<icon>special://skin/backgrounds/videos.jpg</icon>
						<thumb>$INFO[Skin.String(Home_Custom_Back_Movies_Folder)]</thumb>
                        <visible>!Skin.HasSetting(plexbmcok)</visible>
						<visible>Skin.HasSetting(HomeMenuNoMoviesButton) + Library.HasContent(Movies)</visible>
					</item>
					<item id="11">
						<label>20343</label>
						<onclick>ActivateWindow(Videos,TVShowTitles,return)</onclick>
						<icon>special://skin/backgrounds/videos.jpg</icon>
						<thumb>$INFO[Skin.String(Home_Custom_Back_TVShow_Folder)]</thumb>
                        <visible>!Skin.HasSetting(plexbmcok)</visible>
						<visible>Skin.HasSetting(HomeMenuNoTVShowsButton) + Library.HasContent(TVShows)</visible>
					</item>
					<item id="3">
						<label>2</label>
						<onclick>ActivateWindow(Music)</onclick>
						<icon>special://skin/backgrounds/music.jpg</icon>
						<thumb>$INFO[Skin.String(Home_Custom_Back_Music_Folder)]</thumb>
                        <visible>!Skin.HasSetting(plexbmcok)</visible>
						<visible>!Skin.HasSetting(HomeMenuNoMusicButton)</visible>
					</item>
					<item id="5">
						<label>13000</label>
						<onclick>ActivateWindow(Settings)</onclick>
						<icon>special://skin/backgrounds/settings.jpg</icon>
                        <visible>!Skin.HasSetting(plexbmcok)</visible>
						<thumb>$INFO[Skin.String(Home_Custom_Back_Settings_Folder)]</thumb>
					</item>
   					<item id="5">
						<label>Preferences</label>
						<onclick>ActivateWindow(Settings)</onclick>
						<icon>special://skin/backgrounds/settings.jpg</icon>
                        <visible>Skin.HasSetting(plexbmcok)</visible>
						<thumb>$INFO[Skin.String(Home_Custom_Back_Settings_Folder)]</thumb>
					</item>

                    <item id="12">
                        <label>$INFO[Window.Property(plexbmc.0.title)]</label>
                        <label2>$INFO[Window.Property(plexbmc.0.subtitle)]</label2>
                        <onclick>$INFO[Window.Property(plexbmc.0.path)]</onclick>
   						<thumb>$INFO[Window.Property(plexbmc.0.art)]</thumb>
   						<icon>$INFO[Window.Property(plexbmc.0.art)]</icon>
                        <visible>Skin.HasSetting(plexbmcok)</visible>
                        <visible>!IsEmpty(Window.Property(plexbmc.0.title))</visible>
                    </item>
                    <item id="13">
                        <label>$INFO[Window.Property(plexbmc.1.title)]</label>
                        <label2>$INFO[Window.Property(plexbmc.1.subtitle)]</label2>
                        <onclick>$INFO[Window.Property(plexbmc.1.path)]</onclick>
   						<icon>$INFO[Window.Property(plexbmc.1.art)]</icon>
                        <visible>Skin.HasSetting(plexbmcok)</visible>
                        <visible>!IsEmpty(Window.Property(plexbmc.1.title))</visible>
                    </item>
                    <item id="14">
                        <label>$INFO[Window.Property(plexbmc.2.title)]</label>
                        <label2>$INFO[Window.Property(plexbmc.2.subtitle)]</label2>
                        <onclick>$INFO[Window.Property(plexbmc.2.path)]</onclick>
   						<icon>$INFO[Window.Property(plexbmc.2.art)]</icon>
                        <visible>Skin.HasSetting(plexbmcok)</visible>
                        <visible>!IsEmpty(Window.Property(plexbmc.2.title))</visible>
                    </item>
                    <item id="15">
                        <label>$INFO[Window.Property(plexbmc.3.title)]</label>
                        <label2>$INFO[Window.Property(plexbmc.3.subtitle)]</label2>
                        <onclick>$INFO[Window.Property(plexbmc.3.path)]</onclick>
   						<icon>$INFO[Window.Property(plexbmc.3.art)]</icon>
                        <visible>Skin.HasSetting(plexbmcok)</visible>
                        <visible>!IsEmpty(Window.Property(plexbmc.3.title))</visible>
                    </item>
                    <item id="16">
                        <label>$INFO[Window.Property(plexbmc.4.title)]</label>
                        <label2>$INFO[Window.Property(plexbmc.4.subtitle)]</label2>
                        <onclick>$INFO[Window.Property(plexbmc.4.path)]</onclick>
   						<icon>$INFO[Window.Property(plexbmc.4.art)]</icon>
                        <visible>Skin.HasSetting(plexbmcok)</visible>
                        <visible>!IsEmpty(Window.Property(plexbmc.4.title))</visible>
                    </item>
                    <item id="17">
                        <label>$INFO[Window.Property(plexbmc.5.title)]</label>
                        <label2>$INFO[Window.Property(plexbmc.5.subtitle)]</label2>
                        <onclick>$INFO[Window.Property(plexbmc.5.path)]</onclick>
   						<icon>$INFO[Window.Property(plexbmc.5.art)]</icon>
                        <visible>Skin.HasSetting(plexbmcok)</visible>
                        <visible>!IsEmpty(Window.Property(plexbmc.5.title))</visible>
                    </item>
                    <item id="18">
                        <label>$INFO[Window.Property(plexbmc.6.title)]</label>
                        <label2>$INFO[Window.Property(plexbmc.6.subtitle)]</label2>
                        <onclick>$INFO[Window.Property(plexbmc.6.path)]</onclick>
   						<icon>$INFO[Window.Property(plexbmc.6.art)]</icon>
                        <visible>Skin.HasSetting(plexbmcok)</visible>
                        <visible>!IsEmpty(Window.Property(plexbmc.6.title))</visible>
                    </item>
                    <item id="19">
                        <label>$INFO[Window.Property(plexbmc.7.title)]</label>
                        <label2>$INFO[Window.Property(plexbmc.7.subtitle)]</label2>
                        <onclick>$INFO[Window.Property(plexbmc.7.path)]</onclick>
   						<icon>$INFO[Window.Property(plexbmc.7.art)]</icon>
                        <visible>Skin.HasSetting(plexbmcok)</visible>
                        <visible>!IsEmpty(Window.Property(plexbmc.7.title))</visible>
                    </item>
                    <item id="20">
                        <label>$INFO[Window.Property(plexbmc.8.title)]</label>
                        <label2>$INFO[Window.Property(plexbmc.8.subtitle)]</label2>
                        <onclick>$INFO[Window.Property(plexbmc.8.path)]</onclick>
   						<icon>$INFO[Window.Property(plexbmc.8.art)]</icon>
                        <visible>Skin.HasSetting(plexbmcok)</visible>
                        <visible>!IsEmpty(Window.Property(plexbmc.8.title))</visible>
                    </item>
                    <item id="21">
                        <label>$INFO[Window.Property(plexbmc.9.title)]</label>
                        <label2>$INFO[Window.Property(plexbmc.9.subtitle)]</label2>
                        <onclick>$INFO[Window.Property(plexbmc.9.path)]</onclick>
   						<icon>$INFO[Window.Property(plexbmc.9.art)]</icon>
                        <visible>Skin.HasSetting(plexbmcok)</visible>
                        <visible>!IsEmpty(Window.Property(plexbmc.9.title))</visible>
                    </item>
                    <item id="22">
                        <label>Video Plug-ins</label>
                        <label2>Plex</label2>
                        <onclick>-</onclick>
   						<icon></icon>
                        <visible>Skin.HasSetting(plexbmcok)</visible>
                        <visible>IntegerGreaterThan(Window.Property(plexbmc.numServers),1)</visible>                         
                        <visible>IsEmpty(Window.Property(plexbmc.channel))</visible>
                    </item>
                    <item id="22">
                        <label>Video Plug-ins</label>
                        <label2>Plex</label2>
                        <onclick>ActivateWindow(VideoLibrary,"plugin://plugin.video.plexbmc/?url=$INFO[Window.Property(plexbmc.0.server.video)]",return)</onclick>
   						<icon></icon>
                        <visible>Skin.HasSetting(plexbmcok)</visible>
                        <visible>!IntegerGreaterThan(Window.Property(plexbmc.numServers),1)</visible> 
                        <visible>IsEmpty(Window.Property(plexbmc.channel))</visible>
                    </item>
                    <item id="23">
                        <label>Picture Plug-ins</label>
                        <label2>Plex</label2>
                        <onclick>-</onclick>
   						<icon></icon>
                        <visible>Skin.HasSetting(plexbmcok)</visible>
                        <visible>IntegerGreaterThan(Window.Property(plexbmc.numServers),1)</visible>                         
                        <visible>IsEmpty(Window.Property(plexbmc.channel))</visible>
                    </item>
                    <item id="23">
                        <label>Picture Plug-ins</label>
                        <label2>Plex</label2>
                        <onclick>ActivateWindow(Pictures,"plugin://plugin.video.plexbmc/?url=$INFO[Window.Property(plexbmc.0.server.photo)]",return)</onclick>
   						<icon></icon>
                        <visible>Skin.HasSetting(plexbmcok)</visible>
                        <visible>!IntegerGreaterThan(Window.Property(plexbmc.numServers),1)</visible> 
                        <visible>IsEmpty(Window.Property(plexbmc.channel))</visible>
                    </item>
                    <item id="24">
                        <label>Music Plug-ins</label>
                        <label2>plex</label2>
                        <onclick>-</onclick>
   						<icon></icon>
                        <visible>Skin.HasSetting(plexbmcok)</visible>
                        <visible>IntegerGreaterThan(Window.Property(plexbmc.numServers),1)</visible> 
                        <visible>IsEmpty(Window.Property(plexbmc.channel))</visible>
                    </item>
                    <item id="24">
                        <label>Music Plug-ins</label>
                        <label2>plex</label2>
                        <onclick>ActivateWindow(MusicFiles,"plugin://plugin.video.plexbmc/?url=$INFO[Window.Property(plexbmc.0.server.music)]",return)</onclick>
   						<icon></icon>
                        <visible>Skin.HasSetting(plexbmcok)</visible>
                        <visible>!IntegerGreaterThan(Window.Property(plexbmc.numServers),1)</visible> 
                        <visible>IsEmpty(Window.Property(plexbmc.channel))</visible>
                    </item>
                    <item id="25">
                        <label>Plex Online</label>
                        <label2>Plex</label2>
                        <onclick>-</onclick>
   						<icon></icon>
                        <visible>Skin.HasSetting(plexbmcok)</visible>
                        <visible>IntegerGreaterThan(Window.Property(plexbmc.numServers),1)</visible> 
                    </item>
                    <item id="25">
                        <label>Plex Online</label>
                        <label2></label2>
                        <onclick>ActivateWindow(VideoLibrary,"plugin://plugin.video.plexbmc/?url=$INFO[Window.Property(plexbmc.0.server.online)]",return)</onclick>
   						<icon></icon>
                        <visible>Skin.HasSetting(plexbmcok)</visible>
                        <visible>!IntegerGreaterThan(Window.Property(plexbmc.numServers),1)</visible> 
                    </item>
                    <item id="26">
                        <label>Channels</label>
                        <label2>Plex</label2>
                        <onclick>-</onclick>
   						<icon></icon>
                        <visible>Skin.HasSetting(plexbmcok)</visible>
                        <visible>IntegerGreaterThan(Window.Property(plexbmc.numServers),1)</visible> 
                        <visible>!IsEmpty(Window.Property(plexbmc.channel))</visible>
                    </item>
                    <item id="26">
                        <label>Channels</label>
                        <label2></label2>
                        <onclick>$INFO[Window.Property(plexbmc.0.server.channel)]</onclick>
   						<icon></icon>
                        <visible>Skin.HasSetting(plexbmcok)</visible>
                        <visible>!IntegerGreaterThan(Window.Property(plexbmc.numServers),1)</visible> 
                        <visible>!IsEmpty(Window.Property(plexbmc.channel))</visible>
                    </item>

                    
				</content>
			</control>
			<control type="image">
				<posx>0</posx>
				<posy>-205</posy>
				<width>385</width>
				<height>1130</height>
				<texture>HomeBlade_middle.png</texture>
				<animation effect="slide" end="0,-204" time="300" condition="Container(9000).Row(1)">conditional</animation>
				<animation effect="slide" end="0,-102" time="300" condition="Container(9000).Row(2)">conditional</animation>
				<animation effect="slide" end="0,102" time="300" condition="Container(9000).Row(4)">conditional</animation>
				<animation effect="slide" end="0,204" time="300" condition="Container(9000).Row(5)">conditional</animation>
			</control>
			<control type="image">
				<posx>-450</posx>
				<posy>0</posy>
				<width>846</width>
				<height>720</height>
				<texture>HomeBlade_top.png</texture>
			</control>
            <control type="group">
                <visible>skin.hasSetting(plexbmcok)</visible>
                <control type="image">
                    <description>LOGO</description>
                    <posx>10</posx>
                    <posy>10</posy>
                    <width>140</width>
                    <height>60</height>
                    <texture>logo.png</texture>
                </control>
                <control type="image">
                    <description>LOGO Mirror</description>
                    <posx>10</posx>
                    <posy>42</posy>
                    <width>140</width>
                    <height>60</height>
                    <texture diffuse="diffuse_mirror.png" flipy="true">logo.png</texture>
                </control>
                <control type="label">
                    <posx>150</posx>
                    <posy>25</posy>
                    <width>30</width>
                    <height>60</height>
                    <font>font12</font>
                    <label>on</label>
                </control>
                <control type="image">
                    <description>LOGO</description>
                    <posx>180</posx>
                    <posy>18</posy>
                    <width>140</width>
                    <height>40</height>
                    <texture>XBMC_logo.png</texture>
                </control>
                <control type="image">
                    <description>LOGO Mirror</description>
                    <posx>180</posx>
                    <posy>50</posy>
                    <width>140</width>
                    <height>40</height>
                    <texture diffuse="diffuse_mirror.png" flipy="true">XBMC_logo.png</texture>
                </control>
            </control>  
            <control type="group">
                <visible>!skin.hasSetting(plexbmcok)</visible>
                <control type="image">
                    <description>LOGO</description>
                    <posx>10</posx>
                    <posy>10</posy>
                    <width>140</width>
                    <height>40</height>
                    <texture>XBMC_logo.png</texture>
                </control>
                <control type="image">
                    <description>LOGO Mirror</description>
                    <posx>10</posx>
                    <posy>42</posy>
                    <width>140</width>
                    <height>40</height>
                    <texture diffuse="diffuse_mirror.png" flipy="true">XBMC_logo.png</texture>
                </control>
            </control>
			<control type="image">
				<posx>0</posx>
				<posy>100r</posy>
				<width>256</width>
				<height>100</height>
				<texture>HomeButtonsBack.png</texture>
			</control>
			<control type="group" id="10">
				<posx>15</posx>
				<posy>55r</posy>
				<control type="button" id="20">
					<description>Power push button</description>
					<posx>90</posx>
					<posy>0</posy>
					<width>43</width>
					<height>43</height>
					<label>31003</label>
					<font>-</font>
					<aligny>-</aligny>
					<onclick>ActivateWindow(ShutdownMenu)</onclick>
					<texturefocus>home-power-FO.png</texturefocus>
					<texturenofocus>home-power.png</texturenofocus>
					<onleft>21</onleft>
					<onright>9000</onright>
					<onup>9000</onup>
					<ondown>9000</ondown>
				</control>
				<control type="button" id="21">
					<description>Favourites push button</description>
					<posx>45</posx>
					<posy>0</posy>
					<width>43</width>
					<height>43</height>
					<label>1036</label>
					<font>-</font>
					<aligny>-</aligny>
					<onclick>ActivateWindow(Favourites)</onclick>
					<texturefocus>home-favourites-FO.png</texturefocus>
					<texturenofocus>home-favourites.png</texturenofocus>
					<onleft>22</onleft>
					<onright>20</onright>
					<onup>9000</onup>
					<ondown>9000</ondown>
				</control>
				<control type="button" id="22">
					<description>Play Disc Media push button</description>
					<posx>0</posx>
					<posy>0</posy>
					<width>43</width>
					<height>43</height>
					<label>16004</label>
					<font>-</font>
					<aligny>-</aligny>
					<onclick>ActivateWindow(1113)</onclick>
					<texturefocus>home-playmedia-FO.png</texturefocus>
					<texturenofocus>home-playmedia.png</texturenofocus>
					<onleft>9000</onleft>
					<onright>21</onright>
					<onup>9000</onup>
					<ondown>9000</ondown>
				</control>
			</control>
		</control>
		<control type="group">
			<posx>420</posx>
			<posy>35r</posy>
			<animation effect="slide" end="0,35" time="300" tween="quadratic" easing="out">WindowClose</animation>
			<animation effect="slide" start="0,35" time="300" tween="quadratic" easing="out">WindowOpen</animation>
			<control type="image">
				<description>RSS background</description>
				<posx>0</posx>
				<posy>0</posy>
				<width>860</width>
				<height>35</height>
				<texture border="32,0,0,0">Rss_Back.png</texture>
				<visible>system.getbool(lookandfeel.enablerssfeeds)</visible>
			</control>
			<control type="rss">
				<description>RSS feed</description>
				<posx>35</posx>
				<posy>6</posy>
				<height>35</height>
				<width>825</width>
				<font>font12</font>
				<urlset>1</urlset>
				<textcolor>blue</textcolor>
				<titlecolor>blue</titlecolor>
				<headlinecolor>white</headlinecolor>
				<visible>system.getbool(lookandfeel.enablerssfeeds)</visible>
			</control>
			<control type="image">
				<description>RSS background</description>
				<posx>0</posx>
				<posy>0</posy>
				<width>100</width>
				<height>35</height>
				<texture border="32,0,0,0">Rss_Back_Overlay.png</texture>
				<visible>system.getbool(lookandfeel.enablerssfeeds)</visible>
			</control>
		</control>
        <control type="group">
            <posx>750r</posx>
            <posy>0</posy>
			<animation effect="slide" start="0,0" end="-60,0" delay="0" time="300" condition="Window.IsVisible(MuteBug)">conditional</animation>
			<animation effect="slide" start="0,0" end="420,0" delay="0" time="300">WindowClose</animation>
			<animation effect="slide" start="420,0" end="0,0" delay="0" time="300">WindowOpen</animation>            
            <visible>!system.HasAddon(plugin.video.plexbmc) + skin.hasSetting(plexbmcok)</visible>
            <control type="Image">
                <posx>0</posx>
                <posy>0</posy>
				<width>300</width>
				<height>35</height>
				<texture flipx="true" border="32,0,0,0">header.png</texture>
			</control>
			<control type="label">
				<posx>40</posx>
				<posy>0</posy>
				<width>240</width>
				<height>28</height>
				<align>left</align>
				<aligny>center</aligny>
				<font>font12</font>
				<textcolor>red</textcolor>
				<shadowcolor>black</shadowcolor>
				<label>PleXBMC not installed</label>
			</control>
                
        </control>
		<control type="group">
			<posx>520r</posx>
			<posy>0</posy>
			<animation effect="slide" start="0,0" end="-60,0" delay="0" time="300" condition="Window.IsVisible(MuteBug)">conditional</animation>
			<animation effect="slide" start="0,0" end="550,0" delay="0" time="300">WindowClose</animation>
			<animation effect="slide" start="550,0" end="0,0" delay="0" time="300">WindowOpen</animation>
			<visible>!Skin.HasSetting(homepageWeatherinfo) + Weather.IsFetched</visible>
			<control type="image">
				<description>time background</description>
				<posx>0</posx>
				<posy>0</posy>
				<width>180</width>
				<height>35</height>
				<texture flipx="true" border="32,0,0,0">header.png</texture>
			</control>
			<control type="image">
				<description>Weather image</description>
				<posx>30</posx>
				<posy>1</posy>
				<width>25</width>
				<height>25</height>
				<aspectratio>keep</aspectratio>
				<texture>$INFO[Weather.Conditions]</texture>
			</control>
			<control type="label">
				<description>time label</description>
				<posx>60</posx>
				<posy>0</posy>
				<width>100</width>
				<height>28</height>
				<align>left</align>
				<aligny>center</aligny>
				<font>font12</font>
				<textcolor>white</textcolor>
				<shadowcolor>black</shadowcolor>
				<label>[B]$INFO[Weather.Temperature][/B]</label>
			</control>
		</control>
		<control type="group">
			<posx>390r</posx>
			<posy>0</posy>
			<animation effect="slide" start="0,0" end="-60,0" delay="0" time="300" condition="Window.IsVisible(MuteBug)">conditional</animation>
			<animation effect="slide" start="0,0" end="420,0" delay="0" time="300">WindowClose</animation>
			<animation effect="slide" start="420,0" end="0,0" delay="0" time="300">WindowOpen</animation>
			<control type="image">
				<description>time background</description>
				<posx>0</posx>
				<posy>0</posy>
				<width>440</width>
				<height>35</height>
				<texture flipx="true" border="32,0,0,0">header.png</texture>
			</control>
			<control type="label">
				<description>time label</description>
				<posx>30</posx>
				<posy>0</posy>
				<width>400</width>
				<height>28</height>
				<align>left</align>
				<aligny>center</aligny>
				<font>font12</font>
				<textcolor>white</textcolor>
				<shadowcolor>black</shadowcolor>
				<label>[COLOR=grey]$INFO[System.Date][/COLOR] | $INFO[System.Time]</label>
			</control>
		</control>
	</controls>	
</window>
