<includes>
	<include name="IncludeHomeHorizontal">
		<!-- Music Info -->
		<control type="group">
			<posx>0</posx>
			<posy>0</posy>
			<visible>Player.HasAudio + !Skin.HasSetting(homepageMusicinfo)</visible>
			<include>VisibleFadeEffect</include>
			<include>Window_OpenClose_Animation</include>
			<control type="image">
				<posx>0</posx>
				<posy>0</posy>
				<width>1280</width>
				<height>260</height>
				<texture flipy="true">HomeNowPlayingBack.png</texture>
			</control>
			<control type="image">
				<description>Cover image</description>
				<posx>20</posx>
				<posy>20</posy>
				<width>180</width>
				<height>280</height>
				<aspectratio aligny="top">keep</aspectratio>
				<texture>$INFO[MusicPlayer.Cover]</texture>
				<bordertexture border="8">ThumbBorder.png</bordertexture>
				<bordersize>5</bordersize>
			</control>
			<control type="label">
				<description>NowPlaying label</description>
				<posx>210</posx>
				<posy>30</posy>
				<height>30</height>
				<width>660</width>
				<label>$LOCALIZE[31040]</label>
				<align>left</align>
				<aligny>center</aligny>
				<font>font12_title</font>
				<textcolor>blue</textcolor>
				<shadowcolor>black</shadowcolor>
			</control>
			<control type="label">
				<description>Artist label</description>
				<posx>210</posx>
				<posy>60</posy>
				<height>30</height>
				<width>1000</width>
				<label>$INFO[MusicPlayer.Artist]</label>
				<align>left</align>
				<aligny>center</aligny>
				<font>font12_title</font>
				<textcolor>white</textcolor>
				<shadowcolor>black</shadowcolor>
			</control>
			<control type="label">
				<description>Album Label</description>
				<posx>210</posx>
				<posy>85</posy>
				<height>30</height>
				<width>1000</width>
				<label>$INFO[MusicPlayer.Album]$INFO[musicplayer.discnumber, - $LOCALIZE[427]:]</label>
				<align>left</align>
				<aligny>center</aligny>
				<font>font12</font>
				<textcolor>white</textcolor>
				<shadowcolor>black</shadowcolor>
			</control>
			<control type="label">
				<description>Title label</description>
				<posx>210</posx>
				<posy>110</posy>
				<height>30</height>
				<width>1000</width>
				<label>$INFO[MusicPlayer.Title]</label>
				<align>left</align>
				<aligny>center</aligny>
				<font>font13_title</font>
				<textcolor>white</textcolor>
				<shadowcolor>black</shadowcolor>
			</control>
			<control type="label">
				<description>Time Label</description>
				<posx>210</posx>
				<posy>140</posy>
				<height>30</height>
				<width>325</width>
				<label>$INFO[Player.Time]$INFO[Player.Duration, / ]</label>
				<align>left</align>
				<aligny>center</aligny>
				<font>font12</font>
				<textcolor>white</textcolor>
				<shadowcolor>black</shadowcolor>
			</control>
		</control>
		<!-- Video Info -->
		<control type="group">
			<posx>0</posx>
			<posy>0</posy>
			<visible>Player.HasVideo + !Skin.HasSetting(homepageVideoinfo)</visible>
			<include>VisibleFadeEffect</include>
			<include>Window_OpenClose_Animation</include>
			<control type="image">
				<posx>0</posx>
				<posy>0</posy>
				<width>1280</width>
				<height>260</height>
				<texture flipy="true">HomeNowPlayingBack.png</texture>
			</control>
			<control type="group">
				<visible>!VideoPlayer.Content(Movies) + !VideoPlayer.Content(Episodes)</visible>
				<control type="image">
					<description>Cover image</description>
					<posx>20</posx>
					<posy>20</posy>
					<width>180</width>
					<height>280</height>
					<aspectratio aligny="top">keep</aspectratio>
					<texture>$INFO[VideoPlayer.Cover]</texture>
					<bordertexture border="8">ThumbBorder.png</bordertexture>
					<bordersize>5</bordersize>
				</control>
				<control type="label">
					<description>NowPlaying label</description>
					<posx>220</posx>
					<posy>30</posy>
					<height>30</height>
					<width>660</width>
					<label>$LOCALIZE[31040]</label>
					<align>left</align>
					<aligny>center</aligny>
					<font>font12_title</font>
					<textcolor>blue</textcolor>
					<shadowcolor>black</shadowcolor>
				</control>
				<control type="label">
					<description>Title label</description>
					<posx>220</posx>
					<posy>60</posy>
					<height>30</height>
					<width>1000</width>
					<label>$INFO[VideoPlayer.Title]</label>
					<align>left</align>
					<aligny>center</aligny>
					<font>font13_title</font>
					<textcolor>white</textcolor>
					<shadowcolor>black</shadowcolor>
				</control>
				<control type="label">
					<description>Time Label</description>
					<posx>220</posx>
					<posy>90</posy>
					<height>30</height>
					<width>325</width>
					<label>$INFO[Player.Time]$INFO[Player.Duration, / ]</label>
					<align>left</align>
					<aligny>center</aligny>
					<font>font12</font>
					<textcolor>white</textcolor>
					<shadowcolor>black</shadowcolor>
				</control>
			</control>
			<control type="group">
				<visible>VideoPlayer.Content(Movies)</visible>
				<control type="image">
					<description>Cover image</description>
					<posx>20</posx>
					<posy>20</posy>
					<width>180</width>
					<height>340</height>
					<aspectratio aligny="top">keep</aspectratio>
					<texture>$INFO[VideoPlayer.Cover]</texture>
					<bordertexture border="8">ThumbBorder.png</bordertexture>
					<bordersize>5</bordersize>
				</control>
				<control type="label">
					<description>NowPlaying label</description>
					<posx>220</posx>
					<posy>30</posy>
					<height>30</height>
					<width>660</width>
					<label>$LOCALIZE[31040]</label>
					<align>left</align>
					<aligny>center</aligny>
					<font>font12_title</font>
					<textcolor>blue</textcolor>
					<shadowcolor>black</shadowcolor>
				</control>
				<control type="label">
					<description>Studio label</description>
					<posx>220</posx>
					<posy>60</posy>
					<height>30</height>
					<width>1000</width>
					<label>$INFO[VideoPlayer.Studio]</label>
					<align>left</align>
					<aligny>center</aligny>
					<font>font12_title</font>
					<textcolor>white</textcolor>
					<shadowcolor>black</shadowcolor>
				</control>
				<control type="label">
					<description>Genre Label</description>
					<posx>220</posx>
					<posy>85</posy>
					<height>30</height>
					<width>1000</width>
					<label>$INFO[VideoPlayer.Genre]</label>
					<align>left</align>
					<aligny>center</aligny>
					<font>font12</font>
					<textcolor>white</textcolor>
					<shadowcolor>black</shadowcolor>
				</control>
				<control type="label">
					<description>Title label</description>
					<posx>220</posx>
					<posy>110</posy>
					<height>30</height>
					<width>1000</width>
					<label>$INFO[VideoPlayer.Title]$INFO[VideoPlayer.Year,[COLOR=grey] (,)[/COLOR]]</label>
					<align>left</align>
					<aligny>center</aligny>
					<font>font13_title</font>
					<textcolor>white</textcolor>
					<shadowcolor>black</shadowcolor>
				</control>
				<control type="label">
					<description>Time Label</description>
					<posx>220</posx>
					<posy>140</posy>
					<height>30</height>
					<width>325</width>
					<label>$INFO[Player.Time]$INFO[Player.Duration, / ]</label>
					<align>left</align>
					<aligny>center</aligny>
					<font>font12</font>
					<textcolor>white</textcolor>
					<shadowcolor>black</shadowcolor>
				</control>
			</control>
			<control type="group">
				<visible>VideoPlayer.Content(Episodes)</visible>
				<control type="image">
					<description>Cover image</description>
					<posx>20</posx>
					<posy>35</posy>
					<width>230</width>
					<height>340</height>
					<aspectratio aligny="top">keep</aspectratio>
					<texture>$INFO[VideoPlayer.Cover]</texture>
					<bordertexture border="8">ThumbBorder.png</bordertexture>
					<bordersize>5</bordersize>
				</control>
				<control type="label">
					<description>NowPlaying label</description>
					<posx>270</posx>
					<posy>30</posy>
					<height>30</height>
					<width>610</width>
					<label>$LOCALIZE[31040]</label>
					<align>left</align>
					<aligny>center</aligny>
					<font>font12_title</font>
					<textcolor>blue</textcolor>
					<shadowcolor>black</shadowcolor>
				</control>
				<control type="label">
					<description>TV Show label</description>
					<posx>270</posx>
					<posy>60</posy>
					<height>30</height>
					<width>950</width>
					<label>$INFO[VideoPlayer.TVShowTitle]</label>
					<align>left</align>
					<aligny>center</aligny>
					<font>font12_title</font>
					<textcolor>white</textcolor>
					<shadowcolor>black</shadowcolor>
				</control>
				<control type="label">
					<description>Season Ep Label</description>
					<posx>270</posx>
					<posy>85</posy>
					<height>30</height>
					<width>950</width>
					<label>$LOCALIZE[20373] $INFO[VideoPlayer.Season] - $LOCALIZE[20359] $INFO[VideoPlayer.episode]</label>
					<align>left</align>
					<aligny>center</aligny>
					<font>font12</font>
					<textcolor>white</textcolor>
					<shadowcolor>black</shadowcolor>
				</control>
				<control type="label">
					<description>Title label</description>
					<posx>270</posx>
					<posy>110</posy>
					<height>30</height>
					<width>950</width>
					<label>$INFO[VideoPlayer.Title]</label>
					<align>left</align>
					<aligny>center</aligny>
					<font>font13_title</font>
					<textcolor>white</textcolor>
					<shadowcolor>black</shadowcolor>
				</control>
				<control type="label">
					<description>Time Label</description>
					<posx>270</posx>
					<posy>140</posy>
					<height>30</height>
					<width>325</width>
					<label>$INFO[Player.Time]$INFO[Player.Duration, / ]</label>
					<align>left</align>
					<aligny>center</aligny>
					<font>font12</font>
					<textcolor>white</textcolor>
					<shadowcolor>black</shadowcolor>
				</control>
			</control>
		</control>
		<include condition="Skin.HasSetting(homepageHideRecentlyAdded)">HomeRecentlyAddedInfo</include>
		<control type="group" id="9001">
			<posx>510</posx>
			<posy>280</posy>
			<animation type="Conditional"  condition="ControlGroup(9001).HasFocus" reversible="true">
				<effect type="zoom" start="80" end="100" center="640,360" easing="out" tween="back" time="300" />
				<effect type="fade" start="0" end="100" time="300" />
			</animation>
			<animation type="Conditional"  condition="!ControlGroup(9001).HasFocus" reversible="true">
				<effect type="zoom" start="100" end="80" center="640,360" easing="in" tween="back" time="300" />
				<effect type="fade" start="100" end="0" time="300" />
			</animation>			
			<animation effect="fade" start="100" end="0" time="0" condition="ControlGroup(9001).HasFocus">WindowClose</animation>
			<control type="image">
				<description>background image</description>
				<posx>0</posx>
				<posy>0</posy>
				<width>260</width>
				<height>300</height>
				<texture border="40">DialogBack.png</texture>
			</control>
			<control type="image">
				<posx>20</posx>
				<posy>10</posy>
				<width>220</width>
				<height>70</height>
				<aspectratio>stretch</aspectratio>
				<texture>GlassTitleBar.png</texture>
			</control>
			<control type="grouplist" id="9010">
				<posx>20</posx>
				<posy>30</posy>
				<width>220</width>
				<height>240</height>
				<align>top</align>
				<onleft>Control.Setfocus(9000)</onleft>
				<onleft>Control.Move(9000,-1)</onleft>
				<onright>Control.Setfocus(9000)</onright>
				<onright>Control.Move(9000,1)</onright>
				<onup>9000</onup>
				<ondown>9000</ondown>
				<itemgap>0</itemgap>
				<visible>Container(9000).HasFocus(2)</visible>
				<include>HomeSubMenuVideos</include> <!-- Buttons for the grouplist -->
			</control>
			<control type="grouplist" id="9011">
				<posx>20</posx>
				<posy>30</posy>
				<width>220</width>
				<height>240</height>
				<align>top</align>
				<onleft>Control.Setfocus(9000)</onleft>
				<onleft>Control.Move(9000,-1)</onleft>
				<onright>Control.Setfocus(9000)</onright>
				<onright>Control.Move(9000,1)</onright>
				<onup>9000</onup>
				<ondown>9000</ondown>
				<itemgap>0</itemgap>
				<visible>Container(9000).HasFocus(3)</visible>
				<include>HomeSubMenuMusic</include> <!-- Buttons for the grouplist -->
			</control>
			<control type="grouplist" id="9013">
				<posx>20</posx>
				<posy>30</posy>
				<width>220</width>
				<height>240</height>
				<align>top</align>
				<onleft>Control.Setfocus(9000)</onleft>
				<onleft>Control.Move(9000,-1)</onleft>
				<onright>Control.Setfocus(9000)</onright>
				<onright>Control.Move(9000,1)</onright>
				<onup>9000</onup>
				<ondown>9000</ondown>
				<itemgap>0</itemgap>
				<visible>Container(9000).HasFocus(4) + [!IsEmpty(Skin.String(HomePictureButton1)) | !IsEmpty(Skin.String(HomePictureButton2)) | !IsEmpty(Skin.String(HomePictureButton3)) | !IsEmpty(Skin.String(HomePictureButton4)) | !IsEmpty(Skin.String(HomePictureButton5)) | !IsEmpty(Skin.String(HomePictureButton6))]</visible>
				<include>HomeSubMenuPictures</include> <!-- Buttons for the grouplist -->
			</control>
			<control type="grouplist" id="9014">
				<posx>20</posx>
				<posy>30</posy>
				<width>220</width>
				<height>240</height>
				<align>top</align>
				<onleft>Control.Setfocus(9000)</onleft>
				<onleft>Control.Move(9000,-1)</onleft>
				<onright>Control.Setfocus(9000)</onright>
				<onright>Control.Move(9000,1)</onright>
				<onup>9000</onup>
				<ondown>9000</ondown>
				<itemgap>0</itemgap>
				<visible>Container(9000).HasFocus(5)</visible>
				<include>HomeSubMenuSystem</include> <!-- Buttons for the grouplist -->
			</control>
			<control type="grouplist" id="9015">
				<posx>20</posx>
				<posy>30</posy>
				<width>220</width>
				<height>240</height>
				<align>top</align>
				<onleft>Control.Setfocus(9000)</onleft>
				<onleft>Control.Move(9000,-1)</onleft>
				<onright>Control.Setfocus(9000)</onright>
				<onright>Control.Move(9000,1)</onright>
				<onup>9000</onup>
				<ondown>9000</ondown>
				<itemgap>0</itemgap>
				<visible>Container(9000).HasFocus(1) + [!IsEmpty(Skin.String(HomeProgramButton1)) | !IsEmpty(Skin.String(HomeProgramButton2)) | !IsEmpty(Skin.String(HomeProgramButton3)) | !IsEmpty(Skin.String(HomeProgramButton4)) | !IsEmpty(Skin.String(HomeProgramButton5)) | !IsEmpty(Skin.String(HomeProgramButton6))]</visible>
				<include>HomeSubMenuPrograms</include> <!-- Buttons for the grouplist -->
			</control>
			<control type="grouplist" id="9016">
				<posx>20</posx>
				<posy>30</posy>
				<width>220</width>
				<height>240</height>
				<align>top</align>
				<onleft>Control.Setfocus(9000)</onleft>
				<onleft>Control.Move(9000,-1)</onleft>
				<onright>Control.Setfocus(9000)</onright>
				<onright>Control.Move(9000,1)</onright>
				<onup>9000</onup>
				<ondown>9000</ondown>
				<itemgap>0</itemgap>
				<visible>Container(9000).HasFocus(10)</visible>
				<include>HomeSubMenuMovies</include> <!-- Buttons for the grouplist -->
			</control>
			<control type="grouplist" id="9017">
				<posx>20</posx>
				<posy>30</posy>
				<width>220</width>
				<height>240</height>
				<align>top</align>
				<onleft>Control.Setfocus(9000)</onleft>
				<onleft>Control.Move(9000,-1)</onleft>
				<onright>Control.Setfocus(9000)</onright>
				<onright>Control.Move(9000,1)</onright>
				<onup>9000</onup>
				<ondown>9000</ondown>
				<itemgap>0</itemgap>
				<visible>Container(9000).HasFocus(11)</visible>
				<include>HomeSubMenuTVShows</include> <!-- Buttons for the grouplist -->
			</control>
		</control>
		<control type="group">
			<include>Window_OpenClose_Animation</include>
			<control type="image">
				<posx>0</posx>
				<posy>170r</posy>
				<width>1280</width>
				<height>90</height>
				<texture>HomeNowPlayingBack.png</texture>
				<colordiffuse>CCFFFFFF</colordiffuse>
			</control>
			<control type="image">
				<posx>0</posx>
				<posy>80r</posy>
				<width>1280</width>
				<height>90</height>
				<texture>floor.png</texture>
			</control>
			<control type="wraplist" id="9000">
				<posx>-235</posx>
				<posy>580</posy>
				<width>1515</width>
				<height>100</height>
				<onleft>9000</onleft>
				<onright>9000</onright>
				<onup>9001</onup>
				<ondown>10</ondown>
				<pagecontrol>-</pagecontrol>
				<scrolltime>300</scrolltime>
				<focusposition>2</focusposition>
				<orientation>horizontal</orientation>
				<animation effect="fade" start="0" end="100" time="200">Visible</animation>
				<animation effect="fade" start="100" end="30" time="200" condition="Window.IsVisible(1113) | ControlGroup(9001).HasFocus | ControlGroup(10).HasFocus | Control.HasFocus(8000) | Control.HasFocus(8001)">conditional</animation>
				<itemlayout height="100" width="350">
					<control type="label">
						<posx>175</posx>
						<posy>21</posy>
						<width>350</width>
						<height>40</height>
						<font>font45caps_title</font>
						<textcolor>grey3</textcolor>
						<align>center</align>
						<aligny>center</aligny>
						<label>$INFO[ListItem.Label]</label>
					</control>
					<control type="label">
						<posx>175</posx>
						<posy>0</posy>
						<width>350</width>
						<height>40</height>
						<font>font45caps_title</font>
						<textcolor>grey3</textcolor>
						<align>center</align>
						<aligny>center</aligny>
						<label>$INFO[ListItem.Label]</label>
						<animation effect="fade" start="10" end="10" time="0" condition="true">Conditional</animation>
						<animation effect="rotatex" start="0" end="180" center="49,0" time="0" condition="true">Conditional</animation>
					</control>
				</itemlayout>
				<focusedlayout height="100" width="350">
					<control type="label">
						<posx>175</posx>
						<posy>21</posy>
						<width>350</width>
						<height>40</height>
						<font>font45caps_title</font>
						<textcolor>white</textcolor>
						<align>center</align>
						<aligny>center</aligny>
						<label>$INFO[ListItem.Label]</label>
					</control>
					<control type="label">
						<posx>175</posx>
						<posy>0</posy>
						<width>350</width>
						<height>40</height>
						<font>font45caps_title</font>
						<textcolor>grey3</textcolor>
						<align>center</align>
						<aligny>center</aligny>
						<label>$INFO[ListItem.Label]</label>
						<animation effect="fade" start="10" end="10" time="0" condition="true">Conditional</animation>
						<animation effect="rotatex" start="0" end="180" center="49,0" time="0" condition="true">Conditional</animation>
					</control>
				</focusedlayout>
				<content>
					<item id="6">
						<label>8</label>
						<onclick>ActivateWindow(Weather)</onclick>
						<icon>special://skin/backgrounds/weather.jpg</icon>
						<thumb>$INFO[Skin.String(Home_Custom_Back_Weather_Folder)]</thumb>
						<visible>!Skin.HasSetting(HomeMenuNoWeatherButton)</visible>
						<visible>!Skin.HasSetting(ShowWeatherFanart) | IsEmpty(Skin.String(WeatherFanartDir))</visible>
					</item>
					<item id="6">
						<label>8</label>
						<onclick>ActivateWindow(Weather)</onclick>
						<icon>special://skin/backgrounds/weather.jpg</icon>
						<thumb>$INFO[Skin.String(WeatherFanartDir)]$INFO[Weather.FanartCode]</thumb>
						<visible>!Skin.HasSetting(HomeMenuNoWeatherButton)</visible>
						<visible>Skin.HasSetting(ShowWeatherFanart) + !IsEmpty(Skin.String(WeatherFanartDir))</visible>
					</item>
					<item id="4">
						<label>1</label>
						<onclick>ActivateWindow(Pictures)</onclick>
						<icon>special://skin/backgrounds/pictures.jpg</icon>
						<thumb>$INFO[Skin.String(Home_Custom_Back_Pictures_Folder)]</thumb>
						<visible>!Skin.HasSetting(HomeMenuNoPicturesButton)</visible>
					</item>
					<item id="2">
						<label>3</label>
						<onclick>ActivateWindow(Videos)</onclick>
						<icon>special://skin/backgrounds/videos.jpg</icon>
						<thumb>$INFO[Skin.String(Home_Custom_Back_Video_Folder)]</thumb>
						<visible>!Skin.HasSetting(HomeMenuNoVideosButton) + ![Skin.HasSetting(HomeMenuNoMoviesButton) + Skin.HasSetting(HomeMenuNoTVShowsButton)]</visible>
					</item>
					<item id="2">
						<label>3</label>
						<onclick>ActivateWindow(VideoFiles)</onclick>
						<icon>special://skin/backgrounds/videos.jpg</icon>
						<thumb>$INFO[Skin.String(Home_Custom_Back_Video_Folder)]</thumb>
						<visible>!Skin.HasSetting(HomeMenuNoVideosButton) + [Skin.HasSetting(HomeMenuNoMoviesButton) + Skin.HasSetting(HomeMenuNoTVShowsButton)]</visible>
					</item>
					<item id="10">
						<label>20342</label>
						<onclick>ActivateWindow(VideoLibrary,MovieTitles,return)</onclick>
						<icon>special://skin/backgrounds/videos.jpg</icon>
						<thumb>$INFO[Skin.String(Home_Custom_Back_Movies_Folder)]</thumb>
						<visible>Skin.HasSetting(HomeMenuNoMoviesButton) + Library.HasContent(Movies)</visible>
					</item>
					<item id="11">
						<label>20343</label>
						<onclick>ActivateWindow(VideoLibrary,TVShowTitles,return)</onclick>
						<icon>special://skin/backgrounds/videos.jpg</icon>
						<thumb>$INFO[Skin.String(Home_Custom_Back_TVShow_Folder)]</thumb>
						<visible>Skin.HasSetting(HomeMenuNoTVShowsButton) + Library.HasContent(TVShows)</visible>
					</item>
					<item id="3">
						<label>2</label>
						<onclick>ActivateWindow(Music)</onclick>
						<icon>special://skin/backgrounds/music.jpg</icon>
						<thumb>$INFO[Skin.String(Home_Custom_Back_Music_Folder)]</thumb>
						<visible>!Skin.HasSetting(HomeMenuNoMusicButton)</visible>
					</item>
					<item id="1">
						<label>0</label>
						<onclick>ActivateWindow(Programs,Addons,return)</onclick>
						<icon>special://skin/backgrounds/programs.jpg</icon>
						<thumb>$INFO[Skin.String(Home_Custom_Back_Programs_Folder)]</thumb>
						<visible>!Skin.HasSetting(HomeMenuNoProgramsButton)</visible>
					</item>
					<item id="5">
						<label>13000</label>
						<onclick>ActivateWindow(Settings)</onclick>
						<icon>special://skin/backgrounds/settings.jpg</icon>
						<thumb>$INFO[Skin.String(Home_Custom_Back_Settings_Folder)]</thumb>
					</item>
				</content>
			</control>
			<control type="image">
				<posx>0</posx>
				<posy>150r</posy>
				<width>1280</width>
				<height>70</height>
				<texture>HomeBackHorizontal_top.png</texture>
			</control>
			<control type="image">
				<posx>0</posx>
				<posy>80r</posy>
				<width>1280</width>
				<height>90</height>
				<texture>floor2.png</texture>
			</control>
			<control type="image">
				<posx>631</posx>
				<posy>580</posy>
				<width>18</width>
				<height>18</height>
				<texture>HomeHasSub.png</texture>
				<visible>Container(9000).HasFocus(2) | Container(9000).HasFocus(3) | Container(9000).HasFocus(5) | Container(9000).HasFocus(7) | Container(9000).HasFocus(9) | [Container(9000).HasFocus(4) + [!IsEmpty(Skin.String(HomePictureButton1)) | !IsEmpty(Skin.String(HomePictureButton2)) | !IsEmpty(Skin.String(HomePictureButton3)) | !IsEmpty(Skin.String(HomePictureButton4)) | !IsEmpty(Skin.String(HomePictureButton5)) | !IsEmpty(Skin.String(HomePictureButton6))]] | [Container(9000).HasFocus(1) + [!IsEmpty(Skin.String(HomeProgramButton1)) | !IsEmpty(Skin.String(HomeProgramButton2)) | !IsEmpty(Skin.String(HomeProgramButton3)) | !IsEmpty(Skin.String(HomeProgramButton4)) | !IsEmpty(Skin.String(HomeProgramButton5)) | !IsEmpty(Skin.String(HomeProgramButton6))]] | Container(9000).HasFocus(10) | Container(9000).HasFocus(11)</visible>
				<animation effect="rotate" start="90" end="90" center="auto" time="0" condition="true">Conditional</animation>
				<animation effect="fade" start="0" end="100" time="200">Visible</animation>
				<animation effect="fade" start="100" end="0" time="200">Hidden</animation>
			</control>
			<control type="group">
				<visible>![Player.HasAudio + !Skin.HasSetting(homepageMusicinfo)] + ![Player.HasVideo + !Skin.HasSetting(homepageVideoinfo)]</visible>
				<include>VisibleFadeEffect</include>
				<include>Window_OpenClose_Animation</include>
				<include>HomeXBMCLogo</include>
			</control>
			<control type="rss">
				<description>RSS feed</description>
				<posx>0</posx>
				<posy>40r</posy>
				<height>35</height>
				<width>1280</width>
				<font>font12</font>
				<urlset>1</urlset>
				<textcolor>blue</textcolor>
				<titlecolor>blue</titlecolor>
				<headlinecolor>white</headlinecolor>
				<visible>system.getbool(lookandfeel.enablerssfeeds)</visible>
				<animation effect="slide" end="0,35" time="300" tween="quadratic" easing="out">WindowClose</animation>
				<animation effect="slide" start="0,35" time="300" tween="quadratic" easing="out">WindowOpen</animation>
			</control>
			<control type="image">
				<posx>0</posx>
				<posy>100r</posy>
				<width>256</width>
				<height>100</height>
				<texture>HomeButtonsBack.png</texture>
			</control>
			<include>HomePowerButtons</include>
		</control>
	</include>
</includes>
