<includes>
	<include name="IncludeHomeVertical">
		<!-- Music Info -->
		<control type="group">
			<posx>0</posx>
			<posy>400r</posy>
			<visible>Player.HasAudio + !Skin.HasSetting(homepageMusicinfo)</visible>
			<include>VisibleFadeEffect</include>
			<include>Window_OpenClose_Animation</include>
			<animation effect="slide" end="0,30" time="0" condition="!system.getbool(lookandfeel.enablerssfeeds)">conditional</animation>
			<control type="image">
				<posx>0</posx>
				<posy>150</posy>
				<width>1280</width>
				<height>250</height>
				<texture>HomeNowPlayingBack.png</texture>
			</control>
			<control type="image">
				<description>Cover image</description>
				<posx>200r</posx>
				<posy>60</posy>
				<width>180</width>
				<height>280</height>
				<aspectratio aligny="bottom">keep</aspectratio>
				<texture>$INFO[MusicPlayer.Cover]</texture>
				<bordertexture border="8">ThumbBorder.png</bordertexture>
				<bordersize>5</bordersize>
			</control>
			<control type="label">
				<description>NowPlaying label</description>
				<posx>210r</posx>
				<posy>210</posy>
				<height>30</height>
				<width>660</width>
				<label>$LOCALIZE[31040]</label>
				<align>right</align>
				<aligny>center</aligny>
				<font>font12_title</font>
				<textcolor>blue</textcolor>
				<shadowcolor>black</shadowcolor>
			</control>
			<control type="label">
				<description>Artist label</description>
				<posx>210r</posx>
				<posy>235</posy>
				<height>30</height>
				<width>660</width>
				<label>$INFO[MusicPlayer.Artist]</label>
				<align>right</align>
				<aligny>center</aligny>
				<font>font12_title</font>
				<textcolor>white</textcolor>
				<shadowcolor>black</shadowcolor>
			</control>
			<control type="label">
				<description>Album Label</description>
				<posx>210r</posx>
				<posy>260</posy>
				<height>30</height>
				<width>660</width>
				<label>$INFO[MusicPlayer.Album]$INFO[musicplayer.discnumber, - $LOCALIZE[427]:]</label>
				<align>right</align>
				<aligny>center</aligny>
				<font>font12</font>
				<textcolor>white</textcolor>
				<shadowcolor>black</shadowcolor>
			</control>
			<control type="label">
				<description>Title label</description>
				<posx>210r</posx>
				<posy>285</posy>
				<height>30</height>
				<width>660</width>
				<label>$INFO[MusicPlayer.Title]</label>
				<align>right</align>
				<aligny>center</aligny>
				<font>font13_title</font>
				<textcolor>white</textcolor>
				<shadowcolor>black</shadowcolor>
			</control>
			<control type="label">
				<description>Time Label</description>
				<posx>210r</posx>
				<posy>310</posy>
				<height>30</height>
				<width>325</width>
				<label>$INFO[Player.Time]$INFO[Player.Duration, / ]</label>
				<align>right</align>
				<aligny>center</aligny>
				<font>font12</font>
				<textcolor>white</textcolor>
				<shadowcolor>black</shadowcolor>
			</control>
		</control>
		<!-- Video Info -->
		<control type="group">
			<posx>0</posx>
			<posy>400r</posy>
			<visible>Player.HasVideo + !Skin.HasSetting(homepageVideoinfo)</visible>
			<include>VisibleFadeEffect</include>
			<include>Window_OpenClose_Animation</include>
			<animation effect="slide" end="0,30" time="0" condition="!system.getbool(lookandfeel.enablerssfeeds)">conditional</animation>
			<control type="image">
				<posx>0</posx>
				<posy>150</posy>
				<width>1280</width>
				<height>250</height>
				<texture>HomeNowPlayingBack.png</texture>
			</control>
			<control type="group">
				<visible>!VideoPlayer.Content(Movies) + !VideoPlayer.Content(Episodes)</visible>
				<control type="image">
					<description>Cover image</description>
					<posx>200r</posx>
					<posy>160</posy>
					<width>180</width>
					<height>180</height>
					<aspectratio aligny="bottom">keep</aspectratio>
					<texture>$INFO[VideoPlayer.Cover]</texture>
					<bordertexture border="8">ThumbBorder.png</bordertexture>
					<bordersize>5</bordersize>
				</control>
				<control type="label">
					<description>NowPlaying label</description>
					<posx>210r</posx>
					<posy>260</posy>
					<height>30</height>
					<width>660</width>
					<label>$LOCALIZE[31040]</label>
					<align>right</align>
					<aligny>center</aligny>
					<font>font12_title</font>
					<textcolor>blue</textcolor>
					<shadowcolor>black</shadowcolor>
				</control>
				<control type="label">
					<description>Title label</description>
					<posx>210r</posx>
					<posy>285</posy>
					<height>30</height>
					<width>660</width>
					<label>$INFO[VideoPlayer.Title]</label>
					<align>right</align>
					<aligny>center</aligny>
					<font>font13_title</font>
					<textcolor>white</textcolor>
					<shadowcolor>black</shadowcolor>
				</control>
				<control type="label">
					<description>Time Label</description>
					<posx>210r</posx>
					<posy>310</posy>
					<height>30</height>
					<width>325</width>
					<label>$INFO[Player.Time]$INFO[Player.Duration, / ]</label>
					<align>right</align>
					<aligny>center</aligny>
					<font>font12</font>
					<textcolor>white</textcolor>
					<shadowcolor>black</shadowcolor>
				</control>
			</control>
			<control type="group">
				<visible>VideoPlayer.Content(Movies)</visible>
				<control type="image">
					<description>Cover image</description>
					<posx>200r</posx>
					<posy>0</posy>
					<width>180</width>
					<height>340</height>
					<aspectratio aligny="bottom">keep</aspectratio>
					<texture>$INFO[VideoPlayer.Cover]</texture>
					<bordertexture border="8">ThumbBorder.png</bordertexture>
					<bordersize>5</bordersize>
				</control>
				<control type="label">
					<description>NowPlaying label</description>
					<posx>210r</posx>
					<posy>210</posy>
					<height>30</height>
					<width>660</width>
					<label>$LOCALIZE[31040]</label>
					<align>right</align>
					<aligny>center</aligny>
					<font>font12_title</font>
					<textcolor>blue</textcolor>
					<shadowcolor>black</shadowcolor>
				</control>
				<control type="label">
					<description>Studio label</description>
					<posx>210r</posx>
					<posy>235</posy>
					<height>30</height>
					<width>660</width>
					<label>$INFO[VideoPlayer.Studio]</label>
					<align>right</align>
					<aligny>center</aligny>
					<font>font12_title</font>
					<textcolor>white</textcolor>
					<shadowcolor>black</shadowcolor>
				</control>
				<control type="label">
					<description>Genre Label</description>
					<posx>210r</posx>
					<posy>260</posy>
					<height>30</height>
					<width>660</width>
					<label>$INFO[VideoPlayer.Genre]</label>
					<align>right</align>
					<aligny>center</aligny>
					<font>font12</font>
					<textcolor>white</textcolor>
					<shadowcolor>black</shadowcolor>
				</control>
				<control type="label">
					<description>Title label</description>
					<posx>210r</posx>
					<posy>285</posy>
					<height>30</height>
					<width>660</width>
					<label>$INFO[VideoPlayer.Title]$INFO[VideoPlayer.Year,[COLOR=grey] (,)[/COLOR]]</label>
					<align>right</align>
					<aligny>center</aligny>
					<font>font13_title</font>
					<textcolor>white</textcolor>
					<shadowcolor>black</shadowcolor>
				</control>
				<control type="label">
					<description>Time Label</description>
					<posx>210r</posx>
					<posy>310</posy>
					<height>30</height>
					<width>325</width>
					<label>$INFO[Player.Time]$INFO[Player.Duration, / ]</label>
					<align>right</align>
					<aligny>center</aligny>
					<font>font12</font>
					<textcolor>white</textcolor>
					<shadowcolor>black</shadowcolor>
				</control>
			</control>
			<control type="group">
				<visible>VideoPlayer.Content(Episodes)</visible>
				<control type="image">
					<description>Cover image</description>
					<posx>250r</posx>
					<posy>0</posy>
					<width>230</width>
					<height>340</height>
					<aspectratio aligny="bottom">keep</aspectratio>
					<texture>$INFO[VideoPlayer.Cover]</texture>
					<bordertexture border="8">ThumbBorder.png</bordertexture>
					<bordersize>5</bordersize>
				</control>
				<control type="label">
					<description>NowPlaying label</description>
					<posx>260r</posx>
					<posy>210</posy>
					<height>30</height>
					<width>610</width>
					<label>$LOCALIZE[31040]</label>
					<align>right</align>
					<aligny>center</aligny>
					<font>font12_title</font>
					<textcolor>blue</textcolor>
					<shadowcolor>black</shadowcolor>
				</control>
				<control type="label">
					<description>TV Show label</description>
					<posx>260r</posx>
					<posy>235</posy>
					<height>30</height>
					<width>610</width>
					<label>$INFO[VideoPlayer.TVShowTitle]</label>
					<align>right</align>
					<aligny>center</aligny>
					<font>font12_title</font>
					<textcolor>white</textcolor>
					<shadowcolor>black</shadowcolor>
				</control>
				<control type="label">
					<description>Season Ep Label</description>
					<posx>260r</posx>
					<posy>260</posy>
					<height>30</height>
					<width>610</width>
					<label>$LOCALIZE[20373] $INFO[VideoPlayer.Season] - $LOCALIZE[20359] $INFO[VideoPlayer.episode]</label>
					<align>right</align>
					<aligny>center</aligny>
					<font>font12</font>
					<textcolor>white</textcolor>
					<shadowcolor>black</shadowcolor>
				</control>
				<control type="label">
					<description>Title label</description>
					<posx>260r</posx>
					<posy>285</posy>
					<height>30</height>
					<width>610</width>
					<label>$INFO[VideoPlayer.Title]</label>
					<align>right</align>
					<aligny>center</aligny>
					<font>font13_title</font>
					<textcolor>white</textcolor>
					<shadowcolor>black</shadowcolor>
				</control>
				<control type="label">
					<description>Time Label</description>
					<posx>260r</posx>
					<posy>310</posy>
					<height>30</height>
					<width>325</width>
					<label>$INFO[Player.Time]$INFO[Player.Duration, / ]</label>
					<align>right</align>
					<aligny>center</aligny>
					<font>font12</font>
					<textcolor>white</textcolor>
					<shadowcolor>black</shadowcolor>
				</control>
			</control>
		</control>
		<include condition="Skin.HasSetting(homepageHideRecentlyAdded)">HomeRecentlyAddedInfo</include>
		<control type="group">
			<animation effect="slide" end="-400,0" time="500" tween="quadratic" easing="out">WindowClose</animation>
			<animation effect="slide" start="-400,0" time="500" tween="quadratic" easing="out">WindowOpen</animation>
			<control type="group">
				<animation effect="slide" end="-228,0" time="300" tween="quadratic" easing="out">WindowClose</animation>
				<control type="image">
					<posx>379</posx>
					<posy>0</posy>
					<width>1</width>
					<height>720</height>
					<texture>HomeBladeSub_Part1.png</texture>
					<animation effect="zoom" start="379,0,1,720" end="379,0,229,720" time="300" tween="quadratic" easing="out" condition="ControlGroup(9001).HasFocus">Conditional</animation>
				</control>
				<control type="image">
					<posx>380</posx>
					<posy>0</posy>
					<width>12</width>
					<height>720</height>
					<texture>HomeBladeSub_Part2.png</texture>
					<animation effect="slide" end="228,0" time="300" tween="quadratic" easing="out" condition="ControlGroup(9001).HasFocus">Conditional</animation>
				</control>
			</control>
			<control type="group" id="9001">
				<posx>170</posx>
				<posy>0</posy>
				<animation effect="fade" start="100" end="0" time="0" condition="!ControlGroup(9001).HasFocus">conditional</animation>
				<animation effect="fade" start="0" end="100" delay="300" time="200" condition="ControlGroup(9001).HasFocus">conditional</animation>
				<animation effect="fade" start="100" end="0" time="0" condition="ControlGroup(9001).HasFocus">WindowClose</animation>
				<animation effect="slide" end="210,0" time="300" tween="quadratic" easing="out" condition="ControlGroup(9001).HasFocus">conditional</animation>
				<control type="grouplist" id="9010">
					<posx>10</posx>
					<posy>0</posy>
					<width>240</width>
					<height>720</height>
					<align>center</align>
					<onleft>9000</onleft>
					<onright>Control.SetFocus(8000,0)</onright>
					<onup>9010</onup>
					<ondown>9010</ondown>
					<itemgap>0</itemgap>
					<visible>Container(9000).HasFocus(2)</visible>
					<include>HomeSubMenuVideos</include> <!-- Buttons for the grouplist -->
				</control>
				<control type="grouplist" id="9011">
					<posx>10</posx>
					<posy>0</posy>
					<width>240</width>
					<height>720</height>
					<align>center</align>
					<onleft>9000</onleft>
					<onright>9001</onright>
					<onup>9011</onup>
					<ondown>9011</ondown>
					<itemgap>0</itemgap>
					<visible>Container(9000).HasFocus(3)</visible>
					<include>HomeSubMenuMusic</include> <!-- Buttons for the grouplist -->
				</control>
				<control type="grouplist" id="9013">
					<posx>10</posx>
					<posy>0</posy>
					<width>240</width>
					<height>720</height>
					<align>center</align>
					<onleft>9000</onleft>
					<onright>9001</onright>
					<onup>9015</onup>
					<ondown>9015</ondown>
					<itemgap>0</itemgap>
					<visible>Container(9000).HasFocus(4) + [!IsEmpty(Skin.String(HomePictureButton1)) | !IsEmpty(Skin.String(HomePictureButton2)) | !IsEmpty(Skin.String(HomePictureButton3)) | !IsEmpty(Skin.String(HomePictureButton4)) | !IsEmpty(Skin.String(HomePictureButton5)) | !IsEmpty(Skin.String(HomePictureButton6))]</visible>
					<include>HomeSubMenuPictures</include> <!-- Buttons for the grouplist -->
				</control>
				<control type="grouplist" id="9014">
					<posx>10</posx>
					<posy>0</posy>
					<width>240</width>
					<height>720</height>
					<align>center</align>
					<onleft>9000</onleft>
					<onright>9001</onright>
					<onup>9014</onup>
					<ondown>9014</ondown>
					<itemgap>0</itemgap>
					<visible>Container(9000).HasFocus(5)</visible>
					<include>HomeSubMenuSystem</include> <!-- Buttons for the grouplist -->
				</control>
				<control type="grouplist" id="9015">
					<posx>10</posx>
					<posy>0</posy>
					<width>240</width>
					<height>720</height>
					<align>center</align>
					<onleft>9000</onleft>
					<onright>9001</onright>
					<onup>9015</onup>
					<ondown>9015</ondown>
					<itemgap>0</itemgap>
					<visible>Container(9000).HasFocus(1) + [!IsEmpty(Skin.String(HomeProgramButton1)) | !IsEmpty(Skin.String(HomeProgramButton2)) | !IsEmpty(Skin.String(HomeProgramButton3)) | !IsEmpty(Skin.String(HomeProgramButton4)) | !IsEmpty(Skin.String(HomeProgramButton5)) | !IsEmpty(Skin.String(HomeProgramButton6))]</visible>
					<include>HomeSubMenuPrograms</include> <!-- Buttons for the grouplist -->
				</control>
				<control type="grouplist" id="9016">
					<posx>10</posx>
					<posy>0</posy>
					<width>240</width>
					<height>720</height>
					<align>center</align>
					<onleft>9000</onleft>
					<onright>Control.SetFocus(8000,0)</onright>
					<onup>9016</onup>
					<ondown>9016</ondown>
					<itemgap>0</itemgap>
					<visible>Container(9000).HasFocus(10)</visible>
					<include>HomeSubMenuMovies</include> <!-- Buttons for the grouplist -->
				</control>
				<control type="grouplist" id="9017">
					<posx>10</posx>
					<posy>0</posy>
					<width>240</width>
					<height>720</height>
					<align>center</align>
					<onleft>9000</onleft>
					<onright>Control.SetFocus(8001,0)</onright>
					<onup>9017</onup>
					<ondown>9017</ondown>
					<itemgap>0</itemgap>
					<visible>Container(9000).HasFocus(11)</visible>
					<include>HomeSubMenuTVShows</include> <!-- Buttons for the grouplist -->
				</control>
			</control>
			<control type="image">
				<posx>-450</posx>
				<posy>0</posy>
				<width>846</width>
				<height>720</height>
				<colordiffuse>DAFFFFFF</colordiffuse>
				<texture>HomeBlade_bottom.png</texture>
			</control>
			<control type="fixedlist" id="9000">
				<hitrect x="50" y="50" w="330" h="620" />
				<posx>-20</posx>
				<posy>0</posy>
				<width>400</width>
				<height>720</height>
				<onleft>10</onleft>
				<onright>9001</onright>
				<onup>9000</onup>
				<ondown>9000</ondown>
				<pagecontrol>-</pagecontrol>
				<scrolltime>300</scrolltime>
				<focusposition>3</focusposition>
				<movement>2</movement>
				<animation effect="fade" start="0" end="100" time="200">Visible</animation>
				<animation effect="fade" start="100" end="30" time="200" condition="Window.IsVisible(1113) | ControlGroup(9001).HasFocus | ControlGroup(10).HasFocus | Control.HasFocus(8000) | Control.HasFocus(8001)">conditional</animation>
				<itemlayout height="102" width="380">
					<control type="label">
						<posx>380</posx>
						<posy>21</posy>
						<width>380</width>
						<height>40</height>
						<font>font50caps_title</font>
						<textcolor>grey3</textcolor>
						<align>right</align>
						<aligny>center</aligny>
						<label>$INFO[ListItem.Label]</label>
						<animation effect="zoom" start="65" end="65" center="380,51" time="0" condition="true">Conditional</animation>
						<animation effect="fade" start="100" end="30" time="200" condition="Window.IsVisible(1113) | ControlGroup(9001).HasFocus | ControlGroup(10).HasFocus">conditional</animation>
					</control>
				</itemlayout>
				<focusedlayout height="102" width="380">
					<control type="label">
						<posx>380</posx>
						<posy>21</posy>
						<width>380</width>
						<height>40</height>
						<font>font50caps_title</font>
						<textcolor>white</textcolor>
						<align>right</align>
						<aligny>center</aligny>
						<animation effect="zoom" start="65" end="100" center="380,51" time="200">Focus</animation>
						<animation effect="zoom" start="100" end="65" center="380,51" time="200">UnFocus</animation>
						<label>$INFO[ListItem.Label]</label>
					</control>
					<control type="image">
						<posx>370</posx>
						<posy>63</posy>
						<width>18</width>
						<height>18</height>
						<texture>HomeHasSub.png</texture>
						<visible>Container(9000).HasFocus(2) | Container(9000).HasFocus(3) | Container(9000).HasFocus(5) | Container(9000).HasFocus(7) | Container(9000).HasFocus(9) | [Container(9000).HasFocus(4) + [!IsEmpty(Skin.String(HomePictureButton1)) | !IsEmpty(Skin.String(HomePictureButton2)) | !IsEmpty(Skin.String(HomePictureButton3)) | !IsEmpty(Skin.String(HomePictureButton4)) | !IsEmpty(Skin.String(HomePictureButton5)) | !IsEmpty(Skin.String(HomePictureButton6))]] | [Container(9000).HasFocus(1) + [!IsEmpty(Skin.String(HomeProgramButton1)) | !IsEmpty(Skin.String(HomeProgramButton2)) | !IsEmpty(Skin.String(HomeProgramButton3)) | !IsEmpty(Skin.String(HomeProgramButton4)) | !IsEmpty(Skin.String(HomeProgramButton5)) | !IsEmpty(Skin.String(HomeProgramButton6))]] | Container(9000).HasFocus(10) | Container(9000).HasFocus(11)</visible>
						<animation effect="fade" start="0" end="100" time="200">Focus</animation>
						<animation effect="fade" start="100" end="0" time="200">UnFocus</animation>
					</control>
				</focusedlayout>
				<content>
					<item id="6">
						<label>8</label>
						<onclick>ActivateWindow(Weather)</onclick>
						<icon>special://skin/backgrounds/weather.jpg</icon>
						<thumb>$INFO[Skin.String(Home_Custom_Back_Weather_Folder)]</thumb>
						<visible>!Skin.HasSetting(HomeMenuNoWeatherButton)</visible>
						<visible>!Skin.HasSetting(ShowWeatherFanart) | IsEmpty(Skin.String(WeatherFanartDir))</visible>
					</item>
					<item id="6">
						<label>8</label>
						<onclick>ActivateWindow(Weather)</onclick>
						<icon>special://skin/backgrounds/weather.jpg</icon>
						<thumb>$INFO[Skin.String(WeatherFanartDir)]$INFO[Weather.FanartCode]</thumb>
						<visible>!Skin.HasSetting(HomeMenuNoWeatherButton)</visible>
						<visible>Skin.HasSetting(ShowWeatherFanart) + !IsEmpty(Skin.String(WeatherFanartDir))</visible>
					</item>
					<item id="4">
						<label>1</label>
						<onclick>ActivateWindow(Pictures)</onclick>
						<icon>special://skin/backgrounds/pictures.jpg</icon>
						<thumb>$INFO[Skin.String(Home_Custom_Back_Pictures_Folder)]</thumb>
						<visible>!Skin.HasSetting(HomeMenuNoPicturesButton)</visible>
					</item>
					<item id="3">
						<label>2</label>
						<onclick>ActivateWindow(Music)</onclick>
						<icon>special://skin/backgrounds/music.jpg</icon>
						<thumb>$INFO[Skin.String(Home_Custom_Back_Music_Folder)]</thumb>
						<visible>!Skin.HasSetting(HomeMenuNoMusicButton)</visible>
					</item>
					<item id="2">
						<label>3</label>
						<onclick>ActivateWindow(Videos)</onclick>
						<icon>special://skin/backgrounds/videos.jpg</icon>
						<thumb>$INFO[Skin.String(Home_Custom_Back_Video_Folder)]</thumb>
						<visible>!Skin.HasSetting(HomeMenuNoVideosButton) + ![Skin.HasSetting(HomeMenuNoMoviesButton) + Skin.HasSetting(HomeMenuNoTVShowsButton)]</visible>
					</item>
					<item id="2">
						<label>3</label>
						<onclick>ActivateWindow(VideoFiles)</onclick>
						<icon>special://skin/backgrounds/videos.jpg</icon>
						<thumb>$INFO[Skin.String(Home_Custom_Back_Video_Folder)]</thumb>
						<visible>!Skin.HasSetting(HomeMenuNoVideosButton) + [Skin.HasSetting(HomeMenuNoMoviesButton) + Skin.HasSetting(HomeMenuNoTVShowsButton)]</visible>
					</item>
					<item id="10">
						<label>20342</label>
						<onclick>ActivateWindow(VideoLibrary,MovieTitles,return)</onclick>
						<icon>special://skin/backgrounds/videos.jpg</icon>
						<thumb>$INFO[Skin.String(Home_Custom_Back_Movies_Folder)]</thumb>
						<visible>Skin.HasSetting(HomeMenuNoMoviesButton) + Library.HasContent(Movies)</visible>
					</item>
					<item id="11">
						<label>20343</label>
						<onclick>ActivateWindow(VideoLibrary,TVShowTitles,return)</onclick>
						<icon>special://skin/backgrounds/videos.jpg</icon>
						<thumb>$INFO[Skin.String(Home_Custom_Back_TVShow_Folder)]</thumb>
						<visible>Skin.HasSetting(HomeMenuNoTVShowsButton) + Library.HasContent(TVShows)</visible>
					</item>
					<item id="1">
						<label>0</label>
						<onclick>ActivateWindow(Programs,Addons,return)</onclick>
						<icon>special://skin/backgrounds/programs.jpg</icon>
						<thumb>$INFO[Skin.String(Home_Custom_Back_Programs_Folder)]</thumb>
						<visible>!Skin.HasSetting(HomeMenuNoProgramsButton)</visible>
					</item>
					<item id="5">
						<label>13000</label>
						<onclick>ActivateWindow(Settings)</onclick>
						<icon>special://skin/backgrounds/settings.jpg</icon>
						<thumb>$INFO[Skin.String(Home_Custom_Back_Settings_Folder)]</thumb>
					</item>
				</content>
			</control>
			<control type="image">
				<posx>0</posx>
				<posy>-205</posy>
				<width>385</width>
				<height>1130</height>
				<texture>HomeBlade_middle.png</texture>
				<animation effect="slide" end="0,-204" time="300" condition="Container(9000).Row(1)">conditional</animation>
				<animation effect="slide" end="0,-102" time="300" condition="Container(9000).Row(2)">conditional</animation>
				<animation effect="slide" end="0,102" time="300" condition="Container(9000).Row(4)">conditional</animation>
				<animation effect="slide" end="0,204" time="300" condition="Container(9000).Row(5)">conditional</animation>
			</control>
			<control type="image">
				<posx>-450</posx>
				<posy>0</posy>
				<width>846</width>
				<height>720</height>
				<texture>HomeBlade_top.png</texture>
			</control>
			<include>HomeXBMCLogo</include>
			<include>HomePowerButtons</include>
		</control>
		<control type="group">
			<posx>420</posx>
			<posy>35r</posy>
			<animation effect="slide" end="0,35" time="300" tween="quadratic" easing="out">WindowClose</animation>
			<animation effect="slide" start="0,35" time="300" tween="quadratic" easing="out">WindowOpen</animation>
			<control type="image">
				<description>RSS background</description>
				<posx>0</posx>
				<posy>0</posy>
				<width>860</width>
				<height>35</height>
				<texture border="32,0,0,0">Rss_Back.png</texture>
				<visible>system.getbool(lookandfeel.enablerssfeeds)</visible>
			</control>
			<control type="rss">
				<description>RSS feed</description>
				<posx>35</posx>
				<posy>6</posy>
				<height>35</height>
				<width>825</width>
				<font>font12</font>
				<urlset>1</urlset>
				<textcolor>blue</textcolor>
				<titlecolor>blue</titlecolor>
				<headlinecolor>white</headlinecolor>
				<visible>system.getbool(lookandfeel.enablerssfeeds)</visible>
			</control>
			<control type="image">
				<description>RSS background</description>
				<posx>0</posx>
				<posy>0</posy>
				<width>100</width>
				<height>35</height>
				<texture border="32,0,0,0">Rss_Back_Overlay.png</texture>
				<visible>system.getbool(lookandfeel.enablerssfeeds)</visible>
			</control>
		</control>
	</include>
</includes>
