<window type="dialog" id="142">
	<defaultcontrol always="true">603</defaultcontrol>
	<controls>
		<control type="group">
			<animation effect="fade" start="0" end="100" time="300" tween="quadratic" easing="out">WindowOpen</animation>
			<animation effect="fade" start="100" end="0" time="300" delay="150" tween="quadratic" easing="out">WindowClose</animation>
			<animation effect="fade" start="100" end="0" time="300" tween="quadratic" easing="out" condition="Window.IsVisible(SliderDialog) | Window.IsVisible(OSDVideoSettings) | Window.IsVisible(OSDAudioSettings) | Window.IsVisible(VideoBookmarks) | Window.IsVisible(VideoOSD)">Conditional</animation>
			<control type="image">
				<description>media info background image</description>
				<posx>0</posx>
				<posy>270r</posy>
				<width>1280</width>
				<height>270</height>
				<texture>HomeNowPlayingBack.png</texture>
			</control>
			<control type="image">
				<description>media info background image</description>
				<posx>0</posx>
				<posy>270r</posy>
				<width>1280</width>
				<height>270</height>
				<colordiffuse>88FFFFFF</colordiffuse>
				<texture>HomeNowPlayingBack.png</texture>
			</control>
			<control type="image">
				<description>Non Movie cover image</description>
				<posx>10</posx>
				<posy>290r</posy>
				<width>340</width>
				<height>260</height>
				<fadetime>200</fadetime>
				<texture background="true">$INFO[VideoPlayer.Cover]</texture>
				<aspectratio aligny="bottom">keep</aspectratio>
				<bordertexture border="8">ThumbShadow.png</bordertexture>
				<bordersize>8</bordersize>
				<visible>!VideoPlayer.Content(Movies)</visible>
			</control>
			<control type="image">
				<description>Movie cover image</description>
				<posx>10</posx>
				<posy>350r</posy>
				<width>340</width>
				<height>320</height>
				<fadetime>200</fadetime>
				<texture background="true">$INFO[VideoPlayer.Cover]</texture>
				<aspectratio aligny="bottom">keep</aspectratio>
				<bordertexture border="8">ThumbShadow.png</bordertexture>
				<bordersize>8</bordersize>
				<visible>VideoPlayer.Content(Movies)</visible>
			</control>
			<control type="progress">
				<description>Progressbar</description>
				<posx>10</posx>
				<posy>30r</posy>
				<width>340</width>
				<height>14</height>
				<info>Player.Progress</info>
			</control>
			<control type="group">
				<posx>370</posx>
				<posy>180r</posy>
				<control type="grouplist">
					<description>Media Codec Flagging Images</description>
					<posx>340</posx>
					<posy>0</posy>
					<width>550</width>
					<align>right</align>
					<itemgap>0</itemgap>
					<orientation>horizontal</orientation>
					<control type="image">
						<description>Video rez Image</description>
						<width>80</width>
						<height>40</height>
						<aspectratio>keep</aspectratio>
						<texture>$INFO[VideoPlayer.VideoResolution,flagging/video/,.png]</texture>
					</control>
					
					<control type="image">
						<description>Common Codec Image</description>
						<width>80</width>
						<height>40</height>
						<aspectratio>keep</aspectratio>
						<texture>$INFO[VideoPlayer.VideoCodec,flagging/video/,.png]</texture>
						<!-- Don't show if its one of the 500 divx codecs -->
						<visible>![substring(VideoPlayer.VideoCodec,div,left) | stringcompare(VideoPlayer.VideoCodec,dx50)]</visible>
					</control>
					<control type="image">
						<description>Divx Codec Image</description>
						<width>80</width>
						<height>40</height>
						<aspectratio>keep</aspectratio>
						<texture>flagging/video/divx.png</texture>
						<visible>[substring(VideoPlayer.VideoCodec,div,left) | stringcompare(VideoPlayer.VideoCodec,dx50)]</visible>
					</control>
					
					<control type="image">
						<description>Dolby Digital Image</description>
						<width>80</width>
						<height>40</height>
						<aspectratio>keep</aspectratio>
						<texture>flagging/audio/dolbydigital.png</texture>
						<visible>[stringcompare(VideoPlayer.AudioCodec,ac3) + stringcompare(VideoPlayer.AudioChannels,6)]</visible>
					</control>
					<control type="image">
						<description>Audio Codec Image</description>
						<width>80</width>
						<height>40</height>
						<aspectratio>keep</aspectratio>
						<texture>$INFO[VideoPlayer.AudioCodec,flagging/audio/,.png]</texture>
						<!-- Don't show if I want the Dolby Digital Logo -->
						<visible>![stringcompare(VideoPlayer.AudioCodec,ac3) + stringcompare(VideoPlayer.AudioChannels,6)]</visible>
					</control>
					
					<control type="image">
						<description>Audio Channels Image</description>
						<width>60</width>
						<height>40</height>
						<aspectratio>keep</aspectratio>
						<texture>$INFO[VideoPlayer.AudioChannels,flagging/audio/,.png]</texture>
					</control>
				</control>
				<control type="label">
					<description>Playing Label</description>
					<posx>0</posx>
					<posy>0</posy>
					<width>500</width>
					<height>25</height>
					<align>left</align>
					<aligny>center</aligny>
					<font>font13_title</font>
					<textcolor>blue</textcolor>
					<shadowcolor>black</shadowcolor>
					<label>31040</label>
				</control>
				<control type="label">
					<posx>10</posx>
					<posy>35</posy>
					<width>880</width>
					<height>30</height>
					<label>$INFO[VideoPlayer.Studio]</label>
					<align>left</align>
					<aligny>center</aligny>
					<font>font13</font>
					<textcolor>grey</textcolor>
					<shadowcolor>black</shadowcolor>
					<visible>VideoPlayer.Content(Movies)</visible>
				</control>
				<control type="label">
					<posx>10</posx>
					<posy>35</posy>
					<width>880</width>
					<height>30</height>
					<label>$INFO[VideoPlayer.TVShowTitle] - ($INFO[VideoPlayer.Season]$INFO[VideoPlayer.Episode,x])</label>
					<align>left</align>
					<aligny>center</aligny>
					<font>font13</font>
					<textcolor>grey</textcolor>
					<shadowcolor>black</shadowcolor>
					<visible>VideoPlayer.Content(Episodes)</visible>
				</control>
				<control type="label">
					<posx>10</posx>
					<posy>35</posy>
					<width>880</width>
					<height>30</height>
					<label>$INFO[VideoPlayer.Artist]$INFO[VideoPlayer.Album, - ]</label>
					<align>left</align>
					<aligny>center</aligny>
					<font>font13</font>
					<textcolor>grey</textcolor>
					<shadowcolor>black</shadowcolor>
					<visible>VideoPlayer.Content(MusicVideos)</visible>
				</control>
				<control type="label">
					<posx>10</posx>
					<posy>65</posy>
					<width>880</width>
					<height>30</height>
					<label>$INFO[VideoPlayer.Title]</label>
					<scroll>true</scroll>
					<align>left</align>
					<aligny>center</aligny>
					<font>font24_title</font>
					<textcolor>white</textcolor>
					<shadowcolor>black</shadowcolor>
				</control>

				<control type="label">
					<description>Chapter Count</description>
					<posx>0</posx>
					<posy>110</posy>
					<width>300</width>
					<height>20</height>
					<label>$INFO[Player.Chapter,[COLOR=blue]$LOCALIZE[21396]:[/COLOR] ]$INFO[Player.ChapterCount, / ]</label>
					<align>left</align>
					<aligny>center</aligny>
					<font>font12_title</font>
					<textcolor>grey2</textcolor>
					<shadowcolor>black</shadowcolor>
					<visible>Player.ChapterCount</visible>
				</control>
				<control type="label">
					<description>Chapter Name</description>
					<posx>0</posx>
					<posy>130</posy>
					<width>300</width>
					<height>20</height>
					<label>$INFO[Player.ChapterName]</label>
					<align>left</align>
					<aligny>center</aligny>
					<font>font12_title</font>
					<textcolor>grey2</textcolor>
					<shadowcolor>black</shadowcolor>
				</control>
				<control type="label">
					<description>Player Times</description>
					<posx>890</posx>
					<posy>115</posy>
					<width>500</width>
					<height>25</height>
					<label>$INFO[Player.Time]$INFO[Player.Duration, / ]</label>
					<align>right</align>
					<aligny>center</aligny>
					<font>font30_title</font>
					<textcolor>grey</textcolor>
					<shadowcolor>black</shadowcolor>
				</control>
				<control type="label">
					<description>Current Video End Time</description>
					<posx>890</posx>
					<posy>150</posy>
					<width>890</width>
					<height>20</height>
					<label>[COLOR=blue]$LOCALIZE[31049][/COLOR] : $INFO[Player.FinishTime]</label>
					<align>right</align>
					<aligny>center</aligny>
					<font>font12_title</font>
					<textcolor>grey2</textcolor>
					<shadowcolor>black</shadowcolor>
				</control>
			</control>
		</control>
		<include>Clock</include>
	</controls>
</window>