<includes>
	<include name="HomeSubMenuVideos">
		<control type="button" id="90101">
			<include>ButtonHomeSubCommonValues</include>
			<label>342</label>
			<onclick>ActivateWindow(Videos,MovieTitles,return)</onclick>
			<visible>Library.HasContent(Movies)</visible>
		</control>
		<control type="button" id="90102">
			<include>ButtonHomeSubCommonValues</include>
			<label>20343</label>
			<onclick>ActivateWindow(Videos,TvShowTitles,return)</onclick>
			<visible>Library.HasContent(TVShows)</visible>
		</control>
		<control type="button" id="90103">
			<include>ButtonHomeSubCommonValues</include>
			<label>20389</label>
			<onclick>ActivateWindow(Videos,MusicVideoTitles,return)</onclick>
			<visible>Library.HasContent(MusicVideos)</visible>
		</control>
		<control type="button" id="90104">
			<include>ButtonHomeSubCommonValues</include>
			<label>744</label>
			<onclick>ActivateWindow(Videos,Files,return)</onclick>
		</control>
		<control type="button" id="90105">
			<include>ButtonHomeSubCommonValues</include>
			<label>14022</label>
			<onclick>ActivateWindow(Videos,Root)</onclick>
			<visible>Library.HasContent(Videos)</visible>
		</control>
		<control type="button" id="90106">
			<include>ButtonHomeSubCommonValues</include>
			<label>24001</label>
			<onclick>ActivateWindow(Videos,Addons,return)</onclick>
		</control>
		<control type="button" id="90108">
			<description>Custom Addon Button 1</description>
			<include>ButtonHomeSubCommonValues</include>
			<label>$INFO[system.addontitle(Skin.String(HomeVideosButton1))]</label>
			<onclick>Setfocus(9000)</onclick>
			<onclick>RunAddon($INFO[Skin.String(HomeVideosButton1)])</onclick>
			<visible>!IsEmpty(Skin.String(HomeVideosButton1))</visible>
		</control>
		<control type="button" id="90109">
			<description>Custom Addon Button 2</description>
			<include>ButtonHomeSubCommonValues</include>
			<label>$INFO[system.addontitle(Skin.String(HomeVideosButton2))]</label>
			<onclick>Setfocus(9000)</onclick>
			<onclick>RunAddon($INFO[Skin.String(HomeVideosButton2)])</onclick>
			<visible>!IsEmpty(Skin.String(HomeVideosButton2))</visible>
		</control>
		<control type="button" id="90110">
			<description>Custom Addon Button 3</description>
			<include>ButtonHomeSubCommonValues</include>
			<label>$INFO[system.addontitle(Skin.String(HomeVideosButton3))]</label>
			<onclick>Setfocus(9000)</onclick>
			<onclick>RunAddon($INFO[Skin.String(HomeVideosButton3)])</onclick>
			<visible>!IsEmpty(Skin.String(HomeVideosButton3))</visible>
		</control>
	</include>
	<include name="HomeSubMenuMusic">
		<control type="button" id="90111">
			<include>ButtonHomeSubCommonValues</include>
			<label>133</label>
			<onclick>ActivateWindow(MusicLibrary,Artists,return)</onclick>
			<visible>Library.HasContent(Music)</visible>
		</control>
		<control type="button" id="90112">
			<include>ButtonHomeSubCommonValues</include>
			<label>132</label>
			<onclick>ActivateWindow(MusicLibrary,Albums,return)</onclick>
			<visible>Library.HasContent(Music)</visible>
		</control>
		<control type="button" id="90113">
			<include>ButtonHomeSubCommonValues</include>
			<label>134</label>
			<onclick>ActivateWindow(MusicLibrary,Songs,return)</onclick>
			<visible>Library.HasContent(Music)</visible>
		</control>
		<control type="button" id="90114">
			<include>ButtonHomeSubCommonValues</include>
			<label>744</label>
			<onclick>ActivateWindow(MusicFiles)</onclick>
		</control>
		<control type="button" id="90115">
			<include>ButtonHomeSubCommonValues</include>
			<label>14022</label>
			<onclick>ActivateWindow(MusicLibrary)</onclick>
			<visible>Library.HasContent(Music)</visible>
		</control>
		<control type="button" id="90116">
			<include>ButtonHomeSubCommonValues</include>
			<label>24001</label>
			<onclick>ActivateWindow(MusicLibrary,Addons,return)</onclick>
			<visible>Library.HasContent(Music)</visible>
		</control>
		<control type="button" id="90117">
			<include>ButtonHomeSubCommonValues</include>
			<label>24001</label>
			<onclick>ActivateWindow(MusicFiles,Addons,return)</onclick>
			<visible>!Library.HasContent(Music)</visible>
		</control>
		<control type="button" id="90118">
			<description>Custom Addon Button 1</description>
			<include>ButtonHomeSubCommonValues</include>
			<label>$INFO[system.addontitle(Skin.String(HomeMusicButton1))]</label>
			<onclick>Setfocus(9000)</onclick>
			<onclick>RunAddon($INFO[Skin.String(HomeMusicButton1)])</onclick>
			<visible>!IsEmpty(Skin.String(HomeMusicButton1))</visible>
		</control>
		<control type="button" id="90119">
			<description>Custom Addon Button 2</description>
			<include>ButtonHomeSubCommonValues</include>
			<label>$INFO[system.addontitle(Skin.String(HomeMusicButton2))]</label>
			<onclick>Setfocus(9000)</onclick>
			<onclick>RunAddon($INFO[Skin.String(HomeMusicButton2)])</onclick>
			<visible>!IsEmpty(Skin.String(HomeMusicButton2))</visible>
		</control>
		<control type="button" id="90120">
			<description>Custom Addon Button 3</description>
			<include>ButtonHomeSubCommonValues</include>
			<label>$INFO[system.addontitle(Skin.String(HomeMusicButton3))]</label>
			<onclick>Setfocus(9000)</onclick>
			<onclick>RunAddon($INFO[Skin.String(HomeMusicButton3)])</onclick>
			<visible>!IsEmpty(Skin.String(HomeMusicButton3))</visible>
		</control>
	</include>
	<include name="HomeSubMenuSystem">
		<control type="button" id="90141">
			<include>ButtonHomeSubCommonValues</include>
			<label>5</label>
			<onclick>ActivateWindow(Settings)</onclick>
		</control>
		<control type="button" id="90142">
			<include>ButtonHomeSubCommonValues</include>
			<label>7</label>
			<onclick>ActivateWindow(FileManager)</onclick>
		</control>
		<control type="button" id="90143">
			<include>ButtonHomeSubCommonValues</include>
			<label>13200</label>
			<onclick>ActivateWindow(Profiles)</onclick>
		</control>
		<control type="button" id="90144">
			<include>ButtonHomeSubCommonValues</include>
			<label>130</label>
			<onclick>ActivateWindow(SystemInfo)</onclick>
		</control>
		<control type="button" id="90145">
			<include>ButtonHomeSubCommonValues</include>
			<label>Credits</label>
			<onclick>ActivateWindow(Credits)</onclick>
			<visible>False</visible>
		</control>
	</include>
	<include name="HomeSubMenuPictures">
		<control type="button" id="90131">
			<description>Button1</description>
			<include>ButtonHomeSubCommonValues</include>
			<label>$INFO[system.addontitle(Skin.String(HomePictureButton1))]</label>
			<onclick>Setfocus(9000)</onclick>
			<onclick>RunAddon($INFO[Skin.String(HomePictureButton1)])</onclick>
			<visible>!IsEmpty(Skin.String(HomePictureButton1))</visible>
		</control>
		<control type="button" id="90132">
			<description>Button1</description>
			<include>ButtonHomeSubCommonValues</include>
			<label>$INFO[system.addontitle(Skin.String(HomePictureButton2))]</label>
			<onclick>Setfocus(9000)</onclick>
			<onclick>RunAddon($INFO[Skin.String(HomePictureButton2)])</onclick>
			<visible>!IsEmpty(Skin.String(HomePictureButton2))</visible>
		</control>
		<control type="button" id="90133">
			<description>Button1</description>
			<include>ButtonHomeSubCommonValues</include>
			<label>$INFO[system.addontitle(Skin.String(HomePictureButton3))]</label>
			<onclick>Setfocus(9000)</onclick>
			<onclick>RunAddon($INFO[Skin.String(HomePictureButton3)])</onclick>
			<visible>!IsEmpty(Skin.String(HomePictureButton3))</visible>
		</control>
		<control type="button" id="90134">
			<description>Button1</description>
			<include>ButtonHomeSubCommonValues</include>
			<label>$INFO[system.addontitle(Skin.String(HomePictureButton4))]</label>
			<onclick>Setfocus(9000)</onclick>
			<onclick>RunAddon($INFO[Skin.String(HomePictureButton4)])</onclick>
			<visible>!IsEmpty(Skin.String(HomePictureButton4))</visible>
		</control>
		<control type="button" id="90135">
			<description>Button1</description>
			<include>ButtonHomeSubCommonValues</include>
			<label>$INFO[system.addontitle(Skin.String(HomePictureButton5))]</label>
			<onclick>Setfocus(9000)</onclick>
			<onclick>RunAddon($INFO[Skin.String(HomePictureButton5)])</onclick>
			<visible>!IsEmpty(Skin.String(HomePictureButton5))</visible>
		</control>
		<control type="button" id="90136">
			<description>Button1</description>
			<include>ButtonHomeSubCommonValues</include>
			<label>$INFO[system.addontitle(Skin.String(HomePictureButton6))]</label>
			<onclick>Setfocus(9000)</onclick>
			<onclick>RunAddon($INFO[Skin.String(HomePictureButton6)])</onclick>
			<visible>!IsEmpty(Skin.String(HomePictureButton6))</visible>
		</control>
	</include>
	<include name="HomeSubMenuPrograms">
		<control type="button" id="90151">
			<description>Button1</description>
			<include>ButtonHomeSubCommonValues</include>
			<label>$INFO[system.addontitle(Skin.String(HomeProgramButton1))]</label>
			<onclick>Setfocus(9000)</onclick>
			<onclick>RunAddon($INFO[Skin.String(HomeProgramButton1)])</onclick>
			<visible>!IsEmpty(Skin.String(HomeProgramButton1))</visible>
		</control>
		<control type="button" id="90152">
			<description>Button1</description>
			<include>ButtonHomeSubCommonValues</include>
			<label>$INFO[system.addontitle(Skin.String(HomeProgramButton2))]</label>
			<onclick>Setfocus(9000)</onclick>
			<onclick>RunAddon($INFO[Skin.String(HomeProgramButton2)])</onclick>
			<visible>!IsEmpty(Skin.String(HomeProgramButton2))</visible>
		</control>
		<control type="button" id="90153">
			<description>Button1</description>
			<include>ButtonHomeSubCommonValues</include>
			<label>$INFO[system.addontitle(Skin.String(HomeProgramButton3))]</label>
			<onclick>Setfocus(9000)</onclick>
			<onclick>RunAddon($INFO[Skin.String(HomeProgramButton3)])</onclick>
			<visible>!IsEmpty(Skin.String(HomeProgramButton3))</visible>
		</control>
		<control type="button" id="90154">
			<description>Button1</description>
			<include>ButtonHomeSubCommonValues</include>
			<label>$INFO[system.addontitle(Skin.String(HomeProgramButton4))]</label>
			<onclick>Setfocus(9000)</onclick>
			<onclick>RunAddon($INFO[Skin.String(HomeProgramButton4)])</onclick>
			<visible>!IsEmpty(Skin.String(HomeProgramButton4))</visible>
		</control>
		<control type="button" id="90155">
			<description>Button1</description>
			<include>ButtonHomeSubCommonValues</include>
			<label>$INFO[system.addontitle(Skin.String(HomeProgramButton5))]</label>
			<onclick>Setfocus(9000)</onclick>
			<onclick>RunAddon($INFO[Skin.String(HomeProgramButton5)])</onclick>
			<visible>!IsEmpty(Skin.String(HomeProgramButton5))</visible>
		</control>
		<control type="button" id="90156">
			<description>Button1</description>
			<include>ButtonHomeSubCommonValues</include>
			<label>$INFO[system.addontitle(Skin.String(HomeProgramButton6))]</label>
			<onclick>Setfocus(9000)</onclick>
			<onclick>RunAddon($INFO[Skin.String(HomeProgramButton6)])</onclick>
			<visible>!IsEmpty(Skin.String(HomeProgramButton6))</visible>
		</control>
	</include>
	<include name="HomeSubMenuMovies">
		<control type="button" id="90161">
			<include>ButtonHomeSubCommonValues</include>
			<label>369</label>
			<onclick>ActivateWindow(VideoLibrary,MovieTitles,return)</onclick>
		</control>
		<control type="button" id="90162">
			<include>ButtonHomeSubCommonValues</include>
			<label>135</label>
			<onclick>ActivateWindow(VideoLibrary,MovieGenres,return)</onclick>
		</control>
		<control type="button" id="90163">
			<include>ButtonHomeSubCommonValues</include>
			<label>652</label>
			<onclick>ActivateWindow(VideoLibrary,MovieYears,return)</onclick>
		</control>
		<control type="button" id="90164">
			<include>ButtonHomeSubCommonValues</include>
			<label>344</label>
			<onclick>ActivateWindow(VideoLibrary,MovieActors,return)</onclick>
		</control>
		<control type="button" id="90165">
			<include>ButtonHomeSubCommonValues</include>
			<label>20348</label>
			<onclick>ActivateWindow(VideoLibrary,MovieDirectors,return)</onclick>
		</control>
		<control type="button" id="90166">
			<include>ButtonHomeSubCommonValues</include>
			<label>31328</label>
			<onclick>ActivateWindow(VideoLibrary,RecentlyAddedMovies,return)</onclick>
		</control>
	</include>
	<include name="HomeSubMenuTVShows">
		<control type="button" id="90171">
			<include>ButtonHomeSubCommonValues</include>
			<label>369</label>
			<onclick>ActivateWindow(VideoLibrary,TVShowTitles,return)</onclick>
		</control>
		<control type="button" id="90172">
			<include>ButtonHomeSubCommonValues</include>
			<label>135</label>
			<onclick>ActivateWindow(VideoLibrary,TVShowGenres,return)</onclick>
		</control>
		<control type="button" id="90173">
			<include>ButtonHomeSubCommonValues</include>
			<label>652</label>
			<onclick>ActivateWindow(VideoLibrary,TVShowYears,return)</onclick>
		</control>
		<control type="button" id="90174">
			<include>ButtonHomeSubCommonValues</include>
			<label>344</label>
			<onclick>ActivateWindow(VideoLibrary,TVShowActors,return)</onclick>
		</control>
		<control type="button" id="90175">
			<include>ButtonHomeSubCommonValues</include>
			<label>31328</label>
			<onclick>ActivateWindow(VideoLibrary,RecentlyAddedEpisodes,return)</onclick>
		</control>
	</include>
</includes>
