<?xml version="1.0" encoding="UTF-8"?>
<addon id="skin.quartz.plexbmc" version="0.1-0.7.2" name="Quartz PleXBMC" provider-name="Original Skin creator Pecinko. Modded by hippojay">
	<requires>
		<import addon="xbmc.gui" version="2.11"/>
		<import addon="script.favourites" version="1.0.6"/>
	</requires>
	<extension  
	point="xbmc.gui.skin" 
	defaultresolution="720p"  
	defaultresolutionwide="720p" 
	defaultthemename="Textures.xbt"  
	effectslowdown="1.00" 
	debugging="false"/>
	<extension point="xbmc.addon.metadata">
		<platform>all</platform>
		<minversion app="xbmc">33035</minversion>
		<summary>Created for XBMC by Pecinko.  Modded for PleXBMC by hippojay</summary>
		<description>Simple, elegant and human friendly. Skin for the rest of us.  Tweaked for PleXBMC</description>
	</extension>
</addon>