<?xml version="1.0" encoding="UTF-8" standalone="yes"?>
    <addon id="xbmc.repo.plexbmc" name="PleXBMC Add-ons for XBMC" version="1.0.2" provider-name="Harley and Hippojay">
  <requires>
    <import addon="xbmc.addon" version="12.0.0"/>
  </requires>
        <extension point="xbmc.addon.repository" name="PleXBMC Addons for XBMC Repository">
          <info compressed="false">http://fredrike.github.io/repository.plexbmc.addons/addons.xml</info>
            <checksum>http://fredrike.github.io/repository.plexbmc.addons/addons..xml.md5</checksum>
            <datadir zip="true">http://fredrike.github.io/repository.plexbmc.addons/</datadir>
            <hashes>true</hashes>
    </extension>
        <extension point="xbmc.addon.metadata">
            <summary>Install PleXBMC Addons</summary>
            <description>Install Plex related addons for XBMC</description>
            <disclaimer></disclaimer>
            <platform>all</platform>
            <nofanart>true</nofanart>
        </extension>
    </addon>
