<?xml version="1.0" encoding="UTF-8" standalone="yes"?>
    <addon id="repository.plexbmc.addons" name="PleXBMC Add-ons for XBMC" version="1.0.0" provider-name="Harley and Hippojay">
        <extension point="xbmc.addon.repository" name="PleXBMC Addons for XBMC Repository">
            <info compressed="false">http://github.com/fredrike/repository.plexbmc.addons/raw/master/addons.xml</info>
            <checksum>http://github.com/fredrike/repository.plexbmc.addons/raw/master/addons.xml.md5</checksum>
            <datadir zip="false">http://github.com/fredrike/repository.plexbmc.addons/raw/master/</datadir>
        </extension>
        <extension point="xbmc.addon.metadata">
            <summary>Install PleXBMC Addons</summary>
            <description>Download and install Plex related addons for XBMC</description>
            <disclaimer>-</disclaimer>
            <platform>all</platform>
        </extension>
    </addon>
