<window id="20">
	<defaultcontrol always="true">50</defaultcontrol>
	<allowoverlay>no</allowoverlay>
	<views>50,503</views>
	<controls>
		<include>CommonSettingsBackground</include>
		<include>CommonMediaPlayingBackground</include>
		<control type="group">
			<include>Window_OpenClose_Animation</include>		
			<control type="image">
				<posx>50</posx>
				<posy>60</posy>
				<width>1180</width>
				<height>600</height>
				<texture border="20">ContentPanel.png</texture>
				<include>VisibleFadeEffect</include>
				<visible>Control.IsVisible(50)</visible>
			</control>
			<control type="image">
				<posx>0</posx>
				<posy>-5</posy>
				<width>1280</width>
				<height>725</height>
				<texture border="0.5.0.0">ContentPanel4.png</texture>
				<include>VisibleFadeEffect</include>
				<visible>Control.IsVisible(503)</visible>
			</control>
		</control>
		<control type="group">
			<include>Window_OpenClose_Animation</include>		
			<include>CommonRootView</include> <!-- view id = 50 -->
			<include>AddonInfoListView1</include> <!-- view id = 503 -->
		</control>
		<include>CommonPageCount</include>
		<include>BehindDialogFadeOut</include>
		<include>ScrollOffsetLabel</include>
		<control type="group">
			<animation effect="slide" start="0,0" end="250,0" time="400" tween="quadratic" easing="out" condition="ControlGroup(9000).HasFocus | Control.HasFocus(8999)">Conditional</animation>
			<animation effect="slide" start="0,0" end="-250,0" time="400" tween="quadratic" easing="out" condition="ControlGroup(9000).HasFocus | Control.HasFocus(8999)">WindowClose</animation>
			<control type="button" id="8999">
				<description>Fake button for mouse control</description>
				<posx>-250</posx>
				<posy>0</posy>
				<width>265</width>
				<height>720</height>
				<label>-</label>
				<font>-</font>
				<texturenofocus>-</texturenofocus>
				<texturefocus>-</texturefocus>
				<visible>true</visible>
			</control>
			<control type="image">
				<posx>-820</posx>
				<posy>0</posy>
				<width>846</width>
				<height>720</height>
				<texture>HomeBlade.png</texture>
			</control>
			<control type="image">
				<posx>-120</posx>
				<posy>70</posy>
				<width>120</width>
				<height>50</height>
				<texture>MediaStreamLogo.png</texture>
			</control>
			<control type="group" id="9000">
				<posx>-250</posx>
				<posy>130</posy>
				<include>CommonNowPlaying</include>
				<control type="button" id="2">
					<description>View As button</description>
					<posx>0</posx>
					<posy>0</posy>
					<include>ButtonCommonValues</include>
					<label>-</label>
					<onleft>50</onleft>
					<onright>50</onright>
					<onup>611</onup>
					<ondown>3</ondown>
				</control>
				<control type="button" id="3">
					<description>Sort by button</description>
					<posx>0</posx>
					<posy>40</posy>
					<include>ButtonCommonValues</include>
					<label>103</label>
					<onleft>50</onleft>
					<onright>4</onright>
					<onup>2</onup>
					<ondown>5</ondown>
				</control>
				<control type="togglebutton" id="4">
					<description>Sort asc</description>
					<posx>220</posx>
					<posy>53</posy>
					<label>-</label>
					<onleft>3</onleft>
					<onright>50</onright>
					<onup>2</onup>
					<ondown>5</ondown>
				</control>
				<control type="label">
					<posx>0</posx>
					<posy>90</posy>
					<width>250</width>
					<height>45</height>
					<font>font12caps</font>
					<label>$LOCALIZE[24002]</label>
					<textcolor>dialogheader</textcolor>
					<align>center</align>
					<aligny>center</aligny>
				</control>
				<control type="radiobutton" id ="5">
					<description>Enable auto-updates</description>
					<posx>0</posx>
					<posy>130</posy>
					<include>ButtonCommonValues</include>
					<label>24063</label>
					<onleft>50</onleft>
					<onright>50</onright>
					<onup>3</onup>
					<ondown>610</ondown>
				</control>
				<control type="button" id="610">
					<description>Fake Button to fix Player Controls Navigation</description>
					<onup>5</onup>
					<ondown>603</ondown>
					<visible>false</visible>
				</control>
				<control type="group">
					<posx>0</posx>
					<posy>260</posy>
					<include>CommonNowPlaying_Controls</include>
				</control>
				<control type="button" id="611">
					<description>Fake Button to fix Player Controls Navigation</description>
					<onup>608</onup>
					<ondown>2</ondown>
					<visible>false</visible>
				</control>
			</control>
		</control>
		<control type="image">
			<posx>26r</posx>
			<posy>0</posy>
			<width>846</width>
			<height>720</height>
			<texture flipx="true">HomeBlade.png</texture>
		</control>
		<control type="group">
			<posx>470</posx>
			<posy>5</posy>
			<visible>!IsEmpty(Container.Property(AddonCategory))</visible>
			<include>VisibleFadeEffect</include>
			<animation effect="slide" end="-710,0" time="400" tween="quadratic" easing="out">WindowClose</animation>
			<animation effect="slide" start="-710,0" time="400" tween="quadratic" easing="out">WindowOpen</animation>
			<control type="image">
				<posx>0</posx>
				<posy>0</posy>
				<width>300</width>
				<height>35</height>
				<texture border="0,0,20,0">TitleBG.png</texture>
			</control>
			<control type="label">
				<include>WindowTitleCommons</include>
				<posx>270</posx>
				<label>$INFO[Container.Property(AddonCategory)]</label>
			</control>
		</control>
		<control type="group">
			<posx>240</posx>
			<posy>5</posy>
			<visible>!IsEmpty(Container.Property(RepoName))</visible>
			<include>VisibleFadeEffect</include>
			<animation effect="slide" end="-600,0" time="400" tween="quadratic" easing="out">WindowClose</animation>
			<animation effect="slide" start="-600,0" time="400" tween="quadratic" easing="out">WindowOpen</animation>
			<control type="image">
				<posx>0</posx>
				<posy>0</posy>
				<width>350</width>
				<height>35</height>
				<texture border="0,0,20,0">TitleBG.png</texture>
			</control>
			<control type="label">
				<width>250</width>
				<include>WindowTitleCommons</include>
				<posx>320</posx>
				<label>$INFO[Container.Property(RepoName)]</label>
			</control>
		</control>
		<control type="group">
			<posx>20</posx>
			<posy>5</posy>
			<animation effect="slide" end="-270,0" time="400" tween="quadratic" easing="out">WindowClose</animation>
			<animation effect="slide" start="-270,0" time="400" tween="quadratic" easing="out">WindowOpen</animation>
			<control type="image">
				<posx>0</posx>
				<posy>0</posy>
				<width>250</width>
				<height>35</height>
				<texture border="0,0,20,0">TitleBG.png</texture>
			</control>
			<control type="label">
				<include>WindowTitleCommons</include>
				<posx>220</posx>
				<label>$LOCALIZE[24001]</label>
			</control>
		</control>
		<include>Clock</include>
	</controls>
</window>
