<window type="dialog" id="134">
	<defaultcontrol always="true">450</defaultcontrol>
	<coordinates>
		<system>1</system>
		<posx>0</posx>
		<posy>0</posy>
	</coordinates>
	<controls>
		<control type="group">
			<animation effect="slide" start="400,0" end="0,0" time="400" tween="quadratic" easing="out">WindowOpen</animation>
			<animation effect="slide" start="0,0" end="400,0" time="400" tween="quadratic" easing="out">WindowClose</animation>
			<control type="image">
				<posx>400r</posx>
				<posy>0</posy>
				<width>400</width>
				<height>720</height>
				<texture border="15,0,0,0" flipx="true">HomeBladeSub.png</texture>
			</control>
			<control type="button">
				<description>Close Window button</description>
				<posx>380r</posx>
				<posy>0</posy>
				<width>64</width>
				<height>32</height>
				<label>-</label>
				<font>-</font>
				<onclick>PreviousMenu</onclick>
				<texturefocus>DialogCloseButton-focus.png</texturefocus>
				<texturenofocus>DialogCloseButton.png</texturenofocus>
				<onleft>450</onleft>
				<onright>450</onright>
				<onup>450</onup>
				<ondown>450</ondown>
				<visible>system.getbool(lookandfeel.enablemouse)</visible>
			</control>
			<control type="image">
				<posx>370r</posx>
				<posy>30</posy>
				<width>200</width>
				<height>200</height>
				<aspectratio align="center">keep</aspectratio>
				<fadetime>IconCrossfadeTime</fadetime>
				<texture>$INFO[ListItem.Icon]</texture>
				<bordertexture border="8">ThumbShadow.png</bordertexture>
				<bordersize>8</bordersize>
			</control>
			<control type="image">
				<posx>150r</posx>
				<posy>175</posy>
				<width>120</width>
				<height>50</height>
				<texture>MediaStreamLogo.png</texture>
			</control>
			<control type="list" id="450">
				<posx>390r</posx>
				<posy>250</posy>
				<width>450</width>
				<height>380</height>
				<onup>450</onup>
				<onleft>Dialog.Close(Favourites)</onleft>
				<onright>450</onright>
				<ondown>450</ondown>
				<pagecontrol>-</pagecontrol>
				<scrolltime>200</scrolltime>
				<itemlayout height="40">
					<control type="image">
						<posx>0</posx>
						<posy>0</posy>
						<width>370</width>
						<height>40</height>
						<texture border="5">button-nofocus.png</texture>
					</control>
					<control type="label">
						<posx>10</posx>
						<posy>0</posy>
						<width>350</width>
						<height>40</height>
						<font>font12caps_title</font>
						<align>left</align>
						<aligny>center</aligny>
						<selectedcolor>selected</selectedcolor>
						<info>ListItem.Label</info>
					</control>
				</itemlayout>
				<focusedlayout height="40">
					<control type="image">
						<posx>0</posx>
						<posy>0</posy>
						<width>370</width>
						<height>40</height>
						<visible>!Control.HasFocus(450)</visible>
						<texture border="3">button-nofocus.png</texture>
					</control>
					<control type="image">
						<posx>0</posx>
						<posy>0</posy>
						<width>370</width>
						<height>40</height>
						<visible>Control.HasFocus(450)</visible>
						<texture border="3">button-focus.png</texture>
					</control>
					<control type="label">
						<posx>10</posx>
						<posy>0</posy>
						<width>350</width>
						<height>40</height>
						<font>font12caps_title</font>
						<align>left</align>
						<aligny>center</aligny>
						<selectedcolor>selected</selectedcolor>
						<info>ListItem.Label</info>
					</control>
				</focusedlayout>
			</control>
			<control type="label">
				<description>Page label</description>
				<posx>30r</posx>
				<posy>670</posy>
				<width>350</width>
				<height>30</height>
				<align>right</align>
				<aligny>center</aligny>
				<font>font12caps</font>
				<textcolor>blue</textcolor>
				<label>($INFO[Container(450).NumItems]) $LOCALIZE[31025] - $LOCALIZE[31024] ($INFO[Container(450).CurrentPage]/$INFO[Container(450).NumPages])</label>
			</control>
		</control>
		<control type="image">
			<posx>1254</posx>
			<posy>0</posy>
			<width>846</width>
			<height>720</height>
			<texture flipx="true">HomeBlade.png</texture>
			<animation effect="slide" start="35,0" time="300" tween="quadratic" easing="out" condition="Window.IsVisible(Home)">WindowOpen</animation>
			<animation effect="slide" end="35,0" time="300" tween="quadratic" easing="out" condition="Window.IsVisible(Home)">WindowClose</animation>
		</control>
		<include>Clock</include>
	</controls>
</window>
