<window id="132">
	<defaultcontrol always="true">3</defaultcontrol>
	<coordinates>
		<system>1</system>
		<posx>240</posx>
		<posy>20</posy>
	</coordinates>
	<include>dialogeffect</include>
	<controls>
		<control type="group">
			<animation effect="fade" start="100" end="0" time="200" condition="Window.IsActive(PluginSettings)">Conditional</animation>
			<control type="image">
				<description>background image</description>
				<posx>0</posx>
				<posy>0</posy>
				<width>800</width>
				<height>680</height>
				<texture border="40">DialogBack.png</texture>
			</control>
			<control type="image">
				<posx>80</posx>
				<posy>10</posy>
				<width>640</width>
				<height>90</height>
				<aspectratio>stretch</aspectratio>
				<texture>GlassTitleBar.png</texture>
			</control>
			<control type="label" id="1">
				<description>header label</description>
				<posx>20</posx>
				<posy>18</posy>
				<width>760</width>
				<height>30</height>
				<font>font13caps_title</font>
				<label>$LOCALIZE[20333]</label>
				<align>center</align>
				<aligny>center</aligny>
				<textcolor>white</textcolor>
				<shadowcolor>black</shadowcolor>
			</control>
			<control type="button">
				<description>Close Window button</description>
				<posx>710</posx>
				<posy>9</posy>
				<width>64</width>
				<height>32</height>
				<label>-</label>
				<font>-</font>
				<onclick>PreviousMenu</onclick>
				<texturefocus>DialogCloseButton-focus.png</texturefocus>
				<texturenofocus>DialogCloseButton.png</texturenofocus>
				<onleft>3</onleft>
				<onright>3</onright>
				<onup>3</onup>
				<ondown>3</ondown>
				<visible>system.getbool(lookandfeel.enablemouse)</visible>
			</control>
			<control type="label">
				<description>Content Picker Header</description>
				<posx>30</posx>
				<posy>60</posy>
				<width>320</width>
				<height>40</height>
				<font>font12caps</font>
				<label>$LOCALIZE[20344]</label>
				<align>center</align>
				<aligny>center</aligny>
				<textcolor>blue</textcolor>
				<shadowcolor>black</shadowcolor>
			</control>
			<control type="spincontrolex" id="3">
				<description>Content Picker</description>
				<posx>30</posx>
				<posy>100</posy>
				<width>320</width>
				<height>40</height>
				<texturefocus border="5">button-focus.png</texturefocus>
				<texturenofocus border="5">MenuItemNF.png</texturenofocus>
				<font>-</font>
				<label>-</label>
				<reverse>yes</reverse>
				<onup>28</onup>
				<ondown>5</ondown>
				<onleft>60</onleft>
				<onright>4</onright>
			</control>
			<control type="label">
				<description>Content Picker label</description>
				<posx>35</posx>
				<posy>100</posy>
				<width>280</width>
				<height>40</height>
				<font>font13caps_title</font>
				<label>$INFO[Control.GetLabel(3)]</label>
				<align>left</align>
				<aligny>center</aligny>
				<textcolor>white</textcolor>
				<shadowcolor>black</shadowcolor>
			</control>
			<control type="label">
				<description>Used Scraper Header</description>
				<posx>30</posx>
				<posy>150</posy>
				<width>320</width>
				<height>20</height>
				<font>font12caps</font>
				<label>$LOCALIZE[31312]</label>
				<align>center</align>
				<aligny>center</aligny>
				<textcolor>blue</textcolor>
				<shadowcolor>black</shadowcolor>
			</control>
			<control type="image">
				<description>Used Scraper Image</description>
				<posx>30</posx>
				<posy>175</posy>
				<width>320</width>
				<height>130</height>
				<aspectratio>keep</aspectratio>
				<texture>$INFO[ListItem.Icon]</texture>
			</control>
			<control type="label">
				<description>Used Scaper Label</description>
				<posx>30</posx>
				<posy>315</posy>
				<width>320</width>
				<height>30</height>
				<font>font13caps</font>
				<label>[B]$INFO[ListItem.Label][/B]</label>
				<align>center</align>
				<aligny>center</aligny>
				<textcolor>selected</textcolor>
				<shadowcolor>black</shadowcolor>
			</control>
			<control type="image">
				<posx>370</posx>
				<posy>60</posy>
				<width>5</width>
				<height>280</height>
				<aspectratio>stretch</aspectratio>
				<texture>separator_vertical.png</texture>
			</control>
			<control type="label">
				<description>Scraper List Header</description>
				<posx>400</posx>
				<posy>60</posy>
				<width>370</width>
				<height>40</height>
				<font>font12caps</font>
				<label>$LOCALIZE[31313]</label>
				<align>center</align>
				<aligny>center</aligny>
				<textcolor>blue</textcolor>
				<shadowcolor>black</shadowcolor>
			</control>
			<control type="list" id="4">
				<posx>400</posx>
				<posy>100</posy>
				<width>340</width>
				<height>241</height>
				<onup>4</onup>
				<onleft>3</onleft>
				<onright>60</onright>
				<ondown>4</ondown>
				<pagecontrol>60</pagecontrol>
				<scrolltime>200</scrolltime>
				<itemlayout height="40">
					<control type="image">
						<posx>0</posx>
						<posy>0</posy>
						<width>340</width>
						<height>41</height>
						<texture>MenuItemNF.png</texture>
					</control>
					<control type="image">
						<posx>5</posx>
						<posy>5</posy>
						<width>35</width>
						<height>30</height>
						<texture>$INFO[Listitem.Icon]</texture>
					</control>
					<control type="label">
						<posx>50</posx>
						<posy>0</posy>
						<width>290</width>
						<height>40</height>
						<font>font13</font>
						<align>left</align>
						<aligny>center</aligny>
						<textcolor>grey2</textcolor>
						<selectedcolor>selected</selectedcolor>
						<info>ListItem.Label</info>
					</control>
				</itemlayout>
				<focusedlayout height="40">
					<control type="image">
						<posx>0</posx>
						<posy>0</posy>
						<width>340</width>
						<height>41</height>
						<visible>!Control.HasFocus(4)</visible>
						<texture>MenuItemNF.png</texture>
					</control>
					<control type="image">
						<posx>0</posx>
						<posy>0</posy>
						<width>340</width>
						<height>41</height>
						<visible>Control.HasFocus(4)</visible>
						<texture>MenuItemFO.png</texture>
					</control>
					<control type="image">
						<posx>5</posx>
						<posy>5</posy>
						<width>35</width>
						<height>30</height>
						<texture>$INFO[Listitem.Icon]</texture>
					</control>
					<control type="label">
						<posx>50</posx>
						<posy>0</posy>
						<width>290</width>
						<height>40</height>
						<font>font13</font>
						<align>left</align>
						<aligny>center</aligny>
						<textcolor>white</textcolor>
						<selectedcolor>selected</selectedcolor>
						<info>ListItem.Label</info>
					</control>
				</focusedlayout>
			</control>
			<control type="scrollbar" id="60">
				<posx>745</posx>
				<posy>100</posy>
				<width>25</width>
				<height>240</height>
				<texturesliderbackground border="0,14,0,14">ScrollBarV.png</texturesliderbackground>
				<texturesliderbar border="0,14,0,14">ScrollBarV_bar.png</texturesliderbar>
				<texturesliderbarfocus border="0,14,0,14">ScrollBarV_bar_focus.png</texturesliderbarfocus>
				<textureslidernib>ScrollBarNib.png</textureslidernib>
				<textureslidernibfocus>ScrollBarNib.png</textureslidernibfocus>
				<onleft>4</onleft>
				<onright>3</onright>
				<showonepage>false</showonepage>
				<orientation>vertical</orientation>
			</control>
			<control type="label">
				<description>Scanning Options Header</description>
				<posx>30</posx>
				<posy>355</posy>
				<width>740</width>
				<height>30</height>
				<font>font12caps</font>
				<label>$LOCALIZE[31314]</label>
				<align>center</align>
				<aligny>center</aligny>
				<textcolor>blue</textcolor>
				<shadowcolor>black</shadowcolor>
			</control>
			<control type="grouplist" id="5">
				<description>control area</description>
				<posx>30</posx>
				<posy>390</posy>
				<width>740</width>
				<height>200</height>
				<itemgap>-1</itemgap>
				<onup>3</onup>
				<ondown>28</ondown>
				<onleft>5</onleft>
				<onright>5</onright>
			</control>
			<control type="button" id="7">
				<description>Default Button</description>
				<posx>0</posx>
				<posy>0</posy>
				<height>40</height>
				<font>font13</font>
				<texturefocus>MenuItemFO.png</texturefocus>
				<texturenofocus>MenuItemNF.png</texturenofocus>
			</control>
			<control type="radiobutton" id="8">
				<description>Default RadioButton</description>
				<posx>0</posx>
				<posy>0</posy>
				<height>40</height>
				<font>font13</font>
				<texturefocus>MenuItemFO.png</texturefocus>
				<texturenofocus>MenuItemNF.png</texturenofocus>
			</control>
			<control type="group" id="9001">
				<posy>615</posy>
				<control type="button" id="28">
					<description>OK Button</description>
					<posx>300</posx>
					<posy>0</posy>
					<width>200</width>
					<height>40</height>
					<align>center</align>
					<aligny>center</aligny>
					<texturenofocus border="5">MenuItemNF.png</texturenofocus>
					<texturefocus border="5">button-focus.png</texturefocus>
					<font>font12caps_title</font>
					<label>186</label>
					<onleft>6</onleft>
					<onright>29</onright>
					<onup>30</onup>
					<ondown>3</ondown>
				</control>
				<control type="button" id="29">
					<description>Cancel Button</description>
					<posx>510</posx>
					<posy>0</posy>
					<width>200</width>
					<height>40</height>
					<align>center</align>
					<aligny>center</aligny>
					<texturenofocus border="5">MenuItemNF.png</texturenofocus>
					<texturefocus border="5">button-focus.png</texturefocus>
					<font>font12caps_title</font>
					<label>222</label>
					<onleft>28</onleft>
					<onright>6</onright>
					<onup>30</onup>
					<ondown>3</ondown>
				</control>
				<control type="button" id="6">
					<description>Settings Button</description>
					<posx>90</posx>
					<posy>0</posy>
					<width>200</width>
					<height>40</height>
					<align>center</align>
					<aligny>center</aligny>
					<texturenofocus border="5">MenuItemNF.png</texturenofocus>
					<texturefocus border="5">button-focus.png</texturefocus>
					<font>font12caps_title</font>
					<label>5</label>
					<onleft>29</onleft>
					<onright>28</onright>
					<onup>30</onup>
					<ondown>3</ondown>
				</control>
			</control>
		</control>
	</controls>
</window>
