<window id="146">
	<defaultcontrol always="true">9000</defaultcontrol>
	<coordinates>
		<system>1</system>
		<posx>185</posx>
		<posy>60</posy>
	</coordinates>
	<include>dialogeffect</include>
	<controls>
		<control type="group">
			<include>VisibleFadeEffect</include>
			<visible>![Window.isVisible(AddonSettings) | Window.isVisible(TextViewer)]</visible>
			<control type="image">
				<description>background image</description>
				<posx>0</posx>
				<posy>0</posy>
				<width>920</width>
				<height>600</height>
				<texture border="40">DialogBack.png</texture>
			</control>
			<control type="image">
				<posx>260</posx>
				<posy>10</posy>
				<width>620</width>
				<height>578</height>
				<texture border="5">black-back2.png</texture>
			</control>
			<control type="image">
				<posx>260</posx>
				<posy>10</posy>
				<width>610</width>
				<height>100</height>
				<aspectratio>stretch</aspectratio>
				<texture>GlassTitleBar.png</texture>
			</control>
			<control type="button">
				<description>Close Window button</description>
				<posx>810</posx>
				<posy>9</posy>
				<width>64</width>
				<height>32</height>
				<label>-</label>
				<font>-</font>
				<onclick>PreviousMenu</onclick>
				<texturefocus>DialogCloseButton-focus.png</texturefocus>
				<texturenofocus>DialogCloseButton.png</texturenofocus>
				<onleft>3</onleft>
				<onright>3</onright>
				<onup>3</onup>
				<ondown>3</ondown>
				<visible>system.getbool(input.enablemouse)</visible>
			</control>
			<control type="label">
				<description>header label</description>
				<posx>280</posx>
				<posy>20</posy>
				<width>580</width>
				<height>30</height>
				<font>font30caps_title</font>
				<label>24003</label>
				<align>left</align>
				<aligny>center</aligny>
				<textcolor>white</textcolor>
				<shadowcolor>black</shadowcolor>
			</control>
			<control type="image">
				<posx>35</posx>
				<posy>40</posy>
				<width>200</width>
				<height>200</height>
				<aspectratio>keep</aspectratio>
				<texture>$INFO[ListItem.Icon]</texture>
			</control>
			<control type="label">
				<description>Addon Title value</description>
				<posx>280</posx>
				<posy>80</posy>
				<width>580</width>
				<height>30</height>
				<align>left</align>
				<aligny>center</aligny>
				<font>font13caps</font>
				<label>[B]$INFO[ListItem.Property(Addon.Name)][/B]</label>
				<textcolor>white</textcolor>
				<scroll>true</scroll>
			</control>
			<control type="group">
				<posx>270</posx>
				<posy>130</posy>
				<control type="label">
					<description>Type txt</description>
					<posx>150</posx>
					<posy>0</posy>
					<width>140</width>
					<height>25</height>
					<label>$LOCALIZE[146]</label>
					<align>right</align>
					<aligny>center</aligny>
					<font>font13_title</font>
					<textcolor>blue</textcolor>
				</control>
				<control type="label">
					<description>Type Value</description>
					<posx>160</posx>
					<posy>0</posy>
					<width>440</width>
					<height>25</height>
					<label fallback="416">$INFO[ListItem.Property(Addon.Type)]</label>
					<align>left</align>
					<aligny>center</aligny>
					<font>font13</font>
					<scroll>true</scroll>
				</control>
				<control type="label">
					<description>Author txt</description>
					<posx>150</posx>
					<posy>30</posy>
					<width>140</width>
					<height>25</height>
					<label>$LOCALIZE[21863]:</label>
					<align>right</align>
					<aligny>center</aligny>
					<font>font13_title</font>
					<textcolor>blue</textcolor>
				</control>
				<control type="label">
					<description>Author Value</description>
					<posx>160</posx>
					<posy>30</posy>
					<width>440</width>
					<height>25</height>
					<label fallback="416">$INFO[ListItem.Property(Addon.Creator)]</label>
					<align>left</align>
					<aligny>center</aligny>
					<font>font13</font>
					<scroll>true</scroll>
				</control>
				<control type="label">
					<description>Version txt</description>
					<posx>150</posx>
					<posy>60</posy>
					<width>140</width>
					<height>25</height>
					<label>$LOCALIZE[24051]</label>
					<align>right</align>
					<aligny>center</aligny>
					<font>font13_title</font>
					<textcolor>blue</textcolor>
				</control>
				<control type="label">
					<description>Version Value</description>
					<posx>160</posx>
					<posy>60</posy>
					<width>440</width>
					<height>25</height>
					<label fallback="416">$INFO[ListItem.Property(Addon.Version)]</label>
					<align>left</align>
					<aligny>center</aligny>
					<font>font13</font>
					<scroll>true</scroll>
				</control>
				<control type="label">
					<description>Rating txt</description>
					<posx>150</posx>
					<posy>90</posy>
					<width>140</width>
					<height>25</height>
					<label>$LOCALIZE[563]:</label>
					<align>right</align>
					<aligny>center</aligny>
					<font>font13_title</font>
					<textcolor>blue</textcolor>
				</control>
				<control type="image">
					<description>Rating value</description>
					<posx>160</posx>
					<posy>90</posy>
					<width>160</width>
					<height>32</height>
					<texture>LeftRating/$INFO[ListItem.Property(Addon.Rating)]</texture>
				</control>
				<control type="label">
					<description>Summary txt</description>
					<posx>150</posx>
					<posy>120</posy>
					<width>140</width>
					<height>25</height>
					<label>$LOCALIZE[20037]:</label>
					<align>right</align>
					<aligny>center</aligny>
					<font>font13_title</font>
					<textcolor>blue</textcolor>
				</control>
				<control type="fadelabel">
					<description>Summary Value</description>
					<posx>160</posx>
					<posy>120</posy>
					<width>440</width>
					<height>25</height>
					<label fallback="416">$INFO[ListItem.Property(Addon.Summary)]</label>
					<align>left</align>
					<aligny>center</aligny>
					<font>font13</font>
					<scrollout>false</scrollout>
					<pauseatend>2000</pauseatend>
				</control>
				<control type="image">
					<posx>0</posx>
					<posy>160</posy>
					<width>600</width>
					<height>4</height>
					<texture>separator.png</texture>
				</control>
				<control type="label">
					<description>Description txt</description>
					<posx>0</posx>
					<posy>170</posy>
					<width>300</width>
					<height>25</height>
					<label>$LOCALIZE[21821]</label>
					<align>left</align>
					<aligny>center</aligny>
					<font>font13</font>
					<textcolor>blue</textcolor>
				</control>
				<control type="group">
					<visible>!IsEmpty(ListItem.Property(Addon.Disclaimer))</visible>
					<control type="label">
						<description>Description Page Count</description>
						<posx>600</posx>
						<posy>170</posy>
						<width>300</width>
						<height>25</height>
						<label>$INFO[Container(400).CurrentPage, $LOCALIZE[31024] [COLOR=blue]([/COLOR]]$INFO[Container(400).NumPages,/,[COLOR=blue])[/COLOR]]</label>
						<align>right</align>
						<aligny>center</aligny>
						<font>font12</font>
						<textcolor>grey</textcolor>
					</control>
					<control type="textbox" id="400">
						<description>Description</description>
						<posx>10</posx>
						<posy>195</posy>
						<width>580</width>
						<height>160</height>
						<font>font12</font>
						<align>-</align>
						<textcolor>white</textcolor>
						<label>$INFO[ListItem.Property(Addon.Description)]</label>
						<pagecontrol>60</pagecontrol>
					</control>
					<control type="scrollbar" id="60">
						<posx>610</posx>
						<posy>190</posy>
						<width>25</width>
						<height>175</height>
						<texturesliderbackground border="0,14,0,14">ScrollBarV.png</texturesliderbackground>
						<texturesliderbar border="0,14,0,14">ScrollBarV_bar.png</texturesliderbar>
						<texturesliderbarfocus border="0,14,0,14">ScrollBarV_bar_focus.png</texturesliderbarfocus>
						<textureslidernib>ScrollBarNib.png</textureslidernib>
						<textureslidernibfocus>ScrollBarNib.png</textureslidernibfocus>
						<onleft>9000</onleft>
						<onright>61</onright>
						<showonepage>false</showonepage>
						<orientation>vertical</orientation>
					</control>
					<control type="label">
						<description>Disclaimer txt</description>
						<posx>0</posx>
						<posy>370</posy>
						<width>600</width>
						<height>25</height>
						<label>$LOCALIZE[24052]</label>
						<align>left</align>
						<aligny>center</aligny>
						<font>font13</font>
						<textcolor>orange</textcolor>
					</control>
					<control type="textbox">
						<description>Disclaimer</description>
						<posx>10</posx>
						<posy>395</posy>
						<width>580</width>
						<height>40</height>
						<font>font12</font>
						<align>-</align>
						<textcolor>white</textcolor>
						<label>$INFO[ListItem.Property(Addon.Disclaimer)]</label>
						<autoscroll time="2000" delay="3000" repeat="5000">true</autoscroll>
					</control>
				</control>
				<control type="group">
					<visible>IsEmpty(ListItem.Property(Addon.Disclaimer))</visible>
					<control type="label">
						<description>Description Page Count</description>
						<posx>600</posx>
						<posy>170</posy>
						<width>300</width>
						<height>25</height>
						<label>$INFO[Container(401).CurrentPage, $LOCALIZE[31024] [COLOR=blue]([/COLOR]]$INFO[Container(401).NumPages,/,[COLOR=blue])[/COLOR]]</label>
						<align>right</align>
						<aligny>center</aligny>
						<font>font12</font>
						<textcolor>grey</textcolor>
					</control>
					<control type="textbox" id="401">
						<description>Description</description>
						<posx>10</posx>
						<posy>195</posy>
						<width>580</width>
						<height>250</height>
						<font>font12</font>
						<align>-</align>
						<textcolor>white</textcolor>
						<label>$INFO[ListItem.Property(Addon.Description)]</label>
						<pagecontrol>61</pagecontrol>
					</control>
					<control type="scrollbar" id="61">
						<posx>610</posx>
						<posy>190</posy>
						<width>25</width>
						<height>250</height>
						<texturesliderbackground border="0,14,0,14">ScrollBarV.png</texturesliderbackground>
						<texturesliderbar border="0,14,0,14">ScrollBarV_bar.png</texturesliderbar>
						<texturesliderbarfocus border="0,14,0,14">ScrollBarV_bar_focus.png</texturesliderbarfocus>
						<textureslidernib>ScrollBarNib.png</textureslidernib>
						<textureslidernibfocus>ScrollBarNib.png</textureslidernibfocus>
						<onleft>60</onleft>
						<onright>9000</onright>
						<showonepage>false</showonepage>
						<orientation>vertical</orientation>
					</control>
				</control>
			</control>
			<control type="group" id="9000">
				<posx>10</posx>
				<posy>280</posy>
				<control type="button" id ="6">
					<description>Enable Addon button</description>
					<posx>0</posx>
					<posy>0</posy>
					<width>255</width>
					<height>51</height>
					<textoffsetx>20</textoffsetx>
					<label>24022</label>
					<font>font13caps_title</font>
					<align>right</align>
					<texturenofocus border="5">MenuItemNF.png</texturenofocus>
					<texturefocus border="5">MenuItemFO.png</texturefocus>
					<onleft>60</onleft>
					<onright>60</onright>
					<onup>10</onup>
					<ondown>7</ondown>
				</control>
				<control type="button" id="7">
					<description>Disable Addon button</description>
					<posx>0</posx>
					<posy>50</posy>
					<width>255</width>
					<height>51</height>
					<textoffsetx>20</textoffsetx>
					<label>24021</label>
					<font>font13caps_title</font>
					<align>right</align>
					<texturenofocus border="5">MenuItemNF.png</texturenofocus>
					<texturefocus border="5">MenuItemFO.png</texturefocus>
					<onleft>60</onleft>
					<onright>60</onright>
					<onup>6</onup>
					<ondown>9</ondown>
				</control>
				<control type="button" id="9">
					<description>Addon Settings</description>
					<posx>0</posx>
					<posy>100</posy>
					<width>255</width>
					<height>51</height>
					<textoffsetx>20</textoffsetx>
					<label>24020</label>
					<font>font13caps_title</font>
					<align>right</align>
					<texturenofocus border="5">MenuItemNF.png</texturenofocus>
					<texturefocus border="5">MenuItemFO.png</texturefocus>
					<onleft>60</onleft>
					<onright>60</onright>
					<onup>7</onup>
					<ondown>8</ondown>
				</control>
				<control type="button" id="8">
					<description>Update Addon button</description>
					<posx>0</posx>
					<posy>150</posy>
					<width>255</width>
					<height>51</height>
					<textoffsetx>20</textoffsetx>
					<label>24069</label>
					<font>font13caps_title</font>
					<align>right</align>
					<texturenofocus border="5">MenuItemNF.png</texturenofocus>
					<texturefocus border="5">MenuItemFO.png</texturefocus>
					<onleft>60</onleft>
					<onright>60</onright>
					<onup>9</onup>
					<ondown>10</ondown>
				</control>
				<control type="button" id="10">
					<description>Changelog button</description>
					<posx>0</posx>
					<posy>200</posy>
					<width>255</width>
					<height>51</height>
					<textoffsetx>20</textoffsetx>
					<label>24036</label>
					<font>font13caps_title</font>
					<align>right</align>
					<texturenofocus border="5">MenuItemNF.png</texturenofocus>
					<texturefocus border="5">MenuItemFO.png</texturefocus>
					<onleft>60</onleft>
					<onright>60</onright>
					<onup>8</onup>
					<ondown>6</ondown>
				</control>
			</control>
		</control>
	</controls>
</window>
