<window id="29">
	<defaultcontrol always="true">52</defaultcontrol>
	<allowoverlay>no</allowoverlay>
	<coordinates>
		<system>1</system>
		<posx>0</posx>
		<posy>0</posy>
	</coordinates>
	<controls>
		<control type="multiimage">
			<posx>0</posx>
			<posy>0</posy>
			<width>1280</width>
			<height>720</height>
			<imagepath fallback="special://skin/backgrounds/shutdown.jpg" background="true">$INFO[Skin.String(Home_Custom_Back_Shutdown_Folder)]</imagepath>
			<timeperimage>10000</timeperimage>
			<randomize>true</randomize>
			<fadetime>1000</fadetime>
			<animation effect="fade" time="400">WindowClose</animation>
		</control>
		<control type="group">
			<animation effect="slide" end="455,0" time="400" tween="quadratic" easing="out">WindowClose</animation>
			<animation effect="slide" start="455,0" time="400" tween="quadratic" easing="out">WindowOpen</animation>
			<control type="image">
				<posx>825</posx>
				<posy>0</posy>
				<width>846</width>
				<height>720</height>
				<colordiffuse>EEFFFFFF</colordiffuse>
				<texture flipx="true">HomeBlade.png</texture>
			</control>
			<control type="image">
				<posx>900</posx>
				<posy>270</posy>
				<width>200</width>
				<height>200</height>
				<bordertexture border="12">ThumbBorder.png</bordertexture>
				<bordersize>10</bordersize>
				<texture>$INFO[Container(52).ListItem.Icon]</texture>
			</control>
		</control>
		<control type="group">
			<animation effect="slide" end="-820,0" time="400" tween="quadratic" easing="out">WindowClose</animation>
			<animation effect="slide" start="-450,0" time="400" tween="quadratic" easing="out" condition="Window.Previous(home)">WindowOpen</animation>
			<animation effect="slide" start="-846,0" time="400" tween="quadratic" easing="out" condition="!Window.Previous(home)">WindowOpen</animation>
			<control type="group" id="9001">
				<posx>600</posx>
				<posy>0</posy>
				<control type="image">
					<posx>0</posx>
					<posy>0</posy>
					<width>240</width>
					<height>720</height>
					<texture>HomeBladeSub.png</texture>
				</control>
				<control type="image">
					<posx>105</posx>
					<posy>290</posy>
					<width>120</width>
					<height>50</height>
					<texture>MediaStreamLogo.png</texture>
				</control>
				<control type="grouplist" id="9013">
					<posx>10</posx>
					<posy>355</posy>
					<width>240</width>
					<height>550</height>
					<onleft>52</onleft>
					<onright>9013</onright>
					<onup>9013</onup>
					<ondown>9013</ondown>
					<itemgap>0</itemgap>
					<control type="button" id="101">
						<include>ButtonHomeSubCommonValues</include>
						<label>13005</label>
						<onclick>XBMC.Shutdown()</onclick>
						<visible>System.CanPowerdown</visible>
					</control>
					<control type="button" id="102">
						<include>ButtonHomeSubCommonValues</include>
						<label>13011</label>
						<onclick>SetFocus(9000)</onclick>
						<onclick>XBMC.Suspend()</onclick>
						<visible>System.CanSuspend</visible>
					</control>
					<control type="button" id="103">
						<include>ButtonHomeSubCommonValues</include>
						<label>13010</label>
						<onclick>SetFocus(9000)</onclick>
						<onclick>XBMC.Hibernate()</onclick>
						<visible>System.CanHibernate</visible>
					</control>
					<control type="button" id="104">
						<include>ButtonHomeSubCommonValues</include>
						<label>13012</label>
						<onclick>XBMC.Quit()</onclick>
					</control>
				</control>
			</control>
			<control type="group">
				<animation effect="slide" end="-224,0" time="300" tween="quadratic" easing="out" condition="ControlGroup(9001).HasFocus">Conditional</animation>
				<animation effect="slide" start="0,0" end="224,0" time="300" tween="quadratic" easing="out" condition="ControlGroup(9001).HasFocus">WindowClose</animation>
				<control type="image">
					<posx>0</posx>
					<posy>0</posy>
					<width>846</width>
					<height>720</height>
					<texture>HomeBlade.png</texture>
				</control>
				<control type="fixedlist" id="52">
					<posx>230</posx>
					<posy>0</posy>
					<width>600</width>
					<height>720</height>
					<onleft>10</onleft>
					<onright>101</onright>
					<onup>9000</onup>
					<ondown>9000</ondown>
					<pagecontrol>-</pagecontrol>
					<scrolltime>300</scrolltime>
					<focusposition>2</focusposition>
					<animation effect="fade" start="0" end="100" time="200">Visible</animation>
					<animation effect="fade" start="100" end="15" time="200" condition="!Control.HasFocus(52)">conditional</animation>
					<itemlayout height="144" width="580">
						<control type="label">
							<posx>580</posx>
							<posy>60</posy>
							<width>580</width>
							<height>40</height>
							<font>font30caps_title</font>
							<textcolor>grey3</textcolor>
							<align>right</align>
							<aligny>center</aligny>
							<label>$INFO[ListItem.Label]</label>
						</control>
					</itemlayout>
					<focusedlayout height="144" width="580">
						<control type="label">
							<posx>580</posx>
							<posy>30</posy>
							<width>580</width>
							<height>35</height>
							<font>font16caps</font>
							<textcolor>white</textcolor>
							<selectedcolor>white</selectedcolor>
							<align>right</align>
							<aligny>center</aligny>
							<label>$LOCALIZE[31316]</label>
							<visible>!Skin.HasSetting(HideHomeMenuLabel2)</visible>
						</control>
						<control type="label">
							<posx>580</posx>
							<posy>60</posy>
							<width>580</width>
							<height>45</height>
							<font>font50caps_title</font>
							<textcolor>white</textcolor>
							<selectedcolor>selected</selectedcolor>
							<align>right</align>
							<aligny>center</aligny>
							<label>$INFO[ListItem.Label]</label>
						</control>
						<control type="label">
							<posx>560</posx>
							<posy>100</posy>
							<width>580</width>
							<height>35</height>
							<font>font12caps</font>
							<textcolor>grey2</textcolor>
							<selectedcolor>grey2</selectedcolor>
							<align>right</align>
							<aligny>center</aligny>
							<label>$INFO[ListItem.Label2]</label>
						</control>
						<control type="image">
							<posx>575</posx>
							<posy>109</posy>
							<width>18</width>
							<height>18</height>
							<aspectratio>keep</aspectratio>
							<texture>HomeHasSub.png</texture>
						</control>
					</focusedlayout>
				</control>
				<control type="image">
					<posx>0</posx>
					<posy>0</posy>
					<width>846</width>
					<height>720</height>
					<texture diffuse="HomeMenuDiffuse.png">HomeBlade.png</texture>
				</control>
			</control>
		</control>
		<include>BehindDialogFadeOut</include>
		<include>Clock</include>
	</controls>
</window>
