<window id="20">
	<defaultcontrol always="true">2</defaultcontrol>
	<allowoverlay>no</allowoverlay>
	<controls>
		<include>CommonSettingsBackground</include>
		<control type="group">
			<posx>90</posx>
			<posy>50</posy>
			<animation effect="fade" time="200">WindowOpen</animation>
			<animation effect="fade" time="300">WindowClose</animation>
			<control type="image">
				<posx>0</posx>
				<posy>0</posy>
				<width>1100</width>
				<height>640</height>
				<texture border="20">Dialogback.png</texture>
			</control>
			<control type="image">
				<posx>125</posx>
				<posy>30</posy>
				<width>120</width>
				<height>50</height>
				<texture>MediaStreamLogo.png</texture>
			</control>
			<control type="button" id ="4">
				<description>Enable Login screen</description>
				<posx>10</posx>
				<posy>90</posy>
				<width>250</width>
				<height>80</height>
				<textoffsety>13</textoffsety>
				<label>20096</label>
				<font>font24caps_title</font>
				<align>right</align>
				<aligny>top</aligny>
				<texturenofocus border="5">MenuItemNF.png</texturenofocus>
				<texturefocus border="5">MenuItemFO.png</texturefocus>
				<onleft>2</onleft>
				<onright>2</onright>
				<onup>4</onup>
				<ondown>4</ondown>
				<enable>!Window.IsVisible(ProfileSettings)</enable>
			</control>
			<control type="label">
				<posx>250</posx>
				<posy>135</posy>
				<width>240</width>
				<height>25</height>
				<font>font13caps</font>
				<textcolor>grey2</textcolor>
				<align>right</align>
				<aligny>center</aligny>
				<label>305</label>
				<visible>System.HasLoginScreen</visible>
			</control>
			<control type="label">
				<posx>250</posx>
				<posy>135</posy>
				<width>240</width>
				<height>25</height>
				<font>font13caps</font>
				<textcolor>grey2</textcolor>
				<align>right</align>
				<aligny>center</aligny>
				<label>1223</label>
				<visible>!System.HasLoginScreen</visible>
			</control>
			<control type="group">
				<posx>20</posx>
				<posy>210</posy>
				<control type="image">
					<posx>0</posx>
					<posy>0</posy>
					<width>240</width>
					<height>200</height>
					<aspectratio>keep</aspectratio>
					<bordertexture border="12">ThumbBorder.png</bordertexture>
					<bordersize>10</bordersize>
					<texture fallback="unknown-user.png">$INFO[Container(2).Listitem.Icon]</texture>
				</control>
				<control type="label">
					<posx>0</posx>
					<posy>220</posy>
					<width>240</width>
					<height>20</height>
					<font>font12caps_title</font>
					<textcolor>blue</textcolor>
					<align>center</align>
					<aligny>center</aligny>
					<label>$LOCALIZE[31319]</label>
				</control>
				<control type="label">
					<posx>0</posx>
					<posy>245</posy>
					<width>240</width>
					<height>20</height>
					<font>font13caps</font>
					<textcolor>white</textcolor>
					<align>center</align>
					<aligny>center</aligny>
					<label>$INFO[Container(2).ListItem.Label]</label>
				</control>
				<control type="label">
					<posx>0</posx>
					<posy>280</posy>
					<width>240</width>
					<height>30</height>
					<font>font12caps_title</font>
					<textcolor>blue</textcolor>
					<align>center</align>
					<aligny>center</aligny>
					<label>$LOCALIZE[31320]</label>
				</control>
				<control type="label">
					<posx>0</posx>
					<posy>305</posy>
					<width>240</width>
					<height>30</height>
					<font>font13caps</font>
					<textcolor>white</textcolor>
					<align>center</align>
					<aligny>center</aligny>
					<label fallback="13170">$INFO[Container(2).ListItem.Label2]</label>
				</control>
			</control>
			<control type="image">
				<posx>268</posx>
				<posy>10</posy>
				<width>790</width>
				<height>618</height>
				<texture border="5">black-back2.png</texture>
			</control>
			<control type="image">
				<posx>268</posx>
				<posy>10</posy>
				<width>804</width>
				<height>70</height>
				<aspectratio>stretch</aspectratio>
				<texture>GlassTitleBar.png</texture>
			</control>
			<control type="label">
				<description>header label</description>
				<posx>300</posx>
				<posy>20</posy>
				<width>740</width>
				<height>30</height>
				<font>font30caps_title</font>
				<label>$LOCALIZE[10034]</label>
				<align>left</align>
				<aligny>center</aligny>
				<textcolor>white</textcolor>
				<shadowcolor>black</shadowcolor>
			</control>
			<control type="panel" id="2">
				<posx>283</posx>
				<posy>70</posy>
				<width>760</width>
				<height>540</height>
				<onleft>4</onleft>
				<onright>60</onright>
				<onup>53</onup>
				<ondown>53</ondown>
				<viewtype label="21371">list</viewtype>
				<pagecontrol>60</pagecontrol>
				<scrolltime>200</scrolltime>
				<itemlayout height="180" width="190">
					<control type="image">
						<posx>1</posx>
						<posy>0</posy>
						<width>188</width>
						<height>145</height>
						<bordertexture border="5">button-nofocus.png</bordertexture>
						<bordersize>5</bordersize>
						<texture fallback="unknown-user.png">$INFO[Listitem.Icon]</texture>
					</control>
					<control type="label">
						<posx>94</posx>
						<posy>145</posy>
						<width>178</width>
						<height>25</height>
						<font>font11</font>
						<textcolor>grey2</textcolor>
						<selectedcolor>selected</selectedcolor>
						<align>center</align>
						<aligny>center</aligny>
						<info>ListItem.Label</info>
					</control>
				</itemlayout>
				<focusedlayout height="180" width="190">
					<control type="image">
						<posx>1</posx>
						<posy>0</posy>
						<width>188</width>
						<height>145</height>
						<bordertexture border="5">folder-focus.png</bordertexture>
						<bordersize>5</bordersize>
						<texture fallback="unknown-user.png">$INFO[Listitem.Icon]</texture>
					</control>
					<control type="label">
						<posx>94</posx>
						<posy>145</posy>
						<width>178</width>
						<height>25</height>
						<font>font11</font>
						<textcolor>white</textcolor>
						<selectedcolor>selected</selectedcolor>
						<align>center</align>
						<aligny>center</aligny>
						<info>ListItem.Label</info>
					</control>
				</focusedlayout>
			</control>
			<control type="scrollbar" id="60">
				<posx>1060</posx>
				<posy>60</posy>
				<width>25</width>
				<height>530</height>
				<texturesliderbackground border="0,14,0,14">ScrollBarV.png</texturesliderbackground>
				<texturesliderbar border="0,14,0,14">ScrollBarV_bar.png</texturesliderbar>
				<texturesliderbarfocus border="0,14,0,14">ScrollBarV_bar_focus.png</texturesliderbarfocus>
				<textureslidernib>ScrollBarNib.png</textureslidernib>
				<textureslidernibfocus>ScrollBarNib.png</textureslidernibfocus>
				<onleft>2</onleft>
				<onright>4</onright>
				<showonepage>false</showonepage>
				<orientation>vertical</orientation>
			</control>
		</control>
		<include>BehindDialogFadeOut</include>
		<control type="image">
			<posx>-820</posx>
			<posy>0</posy>
			<width>846</width>
			<height>720</height>
			<texture>HomeBlade.png</texture>
		</control>
		<control type="image">
			<posx>26r</posx>
			<posy>0</posy>
			<width>846</width>
			<height>720</height>
			<texture flipx="true">HomeBlade.png</texture>
		</control>
		<include>Clock</include>
	</controls>
</window>