<includes>
	<include name="VideoOSDBackground">
		<control type="image">
			<description>media info background image</description>
			<posx>0</posx>
			<posy>0</posy>
			<width>400</width>
			<height>720</height>
			<texture border="0,0,20,0">VisOsdPanel.png</texture>
		</control>
		<control type="group">
			<visible>!VideoPlayer.Content(Movies) + !VideoPlayer.Content(Episodes)</visible>
			<control type="image">
				<description>cover image</description>
				<posx>20</posx>
				<posy>30</posy>
				<width>350</width>
				<height>350</height>
				<texture>$INFO[VideoPlayer.cover]</texture>
				<aspectratio aligny="bottom">keep</aspectratio>
				<bordertexture border="8">ThumbShadow.png</bordertexture>
				<bordersize>8</bordersize>
			</control>
			<control type="image">
				<description>cover image</description>
				<posx>28</posx>
				<posy>370</posy>
				<width>334</width>
				<height>334</height>
				<texture flipy="true" diffuse="diffuse_mirror2.png">$INFO[VideoPlayer.cover]</texture>
				<aspectratio aligny="top">keep</aspectratio>
			</control>
			<control type="label">
				<posx>10</posx>
				<posy>400</posy>
				<width>370</width>
				<height>25</height>
				<label>$LOCALIZE[31040]</label>
				<align>left</align>
				<aligny>center</aligny>
				<font>font12caps_title</font>
				<textcolor>blue</textcolor>
				<shadowcolor>black</shadowcolor>
			</control>
			<control type="label">
				<posx>10</posx>
				<posy>430</posy>
				<width>360</width>
				<height>25</height>
				<label>$INFO[VideoPlayer.Title]</label>
				<scroll>true</scroll>
				<align>center</align>
				<aligny>top</aligny>
				<font>font24caps_title</font>
				<textcolor>white</textcolor>
				<shadowcolor>black</shadowcolor>
				<wrapmultiline>true</wrapmultiline>
			</control>
		</control>
		<control type="group">
			<visible>VideoPlayer.Content(Movies)</visible>
			<control type="image">
				<description>cover image</description>
				<posx>10</posx>
				<posy>20</posy>
				<width>370</width>
				<height>370</height>
				<texture>$INFO[VideoPlayer.cover]</texture>
				<aspectratio aligny="bottom">keep</aspectratio>
				<bordertexture border="8">ThumbShadow.png</bordertexture>
				<bordersize>8</bordersize>
			</control>
			<control type="image">
				<description>cover image</description>
				<posx>18</posx>
				<posy>380</posy>
				<width>354</width>
				<height>354</height>
				<texture flipy="true" diffuse="diffuse_mirror2.png">$INFO[VideoPlayer.cover]</texture>
				<aspectratio aligny="top">keep</aspectratio>
			</control>
			<control type="label">
				<posx>10</posx>
				<posy>400</posy>
				<width>370</width>
				<height>25</height>
				<label>$LOCALIZE[31040]</label>
				<align>left</align>
				<aligny>center</aligny>
				<font>font12caps_title</font>
				<textcolor>blue</textcolor>
				<shadowcolor>black</shadowcolor>
			</control>
			<control type="label">
				<posx>10</posx>
				<posy>430</posy>
				<width>360</width>
				<height>25</height>
				<label>$INFO[VideoPlayer.Title]</label>
				<scroll>true</scroll>
				<align>center</align>
				<aligny>top</aligny>
				<font>font24caps_title</font>
				<textcolor>white</textcolor>
				<shadowcolor>black</shadowcolor>
				<wrapmultiline>true</wrapmultiline>
			</control>
		</control>
		<control type="group">
			<visible>VideoPlayer.Content(Episodes)</visible>
			<control type="label">
				<posx>10</posx>
				<posy>30</posy>
				<width>360</width>
				<height>25</height>
				<label>$INFO[VideoPlayer.TVShowTitle]</label>
				<scroll>true</scroll>
				<align>center</align>
				<aligny>top</aligny>
				<font>font24caps_title</font>
				<textcolor>white</textcolor>
				<shadowcolor>black</shadowcolor>
				<wrapmultiline>true</wrapmultiline>
			</control>
			<control type="image">
				<description>cover image</description>
				<posx>10</posx>
				<posy>80</posy>
				<width>370</width>
				<height>270</height>
				<texture>$INFO[VideoPlayer.cover]</texture>
				<aspectratio aligny="bottom">keep</aspectratio>
				<bordertexture border="8">ThumbShadow.png</bordertexture>
				<bordersize>8</bordersize>
			</control>
			<control type="image">
				<description>cover image</description>
				<posx>18</posx>
				<posy>342</posy>
				<width>354</width>
				<height>270</height>
				<texture flipy="true" diffuse="diffuse_mirror2.png">$INFO[VideoPlayer.cover]</texture>
				<aspectratio aligny="top">keep</aspectratio>
			</control>
			<control type="label">
				<posx>10</posx>
				<posy>400</posy>
				<width>370</width>
				<height>25</height>
				<label>$LOCALIZE[31040]</label>
				<align>left</align>
				<aligny>center</aligny>
				<font>font12caps_title</font>
				<textcolor>blue</textcolor>
				<shadowcolor>black</shadowcolor>
			</control>
			<control type="label">
				<posx>10</posx>
				<posy>430</posy>
				<width>360</width>
				<height>25</height>
				<label>$INFO[VideoPlayer.Title]</label>
				<scroll>true</scroll>
				<align>center</align>
				<aligny>top</aligny>
				<font>font24caps_title</font>
				<textcolor>white</textcolor>
				<shadowcolor>black</shadowcolor>
				<wrapmultiline>true</wrapmultiline>
			</control>
		</control>
		<control type="group">
			<posx>135</posx>
			<posy>510</posy>
			<control type="image">
				<posx>0</posx>
				<posy>0</posy>
				<width>260</width>
				<height>36</height>
				<texture border="0,0,20,0">TitleBG.png</texture>
			</control>
			<control type="button" id="90">
				<posx>0</posx>
				<posy>8</posy>
				<width>245</width>
				<height>15</height>
				<align>right</align>
				<aligny>top</aligny>
				<textoffsetx>35</textoffsetx>
				<textwidth>350</textwidth>
				<textoffsety>-5</textoffsety>
				<label>$LOCALIZE[544]</label>
				<font>font12caps</font>
				<textcolor>grey2</textcolor>
				<focusedcolor>blue</focusedcolor>
				<texturefocus border="0,0,31,0">Chevrons_Blue.png</texturefocus>
				<texturenofocus border="0,0,31,0">Chevrons.png</texturenofocus>
				<onleft>91</onleft>
				<onright>91</onright>
				<onup>200</onup>
				<ondown>100</ondown>
				<enable>VideoPlayer.Content(Movies) | VideoPlayer.Content(Episodes) | VideoPlayer.Content(MusicVideos) | VideoPlayer.Content(LiveTV)</enable>
			</control>
		</control>
		<control type="label">
			<posx>370</posx>
			<posy>640</posy>
			<width>360</width>
			<height>25</height>
			<label>$LOCALIZE[31053] : $INFO[Player.FinishTime]</label>
			<align>right</align>
			<aligny>center</aligny>
			<font>font12caps_title</font>
			<textcolor>grey2</textcolor>
			<shadowcolor>black</shadowcolor>
		</control>
		<control type="progress">
			<description>Progressbar</description>
			<posx>15</posx>
			<posy>665</posy>
			<width>360</width>
			<height>14</height>
			<info>Player.Progress</info>
		</control>
		<control type="label">
			<posx>10</posx>
			<posy>680</posy>
			<width>375</width>
			<height>25</height>
			<label>$INFO[Player.Time]</label>
			<align>left</align>
			<aligny>center</aligny>
			<font>font24caps_title</font>
			<textcolor>grey2</textcolor>
			<shadowcolor>black</shadowcolor>
		</control>
		<control type="label">
			<posx>375</posx>
			<posy>680</posy>
			<width>370</width>
			<height>25</height>
			<label>$INFO[Player.Duration]</label>
			<align>right</align>
			<aligny>center</aligny>
			<font>font24caps_title</font>
			<textcolor>grey2</textcolor>
			<shadowcolor>black</shadowcolor>
		</control>
	</include>
	<include name="VideoOSDInfo">
		<control type="image">
			<description>media info background image</description>
			<posx>0</posx>
			<posy>0</posy>
			<width>600</width>
			<height>720</height>
			<texture border="20,0,0,0" flipx="true">VisOsdPanel.png</texture>
		</control>
		<control type="label">
			<description>header label</description>
			<posx>580</posx>
			<posy>60</posy>
			<width>550</width>
			<height>30</height>
			<font>font30caps_title</font>
			<label>$LOCALIZE[20159]</label>
			<align>right</align>
			<aligny>center</aligny>
			<textcolor>white</textcolor>
			<shadowcolor>black</shadowcolor>
		</control>
		<control type="label">
			<description>header label2</description>
			<posx>30</posx>
			<posy>120</posy>
			<width>550</width>
			<height>30</height>
			<font>font13caps_title</font>
			<label>$LOCALIZE[31052]</label>
			<align>left</align>
			<aligny>center</aligny>
			<textcolor>white</textcolor>
			<shadowcolor>black</shadowcolor>
		</control>
		<control type="textbox">
			<posx>30</posx>
			<posy>150</posy>
			<width>550</width>
			<height>140</height>
			<label>$INFO[VideoPlayer.Season,· $LOCALIZE[20373] : ,[CR]]$INFO[VideoPlayer.Episode,· $LOCALIZE[20359] : ,[CR]]$INFO[VideoPlayer.Studio,· $LOCALIZE[572] : ,[CR]]$INFO[VideoPlayer.Director,· $LOCALIZE[20339] : ,[CR]]$INFO[VideoPlayer.Year,· $LOCALIZE[345] : ,[CR]]$INFO[VideoPlayer.RatingAndVotes,· $LOCALIZE[563] : ,[CR]]</label>
			<align>left</align>
			<aligny>top</aligny>
			<font>font13caps</font>
			<textcolor>white</textcolor>
			<shadowcolor>black</shadowcolor>
		</control>
		<control type="grouplist">
			<description>Media Codec Flagging Images</description>
			<posx>30</posx>
			<posy>310</posy>
			<width>550</width>
			<align>center</align>
			<itemgap>0</itemgap>
			<orientation>horizontal</orientation>
			<control type="image">
				<description>Video rez Image</description>
				<width>90</width>
				<height>33</height>
				<aspectratio>keep</aspectratio>
				<texture>$INFO[VideoPlayer.VideoResolution,flagging/video/,.png]</texture>
			</control>
			<control type="image">
				<description>Xvid Codec Image</description>
				<width>90</width>
				<height>33</height>
				<aspectratio>keep</aspectratio>
				<texture>flagging/video/xvid.png</texture>
				<visible>substring(VideoPlayer.VideoCodec,xvid)</visible>
			</control>
			<control type="image">
				<description>Divx Codec Image</description>
				<width>90</width>
				<height>33</height>
				<aspectratio>keep</aspectratio>
				<texture>flagging/video/divx.png</texture>
				<visible>substring(VideoPlayer.VideoCodec,divx) | substring(VideoPlayer.VideoCodec,div3) |substring(VideoPlayer.VideoCodec,div4) | substring(VideoPlayer.VideoCodec,div5)</visible>
			</control>
			<control type="image">
				<description>h264 Codec Image</description>
				<width>90</width>
				<height>33</height>
				<aspectratio>keep</aspectratio>
				<texture>flagging/video/h264.png</texture>
				<visible>substring(VideoPlayer.VideoCodec,h264)</visible>
			</control>
			<control type="image">
				<description>avc1 Codec Image</description>
				<width>90</width>
				<height>33</height>
				<aspectratio>keep</aspectratio>
				<texture>flagging/video/avc1.png</texture>
				<visible>substring(VideoPlayer.VideoCodec,avc1)</visible>
			</control>
			<control type="image">
				<description>wvc1 Codec Image</description>
				<width>90</width>
				<height>33</height>
				<aspectratio>keep</aspectratio>
				<texture>flagging/video/wvc1.png</texture>
				<visible>substring(VideoPlayer.VideoCodec,wvc1)</visible>
			</control>
			<control type="image">
				<description>mpeg1video Codec Image</description>
				<width>90</width>
				<height>33</height>
				<aspectratio>keep</aspectratio>
				<texture>flagging/video/mpeg1video.png</texture>
				<visible>substring(VideoPlayer.VideoCodec,mpeg1video)</visible>
			</control>
			<control type="image">
				<description>mp3 Codec Image</description>
				<width>90</width>
				<height>33</height>
				<aspectratio>keep</aspectratio>
				<texture>flagging/audio/mp3.png</texture>
				<visible>substring(VideoPlayer.AudioCodec,mp3)</visible>
			</control>
			<control type="image">
				<description>dts Codec Image</description>
				<width>90</width>
				<height>33</height>
				<aspectratio>keep</aspectratio>
				<texture>flagging/audio/dts.png</texture>
				<visible>substring(VideoPlayer.AudioCodec,dca)</visible>
			</control>
			<control type="image">
				<description>ac3 Image</description>
				<width>45</width>
				<height>33</height>
				<aspectratio>keep</aspectratio>
				<texture>flagging/audio/ac3.png</texture>
				<visible>substring(VideoPlayer.AudioCodec,ac3) + !substring(VideoPlayer.AudioChannels,6)</visible>
			</control>
			<control type="image">
				<description>aac Image</description>
				<width>45</width>
				<height>33</height>
				<aspectratio>keep</aspectratio>
				<texture>flagging/audio/aac.png</texture>
				<visible>substring(VideoPlayer.AudioCodec,aac)</visible>
			</control>
			<control type="image">
				<description>Dolby Digital Image</description>
				<width>90</width>
				<height>33</height>
				<aspectratio>keep</aspectratio>
				<texture>flagging/audio/dolbydigital.png</texture>
				<visible>substring(VideoPlayer.AudioCodec,ac3) + substring(VideoPlayer.AudioChannels,6)</visible>
			</control>
			<control type="image">
				<description>WMA Pro Codec Image</description>
				<width>90</width>
				<height>33</height>
				<aspectratio>keep</aspectratio>
				<texture>flagging/audio/wmapro.png</texture>
				<visible>substring(VideoPlayer.AudioCodec,wmapro)</visible>
			</control>
			<control type="image">
				<description>Audio Channels Image</description>
				<width>45</width>
				<height>33</height>
				<aspectratio>keep</aspectratio>
				<texture>$INFO[VideoPlayer.AudioChannels,flagging/audio/,.png]</texture>
			</control>
		</control>
		<control type="image">
			<posx>30</posx>
			<posy>350</posy>
			<width>550</width>
			<height>4</height>
			<texture>separator.png</texture>
		</control>
		<control type="label">
			<description>header label3</description>
			<posx>30</posx>
			<posy>360</posy>
			<width>550</width>
			<height>30</height>
			<font>font13caps_title</font>
			<label>$LOCALIZE[207]</label>
			<align>left</align>
			<aligny>center</aligny>
			<textcolor>white</textcolor>
			<shadowcolor>black</shadowcolor>
		</control>
		<control type="textbox">
			<posx>30</posx>
			<posy>390</posy>
			<width>540</width>
			<height>290</height>
			<label>$INFO[VideoPlayer.Plot,· ,]</label>
			<pagecontrol>91</pagecontrol>
			<align>justify</align>
			<aligny>top</aligny>
			<font>font13</font>
			<textcolor>white</textcolor>
			<shadowcolor>black</shadowcolor>
		</control>
		<control type="scrollbar" id="91">
			<posx>570</posx>
			<posy>395</posy>
			<width>25</width>
			<height>290</height>
			<texturesliderbackground border="0,14,0,14">ScrollBarV.png</texturesliderbackground>
			<texturesliderbar border="2,16,2,16">ScrollBarV_bar.png</texturesliderbar>
			<texturesliderbarfocus border="2,16,2,16">ScrollBarV_bar_focus.png</texturesliderbarfocus>
			<textureslidernib>-</textureslidernib>
			<textureslidernibfocus>-</textureslidernibfocus>
			<onleft>90</onleft>
			<onright>90</onright>
			<showonepage>false</showonepage>
			<orientation>vertical</orientation>
		</control>
	</include>
	<include name="VideoOSDButtons">
		<control type="group" id="100">
			<control type="button" id="600">
				<posx>0</posx>
				<posy>0</posy>
				<width>50</width>
				<height>50</height>
				<label>-</label>
				<texturefocus>OSDPrevTrackFO.png</texturefocus>
				<texturenofocus>OSDPrevTrackNF.png</texturenofocus>
				<onleft>605</onleft>
				<onright>601</onright>
				<onup>90</onup>
				<ondown>200</ondown>
				<onclick>PlayerControl(Previous)</onclick>
			</control>
			<control type="button" id="601">
				<posx>50</posx>
				<posy>0</posy>
				<width>50</width>
				<height>50</height>
				<label>-</label>
				<texturefocus>OSDRewindFO.png</texturefocus>
				<texturenofocus>OSDRewindNF.png</texturenofocus>
				<onleft>600</onleft>
				<onright>602</onright>
				<onup>90</onup>
				<ondown>200</ondown>
				<onclick>PlayerControl(Rewind)</onclick>
			</control>
			<control type="button" id="602">
				<posx>100</posx>
				<posy>0</posy>
				<width>50</width>
				<height>50</height>
				<label>-</label>
				<texturefocus>OSDStopFO.png</texturefocus>
				<texturenofocus>OSDStopNF.png</texturenofocus>
				<onleft>601</onleft>
				<onright>603</onright>
				<onup>90</onup>
				<ondown>200</ondown>
				<onclick>down</onclick>
				<onclick>PlayerControl(Stop)</onclick>
			</control>
			<control type="togglebutton" id="603">
				<posx>150</posx>
				<posy>0</posy>
				<width>50</width>
				<height>50</height>
				<label>-</label>
				<texturefocus>OSDPauseFO.png</texturefocus>
				<texturenofocus>OSDPauseNF.png</texturenofocus>
				<usealttexture>Player.Paused | Player.Forwarding | Player.Rewinding</usealttexture>
				<alttexturefocus>OSDPlayFO.png</alttexturefocus>
				<alttexturenofocus>OSDPlayNF.png</alttexturenofocus>
				<onleft>602</onleft>
				<onright>604</onright>
				<onup>90</onup>
				<ondown>200</ondown>
				<onclick>PlayerControl(Play)</onclick>
			</control>
			<control type="button" id="604">
				<posx>200</posx>
				<posy>0</posy>
				<width>50</width>
				<height>50</height>
				<label>-</label>
				<texturefocus>OSDForwardFO.png</texturefocus>
				<texturenofocus>OSDForwardNF.png</texturenofocus>
				<onleft>603</onleft>
				<onright>605</onright>
				<onup>90</onup>
				<ondown>200</ondown>
				<onclick>PlayerControl(Forward)</onclick>
			</control>
			<control type="button" id="605">
				<posx>250</posx>
				<posy>0</posy>
				<width>50</width>
				<height>50</height>
				<label>-</label>
				<texturefocus>OSDNextTrackFO.png</texturefocus>
				<texturenofocus>OSDNextTrackNF.png</texturenofocus>
				<onleft>604</onleft>
				<onright>600</onright>
				<onup>90</onup>
				<ondown>200</ondown>
				<onclick>PlayerControl(Next)</onclick>
			</control>
		</control>
		<control type="group" id="200">
			<posx>25</posx>
			<posy>45</posy>
			<control type="button" id="700">
				<posx>0</posx>
				<posy>0</posy>
				<width>50</width>
				<height>50</height>
				<label>-</label>
				<texturefocus>OSDBookMarksFO.png</texturefocus>
				<texturenofocus>OSDBookMarksNF.png</texturenofocus>
				<onleft>704</onleft>
				<onright>701</onright>
				<onup>100</onup>
				<ondown>90</ondown>
				<onclick>ActivateWindow(125)</onclick>
			</control>
			<control type="button" id="701">
				<posx>50</posx>
				<posy>0</posy>
				<width>50</width>
				<height>50</height>
				<label>-</label>
				<texturefocus>OSDAudioFO.png</texturefocus>
				<texturenofocus>OSDAudioNF.png</texturenofocus>
				<onleft>700</onleft>
				<onright>702</onright>
				<onup>100</onup>
				<ondown>90</ondown>
				<onclick>ActivateWindow(124)</onclick>
			</control>
			<control type="button" id="702">
				<posx>100</posx>
				<posy>0</posy>
				<width>50</width>
				<height>50</height>
				<label>-</label>
				<texturefocus>OSDVideoFO.png</texturefocus>
				<texturenofocus>OSDVideoNF.png</texturenofocus>
				<onleft>701</onleft>
				<onright>703</onright>
				<onup>100</onup>
				<ondown>90</ondown>
				<onclick>ActivateWindow(123)</onclick>
			</control>
			<control type="button" id="703">
				<posx>200</posx>
				<posy>0</posy>
				<width>50</width>
				<height>50</height>
				<label>-</label>
				<texturefocus>OSDDvdFO.png</texturefocus>
				<texturenofocus>OSDDvdNF.png</texturenofocus>
				<onleft>702</onleft>
				<onright>704</onright>
				<onup>100</onup>
				<ondown>90</ondown>
				<onclick>PlayerControl(ShowVideoMenu)</onclick>
				<enable>VideoPlayer.HasMenu</enable>
				<animation effect="fade" start="100" end="30" time="100" condition="!VideoPlayer.HasMenu">Conditional</animation>
			</control>
			<control type="button" id="704">
				<posx>250</posx>
				<posy>0</posy>
				<width>50</width>
				<height>50</height>
				<label>-</label>
				<texturefocus>OSDRecordFO.png</texturefocus>
				<texturenofocus>OSDRecordNF.png</texturenofocus>
				<onleft>703</onleft>
				<onright>700</onright>
				<onup>100</onup>
				<ondown>90</ondown>
				<onclick>XBMC.PlayerControl(record)</onclick>
				<enable>Player.CanRecord</enable>
				<animation effect="fade" start="100" end="30" time="100" condition="!Player.CanRecord">Conditional</animation>
			</control>
		</control>
	</include>
</includes>
