<includes>
	<include name="CommonRootView">
		<control type="group">
			<visible>Control.IsVisible(50)</visible>
			<include>VisibleFadeEffect</include>
			<control type="list" id="50">
				<posx>620</posx>
				<posy>120</posy>
				<width>580</width>
				<height>481</height>
				<onleft>2</onleft>
				<onright>60</onright>
				<onup>50</onup>
				<ondown>50</ondown>
				<viewtype label="535">list</viewtype>
				<pagecontrol>60</pagecontrol>
				<scrolltime>200</scrolltime>
				<itemlayout height="40" width="580">
					<control type="image">
						<posx>0</posx>
						<posy>0</posy>
						<width>580</width>
						<height>41</height>
						<texture>MenuItemNF.png</texture>
					</control>
					<control type="label">
						<posx>10</posx>
						<posy>0</posy>
						<width>420</width>
						<height>40</height>
						<font>font13</font>
						<textcolor>grey2</textcolor>
						<selectedcolor>selected</selectedcolor>
						<align>left</align>
						<aligny>center</aligny>
						<label>$INFO[ListItem.Label]</label>
						<visible>!IsEmpty(ListItem.Label2)</visible>
					</control>
					<control type="label">
						<posx>10</posx>
						<posy>0</posy>
						<width>560</width>
						<height>40</height>
						<font>font13</font>
						<textcolor>grey2</textcolor>
						<selectedcolor>selected</selectedcolor>
						<align>left</align>
						<aligny>center</aligny>
						<label>$INFO[ListItem.Label]</label>
						<visible>IsEmpty(ListItem.Label2)</visible>
					</control>
					<control type="label">
						<posx>450</posx>
						<posy>0</posy>
						<width>125</width>
						<height>40</height>
						<font>font12</font>
						<textcolor>grey2</textcolor>
						<selectedcolor>selected</selectedcolor>
						<align>left</align>
						<aligny>center</aligny>
						<label>$INFO[ListItem.Label2]</label>
						<visible>![Container.Content(Movies) | Container.Content(Episodes) | Container.Content(Seasons)]</visible>
					</control>
					<control type="label">
						<posx>450</posx>
						<posy>0</posy>
						<width>95</width>
						<height>40</height>
						<font>font12</font>
						<textcolor>grey2</textcolor>
						<selectedcolor>selected</selectedcolor>
						<align>left</align>
						<aligny>center</aligny>
						<label>$INFO[ListItem.Label2]</label>
						<visible>Container.Content(Movies) | Container.Content(Episodes) | Container.Content(Seasons)</visible>
					</control>
					<control type="image">
						<posx>550</posx>
						<posy>14</posy>
						<width>20</width>
						<height>16</height>
						<texture>$INFO[ListItem.Overlay]</texture>
						<visible>Container.Content(Movies) | Container.Content(Episodes) | Container.Content(Seasons)</visible>
					</control>
				</itemlayout>
				<focusedlayout height="40" width="580">
					<control type="image">
						<posx>0</posx>
						<posy>0</posy>
						<width>580</width>
						<height>41</height>
						<texture>MenuItemNF.png</texture>
						<visible>!Control.HasFocus(50)</visible>
						<include>VisibleFadeEffect</include>
					</control>
					<control type="image">
						<posx>0</posx>
						<posy>0</posy>
						<width>580</width>
						<height>41</height>
						<texture>MenuItemFO.png</texture>
						<visible>Control.HasFocus(50)</visible>
						<include>VisibleFadeEffect</include>
					</control>
					<control type="label">
						<posx>10</posx>
						<posy>0</posy>
						<width>420</width>
						<height>40</height>
						<font>font13</font>
						<textcolor>white</textcolor>
						<selectedcolor>selected</selectedcolor>
						<align>left</align>
						<aligny>center</aligny>
						<label>$INFO[ListItem.Label]</label>
						<visible>!IsEmpty(ListItem.Label2)</visible>
					</control>
					<control type="label">
						<posx>10</posx>
						<posy>0</posy>
						<width>560</width>
						<height>40</height>
						<font>font13</font>
						<textcolor>white</textcolor>
						<selectedcolor>selected</selectedcolor>
						<align>left</align>
						<aligny>center</aligny>
						<label>$INFO[ListItem.Label]</label>
						<visible>IsEmpty(ListItem.Label2)</visible>
					</control>
					<control type="image">
						<posx>440</posx>
						<posy>8</posy>
						<width>140</width>
						<height>25</height>
						<texture border="20,0,0,0">MediaItemDetailBG.png</texture>
						<visible>Control.HasFocus(50) + !IsEmpty(ListItem.Label2)</visible>
					</control>
					<control type="label">
						<posx>450</posx>
						<posy>0</posy>
						<width>125</width>
						<height>40</height>
						<font>font12</font>
						<textcolor>grey2</textcolor>
						<selectedcolor>selected</selectedcolor>
						<align>left</align>
						<aligny>center</aligny>
						<label>$INFO[ListItem.Label2]</label>
						<visible>![Container.Content(Movies) | Container.Content(Episodes) | Container.Content(Seasons) | Container.Content(MusicVideos)]</visible>
					</control>
					<control type="label">
						<posx>450</posx>
						<posy>0</posy>
						<width>95</width>
						<height>40</height>
						<font>font12</font>
						<textcolor>grey2</textcolor>
						<selectedcolor>selected</selectedcolor>
						<align>left</align>
						<aligny>center</aligny>
						<label>$INFO[ListItem.Label2]</label>
						<visible>Container.Content(Movies) | Container.Content(Episodes) | Container.Content(Seasons) | Container.Content(MusicVideos)</visible>
					</control>
					<control type="image">
						<posx>550</posx>
						<posy>14</posy>
						<width>20</width>
						<height>16</height>
						<texture>$INFO[ListItem.Overlay]</texture>
						<visible>Container.Content(Movies) | Container.Content(Episodes) | Container.Content(Seasons) | Container.Content(MusicVideos)</visible>
					</control>
				</focusedlayout>
			</control>
			<control type="group">
				<posx>100</posx>
				<posy>120</posy>
				<visible>Control.IsVisible(50)</visible>
				<control type="image">
					<posx>0</posx>
					<posy>0</posy>
					<width>460</width>
					<height>480</height>
					<aspectratio>keep</aspectratio>
					<fadetime>IconCrossfadeTime</fadetime>
					<texture background="true">$INFO[ListItem.Icon]</texture>
					<bordertexture border="8">ThumbShadow.png</bordertexture>
					<bordersize>8</bordersize>
				</control>
				<control type="image">
					<posx>400</posx>
					<posy>430</posy>
					<width>50</width>
					<height>50</height>
					<aspectratio>keep</aspectratio>
					<texture>$INFO[ListItem.Overlay]</texture>
					<visible>![Container.Content(Movies) | Container.Content(Episodes) | Container.Content(Seasons) | Container.Content(MusicVideos)]</visible>
				</control>
				<control type="label">
					<description>Page Count Label</description>
					<posx>1100</posx>
					<posy>490</posy>
					<width>500</width>
					<height>20</height>
					<font>font12caps</font>
					<textcolor>blue</textcolor>
					<scroll>false</scroll>
					<align>right</align>
					<aligny>center</aligny>
					<label>($INFO[Container.NumItems]) $LOCALIZE[31025]$INFO[Container.TotalTime, - $LOCALIZE[180] (,)] - $LOCALIZE[31024] ($INFO[Container.CurrentPage]/$INFO[Container.NumPages])</label>
				</control>
				<control type="scrollbar" id="60">
					<posx>1090</posx>
					<posy>0</posy>
					<width>25</width>
					<height>480</height>
					<texturesliderbackground border="0,14,0,14">ScrollBarV.png</texturesliderbackground>
					<texturesliderbar border="0,14,0,14">ScrollBarV_bar.png</texturesliderbar>
					<texturesliderbarfocus border="0,14,0,14">ScrollBarV_bar_focus.png</texturesliderbarfocus>
					<textureslidernib>ScrollBarNib.png</textureslidernib>
					<textureslidernibfocus>ScrollBarNib.png</textureslidernibfocus>
					<onleft>50</onleft>
					<onright>2</onright>
					<showonepage>false</showonepage>
					<orientation>vertical</orientation>
					<visible>Control.IsVisible(50)</visible>
				</control>
			</control>
		</control>
	</include>
	<include name="MusicPlaylistBigListView">
		<control type="group">
			<visible>Control.IsVisible(520)</visible>
			<include>VisibleFadeEffect</include>
			<control type="list" id="520">
				<posx>480r</posx>
				<posy>40</posy>
				<width>445</width>
				<height>641</height>
				<onleft>2</onleft>
				<onright>60</onright>
				<onup>50</onup>
				<ondown>50</ondown>
				<viewtype label="31035">list</viewtype>
				<pagecontrol>60</pagecontrol>
				<scrolltime>200</scrolltime>
				<itemlayout height="80" width="460">
					<control type="image">
						<posx>0</posx>
						<posy>0</posy>
						<width>445</width>
						<height>81</height>
						<texture border="3">MenuItemNF.png</texture>
					</control>
					<control type="image">
						<posx>0</posx>
						<posy>5</posy>
						<width>70</width>
						<height>70</height>
						<texture>$INFO[Listitem.Icon]</texture>
					</control>
					<control type="label">
						<posx>80</posx>
						<posy>0</posy>
						<width>365</width>
						<height>40</height>
						<font>font12caps_title</font>
						<textcolor>white</textcolor>
						<selectedcolor>selected</selectedcolor>
						<align>left</align>
						<aligny>center</aligny>
						<label>$INFO[ListItem.Title]</label>
						<visible>!IsEmpty(ListItem.Title)</visible>
					</control>
					<control type="label">
						<posx>80</posx>
						<posy>0</posy>
						<width>365</width>
						<height>40</height>
						<font>font12caps_title</font>
						<textcolor>white</textcolor>
						<selectedcolor>selected</selectedcolor>
						<align>left</align>
						<aligny>center</aligny>
						<label>$INFO[ListItem.Label]</label>
						<visible>IsEmpty(ListItem.Title)</visible>
					</control>
					<control type="label">
						<posx>80</posx>
						<posy>20</posy>
						<width>365</width>
						<height>40</height>
						<font>font12caps</font>
						<textcolor>white</textcolor>
						<selectedcolor>selected</selectedcolor>
						<align>left</align>
						<aligny>center</aligny>
						<label>$INFO[ListItem.Artist]</label>
					</control>
					<control type="label">
						<posx>350</posx>
						<posy>50</posy>
						<width>95</width>
						<height>25</height>
						<font>font12</font>
						<textcolor>white</textcolor>
						<selectedcolor>selected</selectedcolor>
						<align>left</align>
						<aligny>center</aligny>
						<label>$INFO[ListItem.Label2]</label>
					</control>
				</itemlayout>
				<focusedlayout height="80" width="580">
					<control type="image">
						<posx>0</posx>
						<posy>0</posy>
						<width>445</width>
						<height>81</height>
						<texture border="3">MenuItemNF.png</texture>
						<visible>!Control.HasFocus(520)</visible>
						<include>VisibleFadeEffect</include>
					</control>
					<control type="image">
						<posx>0</posx>
						<posy>0</posy>
						<width>445</width>
						<height>81</height>
						<texture border="3">MenuItemFO.png</texture>
						<visible>Control.HasFocus(520)</visible>
						<include>VisibleFadeEffect</include>
					</control>
					<control type="image">
						<posx>0</posx>
						<posy>5</posy>
						<width>70</width>
						<height>70</height>
						<texture>$INFO[Listitem.Icon]</texture>
					</control>
					<control type="label">
						<posx>80</posx>
						<posy>0</posy>
						<width>365</width>
						<height>40</height>
						<font>font12caps_title</font>
						<textcolor>white</textcolor>
						<selectedcolor>selected</selectedcolor>
						<align>left</align>
						<aligny>center</aligny>
						<label>$INFO[ListItem.Title]</label>
						<visible>!IsEmpty(ListItem.Title)</visible>
					</control>
					<control type="label">
						<posx>80</posx>
						<posy>0</posy>
						<width>365</width>
						<height>40</height>
						<font>font12caps_title</font>
						<textcolor>white</textcolor>
						<selectedcolor>selected</selectedcolor>
						<align>left</align>
						<aligny>center</aligny>
						<label>$INFO[ListItem.Label]</label>
						<visible>IsEmpty(ListItem.Title)</visible>
					</control>
					<control type="label">
						<posx>80</posx>
						<posy>20</posy>
						<width>365</width>
						<height>40</height>
						<font>font12caps</font>
						<textcolor>white</textcolor>
						<selectedcolor>selected</selectedcolor>
						<align>left</align>
						<aligny>center</aligny>
						<label>$INFO[ListItem.Artist]</label>
					</control>
					<control type="image">
						<posx>340</posx>
						<posy>50</posy>
						<width>105</width>
						<height>25</height>
						<texture border="20,0,0,0">MediaItemDetailBG.png</texture>
						<visible>Control.HasFocus(520) + !IsEmpty(ListItem.Label2)</visible>
					</control>
					<control type="label">
						<posx>350</posx>
						<posy>50</posy>
						<width>95</width>
						<height>25</height>
						<font>font12</font>
						<textcolor>white</textcolor>
						<selectedcolor>selected</selectedcolor>
						<align>left</align>
						<aligny>center</aligny>
						<label>$INFO[ListItem.Label2]</label>
					</control>
				</focusedlayout>
			</control>
			<control type="group">
				<visible>Control.IsVisible(520)</visible>
				<control type="label">
					<description>Page Count Label</description>
					<posx>1240</posx>
					<posy>690</posy>
					<width>500</width>
					<height>20</height>
					<font>font12caps</font>
					<textcolor>blue</textcolor>
					<scroll>false</scroll>
					<align>right</align>
					<aligny>center</aligny>
					<label>($INFO[Container.NumItems]) $LOCALIZE[31025]$INFO[Container.TotalTime, - $LOCALIZE[180] (,)] - $LOCALIZE[31024] ($INFO[Container.CurrentPage]/$INFO[Container.NumPages])</label>
				</control>
				<control type="scrollbar" id="60">
					<posx>1240</posx>
					<posy>40</posy>
					<width>25</width>
					<height>640</height>
					<texturesliderbackground border="0,14,0,14">ScrollBarV.png</texturesliderbackground>
					<texturesliderbar border="0,14,0,14">ScrollBarV_bar.png</texturesliderbar>
					<texturesliderbarfocus border="0,14,0,14">ScrollBarV_bar_focus.png</texturesliderbarfocus>
					<textureslidernib>ScrollBarNib.png</textureslidernib>
					<textureslidernibfocus>ScrollBarNib.png</textureslidernibfocus>
					<onleft>50</onleft>
					<onright>2</onright>
					<showonepage>false</showonepage>
					<orientation>vertical</orientation>
					<visible>Control.IsVisible(520)</visible>
				</control>
			</control>
		</control>
	</include>
	<include name="ThumbnailView">
		<control type="group">
			<visible>Control.IsVisible(500)</visible>
			<include>VisibleFadeEffect</include>
			<control type="panel" id="500">
				<posx>90</posx>
				<posy>120</posy>
				<width>1100</width>
				<height>480</height>
				<onleft>2</onleft>
				<onright>60</onright>
				<onup>500</onup>
				<ondown>500</ondown>
				<viewtype label="21371">list</viewtype>
				<pagecontrol>60</pagecontrol>
				<scrolltime>200</scrolltime>
				<preloaditems>2</preloaditems>
				<itemlayout height="240" width="220">
					<control type="image">
						<posx>1</posx>
						<posy>0</posy>
						<width>218</width>
						<height>210</height>
						<bordertexture border="5">button-nofocus.png</bordertexture>
						<bordersize>5</bordersize>
						<fadetime>100</fadetime>
						<texture background="true">$INFO[Listitem.Icon]</texture>
					</control>
					<control type="label">
						<posx>110</posx>
						<posy>210</posy>
						<width>210</width>
						<height>25</height>
						<font>font12</font>
						<textcolor>grey2</textcolor>
						<selectedcolor>selected</selectedcolor>
						<align>center</align>
						<aligny>center</aligny>
						<info>ListItem.Label</info>
					</control>
					<control type="image">
						<posx>150</posx>
						<posy>110</posy>
						<width>35</width>
						<height>35</height>
						<aspectratio>keep</aspectratio>
						<texture>$INFO[ListItem.Overlay]</texture>
					</control>
				</itemlayout>
				<focusedlayout height="240" width="220">
					<control type="image">
						<posx>1</posx>
						<posy>0</posy>
						<width>218</width>
						<height>210</height>
						<bordertexture border="5">folder-focus.png</bordertexture>
						<bordersize>5</bordersize>
						<fadetime>100</fadetime>
						<texture background="true">$INFO[Listitem.Icon]</texture>
					</control>
					<control type="label">
						<posx>110</posx>
						<posy>210</posy>
						<width>210</width>
						<height>25</height>
						<font>font12</font>
						<textcolor>white</textcolor>
						<selectedcolor>selected</selectedcolor>
						<align>center</align>
						<aligny>center</aligny>
						<info>ListItem.Label</info>
					</control>
					<control type="image">
						<posx>150</posx>
						<posy>110</posy>
						<width>35</width>
						<height>35</height>
						<aspectratio>keep</aspectratio>
						<texture>$INFO[ListItem.Overlay]</texture>
					</control>
				</focusedlayout>
			</control>
			<control type="group">
				<posx>100</posx>
				<posy>120</posy>
				<visible>Control.IsVisible(500)</visible>
				<control type="label">
					<description>Page Count Label</description>
					<posx>1100</posx>
					<posy>490</posy>
					<width>500</width>
					<height>20</height>
					<font>font12caps</font>
					<textcolor>blue</textcolor>
					<scroll>false</scroll>
					<align>right</align>
					<aligny>center</aligny>
					<label>($INFO[Container.NumItems]) $LOCALIZE[31025]$INFO[Container.TotalTime, - $LOCALIZE[180] (,)] - $LOCALIZE[31024] ($INFO[Container.CurrentPage]/$INFO[Container.NumPages])</label>
				</control>
				<control type="scrollbar" id="60">
					<posx>1090</posx>
					<posy>0</posy>
					<width>25</width>
					<height>460</height>
					<texturesliderbackground border="0,14,0,14">ScrollBarV.png</texturesliderbackground>
					<texturesliderbar border="2,16,2,16">ScrollBarV_bar.png</texturesliderbar>
					<texturesliderbarfocus border="2,16,2,16">ScrollBarV_bar_focus.png</texturesliderbarfocus>
					<textureslidernib>ScrollBarNib.png</textureslidernib>
					<textureslidernibfocus>ScrollBarNib.png</textureslidernibfocus>
					<onleft>500</onleft>
					<onright>2</onright>
					<showonepage>false</showonepage>
					<orientation>vertical</orientation>
					<visible>Control.IsVisible(500)</visible>
				</control>
			</control>
		</control>
	</include>
	<include name="WideIconView">
		<control type="group">
			<visible>Control.IsVisible(505)</visible>
			<include>VisibleFadeEffect</include>
			<control type="panel" id="505">
				<visible>[Container.Content(TVShows) + !Skin.HasSetting(TVShowsUsePosters)] | Window.IsVisible(VideoFiles)</visible>
				<posx>50</posx>
				<posy>100</posy>
				<width>1180</width>
				<height>500</height>
				<onleft>2</onleft>
				<onright>60</onright>
				<onup>505</onup>
				<ondown>505</ondown>
				<viewtype label="$LOCALIZE[539] $LOCALIZE[536]">list</viewtype>
				<pagecontrol>60</pagecontrol>
				<scrolltime>200</scrolltime>
				<itemlayout height="125" width="590">
					<control type="image">
						<posx>1</posx>
						<posy>0</posy>
						<width>588</width>
						<height>115</height>
						<bordertexture border="5">button-nofocus.png</bordertexture>
						<bordersize>5</bordersize>
						<texture>$INFO[Listitem.Icon]</texture>
					</control>
					<control type="image">
						<posx>555</posx>
						<posy>90</posy>
						<width>35</width>
						<height>35</height>
						<aspectratio>keep</aspectratio>
						<texture>$INFO[ListItem.Overlay]</texture>
					</control>
				</itemlayout>
				<focusedlayout height="125" width="590">
					<control type="image">
						<posx>1</posx>
						<posy>0</posy>
						<width>588</width>
						<height>115</height>
						<bordertexture border="5">folder-focus.png</bordertexture>
						<bordersize>5</bordersize>
						<texture>$INFO[Listitem.Icon]</texture>
					</control>
					<control type="image">
						<posx>555</posx>
						<posy>90</posy>
						<width>35</width>
						<height>35</height>
						<aspectratio>keep</aspectratio>
						<texture>$INFO[ListItem.Overlay]</texture>
					</control>
				</focusedlayout>
			</control>
			<control type="group">
				<posx>0</posx>
				<posy>100</posy>
				<visible>Control.IsVisible(505)</visible>
				<control type="label">
					<description>Page Count Label</description>
					<posx>1200</posx>
					<posy>510</posy>
					<width>500</width>
					<height>20</height>
					<font>font12caps</font>
					<textcolor>blue</textcolor>
					<scroll>false</scroll>
					<align>right</align>
					<aligny>center</aligny>
					<label>($INFO[Container.NumItems]) $LOCALIZE[31025]$INFO[Container.TotalTime, - $LOCALIZE[180] (,)] - $LOCALIZE[31024] ($INFO[Container.CurrentPage]/$INFO[Container.NumPages])</label>
				</control>
				<control type="scrollbar" id="60">
					<posx>1235</posx>
					<posy>0</posy>
					<width>25</width>
					<height>500</height>
					<texturesliderbackground border="0,14,0,14">ScrollBarV.png</texturesliderbackground>
					<texturesliderbar border="2,16,2,16">ScrollBarV_bar.png</texturesliderbar>
					<texturesliderbarfocus border="2,16,2,16">ScrollBarV_bar_focus.png</texturesliderbarfocus>
					<textureslidernib>ScrollBarNib.png</textureslidernib>
					<textureslidernibfocus>ScrollBarNib.png</textureslidernibfocus>
					<onleft>505</onleft>
					<onright>2</onright>
					<showonepage>false</showonepage>
					<orientation>vertical</orientation>
					<visible>Control.IsVisible(505)</visible>
				</control>
			</control>
		</control>
	</include>
	<include name="LiveTVView">
		<control type="group">
			<visible>Control.IsVisible(51)</visible>
			<include>VisibleFadeEffect</include>
			<control type="list" id="51">
				<posx>100</posx>
				<posy>120</posy>
				<width>1080</width>
				<height>481</height>
				<onleft>2</onleft>
				<onright>60</onright>
				<onup>51</onup>
				<ondown>51</ondown>
				<viewtype label="535">list</viewtype>
				<pagecontrol>60</pagecontrol>
				<scrolltime>200</scrolltime>
				<itemlayout height="40" width="1080">
					<control type="image">
						<posx>0</posx>
						<posy>0</posy>
						<width>1080</width>
						<height>41</height>
						<texture>MenuItemNF.png</texture>
					</control>
					<control type="label">
						<posx>10</posx>
						<posy>0</posy>
						<width>1000</width>
						<height>40</height>
						<font>font13caps</font>
						<textcolor>grey2</textcolor>
						<selectedcolor>selected</selectedcolor>
						<align>left</align>
						<aligny>center</aligny>
						<label>$INFO[ListItem.Label]</label>
					</control>
					<control type="label">
						<posx>1070</posx>
						<posy>0</posy>
						<width>1000</width>
						<height>40</height>
						<font>font12</font>
						<textcolor>grey2</textcolor>
						<selectedcolor>selected</selectedcolor>
						<align>right</align>
						<aligny>center</aligny>
						<label>$INFO[ListItem.Label2]</label>
					</control>
				</itemlayout>
				<focusedlayout height="40" width="1080">
					<control type="image">
						<posx>0</posx>
						<posy>0</posy>
						<width>1080</width>
						<height>41</height>
						<texture>MenuItemNF.png</texture>
						<visible>!Control.HasFocus(51)</visible>
						<include>VisibleFadeEffect</include>
					</control>
					<control type="image">
						<posx>0</posx>
						<posy>0</posy>
						<width>1080</width>
						<height>41</height>
						<texture>MenuItemFO.png</texture>
						<visible>Control.HasFocus(51)</visible>
						<include>VisibleFadeEffect</include>
					</control>
					<control type="label">
						<posx>10</posx>
						<posy>0</posy>
						<width>1000</width>
						<height>40</height>
						<font>font13caps</font>
						<textcolor>white</textcolor>
						<selectedcolor>selected</selectedcolor>
						<align>left</align>
						<aligny>center</aligny>
						<label>$INFO[ListItem.Label]</label>
					</control>
					<control type="label">
						<posx>1070</posx>
						<posy>0</posy>
						<width>1000</width>
						<height>40</height>
						<font>font12</font>
						<textcolor>white</textcolor>
						<selectedcolor>selected</selectedcolor>
						<align>right</align>
						<aligny>center</aligny>
						<label>$INFO[ListItem.Label2]</label>
					</control>
				</focusedlayout>
			</control>
			<control type="group">
				<posx>100</posx>
				<posy>120</posy>
				<visible>Control.IsVisible(51)</visible>
				<control type="label">
					<description>Page Count Label</description>
					<posx>1100</posx>
					<posy>490</posy>
					<width>500</width>
					<height>20</height>
					<font>font12caps</font>
					<textcolor>blue</textcolor>
					<scroll>false</scroll>
					<align>right</align>
					<aligny>center</aligny>
					<label>($INFO[Container.NumItems]) $LOCALIZE[31025]$INFO[Container.TotalTime, - $LOCALIZE[180] (,)] - $LOCALIZE[31024] ($INFO[Container.CurrentPage]/$INFO[Container.NumPages])</label>
				</control>
				<control type="scrollbar" id="60">
					<posx>1090</posx>
					<posy>0</posy>
					<width>25</width>
					<height>480</height>
					<texturesliderbackground border="0,14,0,14">ScrollBarV.png</texturesliderbackground>
					<texturesliderbar border="0,14,0,14">ScrollBarV_bar.png</texturesliderbar>
					<texturesliderbarfocus border="0,14,0,14">ScrollBarV_bar_focus.png</texturesliderbarfocus>
					<textureslidernib>ScrollBarNib.png</textureslidernib>
					<textureslidernibfocus>ScrollBarNib.png</textureslidernibfocus>
					<onleft>50</onleft>
					<onright>2</onright>
					<showonepage>false</showonepage>
					<orientation>vertical</orientation>
					<visible>Control.IsVisible(51)</visible>
				</control>
			</control>
		</control>
	</include>
</includes>
