<?xml version="1.0" encoding="UTF-8" standalone="yes"?>
    <addon id="xbmc.repo.plexbmc" name="PleXBMC Add-ons for XBMC" version="1.0.1" provider-name="Harley and Hippojay">
        <extension point="xbmc.addon.repository" name="PleXBMC Addons for XBMC Repository">
          <info compressed="false">http://fredrike.github.io/repository.plexbmc.addons/addons.xml</info>
            <checksum>http://fredrike.github.io/repository.plexbmc.addons/addons.md5</checksum>
            <datadir zip="true">http://fredrike.github.io/repository.plexbmc.addons/</datadir>
        </extension>
        <extension point="xbmc.addon.metadata">
            <summary>Install PleXBMC Addons</summary>
            <description>Download and install Plex related addons for XBMC</description>
            <disclaimer>-</disclaimer>
            <platform>all</platform>
        </extension>
    </addon>
