﻿<?xml version="1.0" encoding="UTF-8"?>
<addon
  id="skin.confluence.plexbmc"
  version="0.4.3-1.1.0"
  name="Confluence.plexbmc"
  provider-name="Jezz_X, Team XBMC.  Tweaked for PleXBMC by Hippojay">
  <requires>
    <import addon="xbmc.gui" version="2.11"/>
  </requires>
  <extension
    point="xbmc.gui.skin"
    defaultresolution="720p"
    defaultresolutionwide="720p"
    defaultthemename="textures.xbt"
    effectslowdown="0.75"
    debugging="false"/>
  <extension point="xbmc.addon.metadata">
    <summary lang="en">Confluence skin by Jezz_X. Tweaked for PleXBMC by Hippojay.</summary>
    <platform>all</platform>
  </extension>
</addon>
