<window type="dialog" id="142">
	<defaultcontrol always="true">603</defaultcontrol>
	<controls>
		<control type="group">
			<animation effect="slide" start="-400,0" end="0,0" time="400" tween="quadratic" easing="out">WindowOpen</animation>
			<animation effect="slide" start="0,0" end="-400,0" time="400" tween="quadratic" easing="out">WindowClose</animation>
			<animation effect="slide" start="0,0" end="-400,0" time="400" tween="quadratic" easing="out" condition="Window.IsVisible(SliderDialog)">Conditional</animation>
			<include>VideoOSDBackground</include>
		</control>
		<control type="group">
			<posx>680</posx>
			<animation effect="slide" start="600,0" end="0,0" time="400" tween="quadratic" easing="out">visible</animation>
			<animation effect="slide" start="0,0" end="600,0" time="400" tween="quadratic" easing="out">hidden</animation>
			<animation effect="slide" start="0,0" end="600,0" time="400" tween="quadratic" easing="out" condition="Control.HasFocus(90)">WindowClose</animation>
			<visible>Control.HasFocus(90) | Control.HasFocus(91)</visible>
			<include>VideoOSDInfo</include>
		</control>

		<control type="group">
			<posx>10</posx>
			<posy>545</posy>
			<animation effect="slide" start="-400,0" end="0,0" time="400" tween="quadratic" easing="out">WindowOpen</animation>
			<animation effect="slide" start="0,0" end="-400,0" time="400" tween="quadratic" easing="out">WindowClose</animation>
			<animation effect="slide" start="0,0" end="-400,0" time="400" tween="quadratic" easing="out" condition="Window.IsVisible(SliderDialog)">Conditional</animation>
			<visible>!Window.IsVisible(VideoOSD)</visible>
			<include>VideoOSDButtons</include>
		</control>
		<include>Clock</include>
	</controls>
</window>