<window id="115">
	<defaultcontrol>1</defaultcontrol>
	<visible>Player.Seeking | Player.DisplayAfterSeek | Player.Paused | Player.Forwarding | Player.Rewinding</visible>
	<animation effect="slide" start="0,80" end="0,0" time="100">WindowOpen</animation>
	<animation effect="slide" start="0,0" end="0,80" time="100">WindowClose</animation>
	<coordinates>
		<system>1</system>
		<posx>820</posx>
		<posy>650</posy>
	</coordinates>
	<controls>
		<control type="group">
			<control type="image">
				<posx>0</posx>
				<posy>0</posy>
				<width>370</width>
				<height>80</height>
				<texture border="20,20,20,2">InfoMessagePanel.png</texture>
				<colordiffuse>EEFFFFFF</colordiffuse>
				<visible>!player.chaptercount</visible>
			</control>
			<control type="image">
				<posx>0</posx>
				<posy>0</posy>
				<width>450</width>
				<height>80</height>
				<texture border="20,20,20,2">InfoMessagePanel.png</texture>
				<colordiffuse>EEFFFFFF</colordiffuse>
				<visible>player.chaptercount</visible>
			</control>
			<control type="image">
				<posx>270</posx>
				<posy>15</posy>
				<width>80</width>
				<height>50</height>
				<texture>OSDSeekFrame.png</texture>
			</control>
			<control type="image">
				<posx>260</posx>
				<posy>18</posy>
				<width>20</width>
				<height>44</height>
				<texture>OSDSeekRewind.png</texture>
				<visible>Player.Rewinding</visible>
			</control>
			<control type="image">
				<posx>340</posx>
				<posy>18</posy>
				<width>20</width>
				<height>44</height>
				<texture>OSDSeekForward.png</texture>
				<visible>Player.Forwarding</visible>
			</control>
			<control type="image">
				<posx>291</posx>
				<posy>20</posy>
				<width>40</width>
				<height>40</height>
				<texture>OSDPause.png</texture>
				<visible>Player.Paused</visible>
			</control>
			<control type="image">
				<posx>291</posx>
				<posy>20</posy>
				<width>40</width>
				<height>40</height>
				<texture>OSDPlay.png</texture>
				<visible>Player.Playing</visible>
			</control>

			<control type="image">
				<posx>288</posx>
				<posy>20</posy>
				<width>40</width>
				<height>40</height>
				<texture>OSD2x.png</texture>
				<visible>Player.Rewinding2x</visible>
			</control>
			<control type="image">
				<posx>285</posx>
				<posy>20</posy>
				<width>40</width>
				<height>40</height>
				<texture>OSD4x.png</texture>
				<visible>Player.Rewinding4x</visible>
			</control>
			<control type="image">
				<posx>282</posx>
				<posy>20</posy>
				<width>40</width>
				<height>40</height>
				<texture>OSD8x.png</texture>
				<visible>Player.Rewinding8x</visible>
			</control>
			<control type="image">
				<posx>279</posx>
				<posy>20</posy>
				<width>40</width>
				<height>40</height>
				<texture>OSD16x.png</texture>
				<visible>Player.Rewinding16x</visible>
			</control>
			<control type="image">
				<posx>277</posx>
				<posy>20</posy>
				<width>40</width>
				<height>40</height>
				<texture>OSD32x.png</texture>
				<visible>Player.Rewinding32x</visible>
			</control>

			<control type="image">
				<posx>294</posx>
				<posy>20</posy>
				<width>40</width>
				<height>40</height>
				<texture>OSD2x.png</texture>
				<visible>Player.Forwarding2x</visible>
			</control>
			<control type="image">
				<posx>297</posx>
				<posy>20</posy>
				<width>40</width>
				<height>40</height>
				<texture>OSD4x.png</texture>
				<visible>Player.Forwarding4x</visible>
			</control>
			<control type="image">
				<posx>300</posx>
				<posy>20</posy>
				<width>40</width>
				<height>40</height>
				<texture>OSD8x.png</texture>
				<visible>Player.Forwarding8x</visible>
			</control>
			<control type="image">
				<posx>303</posx>
				<posy>20</posy>
				<width>40</width>
				<height>40</height>
				<texture>OSD16x.png</texture>
				<visible>Player.Forwarding16x</visible>
			</control>
			<control type="image">
				<posx>305</posx>
				<posy>20</posy>
				<width>40</width>
				<height>40</height>
				<texture>OSD32x.png</texture>
				<visible>Player.Forwarding32x</visible>
			</control>

			<control type="label">
				<description>Playing Label</description>
				<posx>20</posx>
				<posy>8</posy>
				<width>240</width>
				<height>20</height>
				<align>left</align>
				<aligny>center</aligny>
				<font>font12caps_title</font>
				<textcolor>blue</textcolor>
				<label>31042</label>
				<visible>Player.Playing + !Player.Seeking</visible>
			</control>
			<control type="label">
				<description>Paused Label</description>
				<posx>20</posx>
				<posy>8</posy>
				<width>240</width>
				<height>20</height>
				<align>left</align>
				<aligny>center</aligny>
				<font>font12caps_title</font>
				<textcolor>blue</textcolor>
				<label>31043</label>
				<visible>[Player.Paused + !Player.Caching] + !Player.Seeking</visible>
			</control>
			<control type="label">
				<description>Cache Label</description>
				<posx>20</posx>
				<posy>8</posy>
				<width>240</width>
				<height>20</height>
				<align>left</align>
				<aligny>center</aligny>
				<font>font12caps_title</font>
				<textcolor>blue</textcolor>
				<label>$LOCALIZE[15107] $INFO[Player.CacheLevel]%</label>
				<visible>[Player.Paused + Player.Caching] + !Player.Seeking</visible>
			</control>
			<control type="label">
				<description>Seeking Label</description>
				<posx>20</posx>
				<posy>8</posy>
				<width>240</width>
				<height>20</height>
				<align>left</align>
				<aligny>center</aligny>
				<font>font12caps_title</font>
				<textcolor>blue</textcolor>
				<label>[UPPERCASE]$LOCALIZE[773][/UPPERCASE]</label>
				<visible>Player.Seeking</visible>
			</control>
			<control type="label">
				<description>FF Label</description>
				<posx>20</posx>
				<posy>8</posy>
				<width>240</width>
				<height>20</height>
				<align>left</align>
				<aligny>center</aligny>
				<font>font12caps_title</font>
				<textcolor>blue</textcolor>
				<label>31044</label>
				<visible>Player.Forwarding</visible>
			</control>
			<control type="label">
				<description>RW Label</description>
				<posx>20</posx>
				<posy>8</posy>
				<width>240</width>
				<height>20</height>
				<align>left</align>
				<aligny>center</aligny>
				<font>font12caps_title</font>
				<textcolor>blue</textcolor>
				<label>31045</label>
				<visible>Player.Rewinding</visible>
			</control>
			<control type="label">
				<description>Elapsed Time Label</description>
				<posx>20</posx>
				<posy>27</posy>
				<width>240</width>
				<height>20</height>
				<font>font13caps_title</font>
				<textcolor>white</textcolor>
				<align>left</align>
				<aligny>center</aligny>
				<label>$INFO[Player.Time] - $INFO[Player.Duration]</label>
				<visible>!Player.Seeking</visible>
			</control>
			<control type="label">
				<description>Seek Time Label</description>
				<posx>20</posx>
				<posy>27</posy>
				<width>240</width>
				<height>20</height>
				<font>font13caps_title</font>
				<textcolor>white</textcolor>
				<align>left</align>
				<aligny>center</aligny>
				<label>$INFO[Player.SeekTime] - $INFO[Player.Duration]</label>
				<visible>Player.Seeking</visible>
			</control>
			<control type="progress" id="23">
				<description>Progressbar</description>
				<posx>20</posx>
				<posy>50</posy>
				<width>240</width>
				<height>15</height>
				<info>Player.Progress</info>
				<visible>true</visible>
			</control>
			<control type="slider" id="401">
				<description>Seek Slider</description>
				<posx>20</posx>
				<posy>47</posy>
				<width>240</width>
				<height>12</height>
				<texturesliderbar>seekslider.png</texturesliderbar>
				<textureslidernib>osd_slider_nib.png</textureslidernib>
				<textureslidernibfocus>osd_slider_nib.png</textureslidernibfocus>
				<visible>Player.Seeking</visible>
			</control>
		</control>
		<control type="group">
			<!-- Chapter Count images -->
			<visible>player.chaptercount</visible>
			<control type="label" id="1">
				<description>Chapter Pos No</description>
				<posx>435</posx>
				<posy>8</posy>
				<width>200</width>
				<height>20</height>
				<align>right</align>
				<aligny>center</aligny>
				<font>font12caps_title</font>
				<textcolor>blue</textcolor>
				<label>$LOCALIZE[21396]</label>
				<visible>player.chaptercount</visible>
			</control>
			<control type="label" id="1">
				<description>Chapter Pos No</description>
				<posx>435</posx>
				<posy>27</posy>
				<width>200</width>
				<height>20</height>
				<align>right</align>
				<aligny>center</aligny>
				<font>font13caps_title</font>
				<textcolor>grey2</textcolor>
				<label>$INFO[player.chapter]$INFO[player.chaptercount, / ]</label>
				<visible>player.chaptercount</visible>
			</control>
		</control>
	</controls>
</window>