<window id="2006">
	<defaultcontrol>-</defaultcontrol>
	<allowoverlay>no</allowoverlay>
	<controls>
		<control type="visualisation" id="2">
			<description>visualisation</description>
			<posx>0</posx>
			<posy>0</posy>
			<width>1280</width>
			<height>720</height>
		</control>

		<control type="group" id="1">
			<posx>0</posx>
			<visible>Player.ShowInfo | Window.IsVisible(MusicOSD)</visible>
			<animation effect="slide" start="-400,0" end="0,0" time="400" tween="quadratic" easing="out">WindowOpen</animation>
			<animation effect="slide" start="0,0" end="-400,0" time="400" tween="quadratic" easing="out" condition="Player.ShowInfo">WindowClose</animation>
			<animation effect="slide" start="-400,0" end="0,0" time="400" tween="quadratic" easing="out">Visible</animation>
			<animation effect="slide" start="0,0" end="-400,0" time="400" tween="quadratic" easing="out">Hidden</animation>
			<control type="image">
				<description>media info background image</description>
				<posx>0</posx>
				<posy>0</posy>
				<width>400</width>
				<height>720</height>
				<texture border="0,0,20,0">VisOsdPanel.png</texture>
			</control>
			<control type="image">
				<description>cover image</description>
				<posx>10</posx>
				<posy>20</posy>
				<width>370</width>
				<height>250</height>
				<texture>$INFO[MusicPlayer.cover]</texture>
				<aspectratio aligny="bottom">keep</aspectratio>
			</control>
			<control type="image">
				<description>cover image</description>
				<posx>10</posx>
				<posy>270</posy>
				<width>370</width>
				<height>250</height>
				<texture flipy="true" diffuse="diffuse_mirror2.png">$INFO[MusicPlayer.cover]</texture>
				<aspectratio aligny="top">keep</aspectratio>
			</control>
			<control type="label">
				<posx>10</posx>
				<posy>280</posy>
				<width>370</width>
				<height>25</height>
				<label>$INFO[MusicPlayer.Artist]</label>
				<scroll>true</scroll>
				<align>center</align>
				<aligny>center</aligny>
				<font>font24caps_title</font>
				<textcolor>white</textcolor>
				<shadowcolor>black</shadowcolor>
			</control>
			<control type="label">
				<posx>10</posx>
				<posy>310</posy>
				<width>370</width>
				<height>25</height>
				<label>$INFO[MusicPlayer.Album]</label>
				<scroll>true</scroll>
				<align>center</align>
				<aligny>center</aligny>
				<font>font13caps_title</font>
				<textcolor>grey2</textcolor>
				<shadowcolor>black</shadowcolor>
			</control>
			<control type="label">
				<posx>10</posx>
				<posy>340</posy>
				<width>370</width>
				<height>25</height>
				<label>$INFO[MusicPlayer.Year]</label>
				<align>center</align>
				<aligny>center</aligny>
				<font>font16caps</font>
				<textcolor>white</textcolor>
				<shadowcolor>black</shadowcolor>
			</control>
			<control type="label">
				<posx>10</posx>
				<posy>370</posy>
				<width>370</width>
				<height>25</height>
				<label>$LOCALIZE[31040]</label>
				<align>left</align>
				<aligny>center</aligny>
				<font>font12caps_title</font>
				<textcolor>blue</textcolor>
				<shadowcolor>black</shadowcolor>
			</control>
			<control type="fadelabel">
				<posx>10</posx>
				<posy>390</posy>
				<width>370</width>
				<height>25</height>
				<label>$INFO[MusicPlayer.TrackNumber,,. ]$INFO[MusicPlayer.Title]</label>
				<align>left</align>
				<aligny>center</aligny>
				<font>font13caps_title</font>
				<textcolor>white</textcolor>
				<shadowcolor>black</shadowcolor>
				<scrollout>false</scrollout>
				<pauseatend>2000</pauseatend>
			</control>
			<control type="image">
				<posx>10</posx>
				<posy>430</posy>
				<width>370</width>
				<height>4</height>
				<texture>separator.png</texture>
			</control>
			<control type="label">
				<posx>10</posx>
				<posy>440</posy>
				<width>370</width>
				<height>25</height>
				<label>$LOCALIZE[31041]</label>
				<align>left</align>
				<aligny>center</aligny>
				<font>font12caps_title</font>
				<textcolor>grey2</textcolor>
				<shadowcolor>black</shadowcolor>
			</control>
			<control type="label">
				<posx>10</posx>
				<posy>460</posy>
				<width>370</width>
				<height>25</height>
				<label>$INFO[MusicPlayer.offset(1).TrackNumber,,. ]$INFO[MusicPlayer.offset(1).Title]</label>
				<align>left</align>
				<aligny>center</aligny>
				<font>font12caps_title</font>
				<textcolor>white</textcolor>
				<shadowcolor>black</shadowcolor>
			</control>
			<control type="label">
				<posx>10</posx>
				<posy>480</posy>
				<width>370</width>
				<height>25</height>
				<label>$INFO[MusicPlayer.offset(2).TrackNumber,,. ]$INFO[MusicPlayer.offset(2).Title]</label>
				<align>left</align>
				<aligny>center</aligny>
				<font>font12caps_title</font>
				<textcolor>white</textcolor>
				<shadowcolor>black</shadowcolor>
			</control>
			<control type="image">
				<posx>10</posx>
				<posy>520</posy>
				<width>370</width>
				<height>4</height>
				<texture>separator.png</texture>
			</control>
			<control type="progress">
				<description>Progressbar</description>
				<posx>15</posx>
				<posy>665</posy>
				<width>360</width>
				<height>14</height>
				<info>Player.Progress</info>
			</control>
			<control type="label">
				<posx>10</posx>
				<posy>680</posy>
				<width>375</width>
				<height>25</height>
				<label>$INFO[Player.Time]</label>
				<align>left</align>
				<aligny>center</aligny>
				<font>font24caps_title</font>
				<textcolor>grey2</textcolor>
				<shadowcolor>black</shadowcolor>
			</control>
			<control type="label">
				<posx>375</posx>
				<posy>680</posy>
				<width>370</width>
				<height>25</height>
				<label>$INFO[Player.Duration]</label>
				<align>right</align>
				<aligny>center</aligny>
				<font>font24caps_title</font>
				<textcolor>grey2</textcolor>
				<shadowcolor>black</shadowcolor>
			</control>
		</control>
		<control type="group" id="0">
			<posx>0</posx>
			<visible>Player.ShowCodec + ![Window.IsVisible(121) | Window.IsVisible(122)]</visible>
			<animation effect="slide" start="0,0" end="400,0" time="400" tween="quadratic" easing="out" condition="Player.ShowCodec">WindowClose</animation>
			<animation effect="slide" start="400,0" end="0,0" time="400" tween="quadratic" easing="out">Visible</animation>
			<animation effect="slide" start="0,0" end="400,0" time="400" tween="quadratic" easing="out">Hidden</animation>
			<control type="image">
				<description>media info background image</description>
				<posx>400r</posx>
				<posy>0</posy>
				<width>400</width>
				<height>720</height>
				<texture border="20,0,0,0" flipx="true">VisOsdPanel.png</texture>
			</control>
			<control type="label">
				<posx>370r</posx>
				<posy>100</posy>
				<width>360</width>
				<height>25</height>
				<label>$LOCALIZE[31046]</label>
				<align>left</align>
				<aligny>center</aligny>
				<font>font28caps_title</font>
				<textcolor>white</textcolor>
				<shadowcolor>black</shadowcolor>
			</control>
			<control type="label">
				<posx>370r</posx>
				<posy>140</posy>
				<width>360</width>
				<height>25</height>
				<label>$INFO[musicplayer.Codec,· Codec: ,]$INFO[musicplayer.Bitrate,[CR]· Bitrate: ,kbps]$INFO[musicplayer.bitspersample,[CR]· Bits:,bit]$INFO[musicplayer.Samplerate,[CR]· Freq.: ,kHz]$INFO[musicplayer.Channels,[CR]· Channels: ]</label>
				<align>left</align>
				<aligny>top</aligny>
				<font>font13caps</font>
				<textcolor>white</textcolor>
				<shadowcolor>black</shadowcolor>
			</control>
			<control type="image">
				<posx>370r</posx>
				<posy>280</posy>
				<width>360</width>
				<height>4</height>
				<texture>separator.png</texture>
			</control>
			<control type="label">
				<posx>370r</posx>
				<posy>300</posy>
				<width>360</width>
				<height>25</height>
				<label>$LOCALIZE[250]</label>
				<align>left</align>
				<aligny>center</aligny>
				<font>font28caps_title</font>
				<textcolor>white</textcolor>
				<shadowcolor>black</shadowcolor>
			</control>
			<control type="label">
				<posx>370r</posx>
				<posy>340</posy>
				<width>360</width>
				<height>25</height>
				<label>· $INFO[Visualisation.Name][CR]· $LOCALIZE[20166][CR]· fps: $INFO[System.FPS]</label>
				<align>left</align>
				<aligny>top</aligny>
				<font>font13caps</font>
				<textcolor>white</textcolor>
				<shadowcolor>black</shadowcolor>
				<visible>Visualisation.Locked</visible>
			</control>
			<control type="label">
				<posx>370r</posx>
				<posy>340</posy>
				<width>360</width>
				<height>25</height>
				<label>· $INFO[Visualisation.Name][CR]· fps: $INFO[System.FPS]</label>
				<align>left</align>
				<aligny>top</aligny>
				<font>font13caps</font>
				<textcolor>white</textcolor>
				<shadowcolor>black</shadowcolor>
				<visible>!Visualisation.Locked</visible>
			</control>
			<control type="image">
				<posx>370r</posx>
				<posy>450</posy>
				<width>360</width>
				<height>4</height>
				<texture>separator.png</texture>
			</control>
			<control type="label">
				<posx>370r</posx>
				<posy>470</posy>
				<width>360</width>
				<height>25</height>
				<label>$LOCALIZE[31047]</label>
				<align>left</align>
				<aligny>center</aligny>
				<font>font28caps_title</font>
				<textcolor>white</textcolor>
				<shadowcolor>black</shadowcolor>
			</control>
			<control type="label">
				<posx>370r</posx>
				<posy>510</posy>
				<width>360</width>
				<height>25</height>
				<label fallback="· (UnAvailable)">$INFO[Visualisation.Preset,,· ]</label>
				<align>left</align>
				<aligny>top</aligny>
				<font>font13caps</font>
				<textcolor>white</textcolor>
				<shadowcolor>black</shadowcolor>
				<wrapmultiline>true</wrapmultiline>
			</control>
		</control>
	</controls>
</window>