<window type="dialog" id="120">
	<defaultcontrol always="true">603</defaultcontrol>
	<coordinates>
		<system>1</system>
		<posx>10</posx>
		<posy>515</posy>
	</coordinates>
	<controls>
		<control type="group">
			<animation effect="slide" start="-400,0" end="0,0" time="400" tween="quadratic" easing="out" condition="!Player.ShowInfo">WindowOpen</animation>
			<animation effect="fade" start="0" end="100" time="200" condition="Player.ShowInfo">WindowOpen</animation>
			<animation effect="fade" start="100" end="0" time="200">WindowClose</animation>
			<control type="group">
				<animation effect="slide" start="0,0" end="0,-15" time="0" condition="LastFM.RadioPlaying">Conditional</animation>
				<posx>135</posx>
				<posy>0</posy>
				<control type="image">
					<posx>0</posx>
					<posy>0</posy>
					<width>260</width>
					<height>35</height>
					<texture border="0,0,20,0">TitleBG.png</texture>
				</control>
				<control type="button" id="90">
					<posx>0</posx>
					<posy>8</posy>
					<width>245</width>
					<height>15</height>
					<align>right</align>
					<aligny>top</aligny>
					<textoffsetx>35</textoffsetx>
					<textoffsety>-5</textoffsety>
					<label>$LOCALIZE[31207]</label>
					<font>font12caps</font>
					<textcolor>grey2</textcolor>
					<focusedcolor>blue</focusedcolor>
					<texturefocus border="0,0,31,0">Chevrons_Blue.png</texturefocus>
					<texturenofocus border="0,0,31,0">Chevrons.png</texturenofocus>
					<onclick>XBMC.RunScript($INFO[Skin.String(LyricScript_Path)])</onclick>
					<onleft>91</onleft>
					<onright>91</onright>
					<onup>300</onup>
					<ondown>100</ondown>
					<enable>Skin.HasSetting(LyricScript_Enable) + !IsEmpty(Skin.String(LyricScript_Path))</enable>
				</control>
			</control>
			<control type="group" id="300">
				<posx>300</posx>
				<posy>118</posy>
				<onup>200</onup>
				<ondown>90</ondown>
				<visible>LastFM.RadioPlaying</visible>
				<control type="label">
					<posx>-10</posx>
					<posy>3</posy>
					<width>370</width>
					<height>25</height>
					<label>$LOCALIZE[15200]</label>
					<align>right</align>
					<aligny>center</aligny>
					<font>font13caps_title</font>
					<textcolor>blue</textcolor>
					<shadowcolor>black</shadowcolor>
				</control>
				<control type="button" id="800">
					<posx>0</posx>
					<posy>0</posy>
					<width>30</width>
					<height>30</height>
					<label>-</label>
					<texturefocus>lastfm-love-focus.png</texturefocus>
					<texturenofocus>lastfm-love-nofocus.png</texturenofocus>
					<onleft>801</onleft>
					<onright>801</onright>
					<onup>200</onup>
					<ondown>90</ondown>
					<onclick>XBMC.LastFM.Love</onclick>
				</control>
				<control type="button" id="801">
					<posx>30</posx>
					<posy>0</posy>
					<width>30</width>
					<height>30</height>
					<label>-</label>
					<texturefocus>lastfm-hate-focus.png</texturefocus>
					<texturenofocus>lastfm-hate-nofocus.png</texturenofocus>
					<onleft>800</onleft>
					<onright>800</onright>
					<onup>200</onup>
					<ondown>90</ondown>
					<onclick>XBMC.LastFM.Hate</onclick>
				</control>
			</control>
			<control type="group">
				<animation effect="slide" start="0,0" end="0,-20" time="0" condition="LastFM.RadioPlaying">Conditional</animation>
				<posy>40</posy>
				<control type="group" id="100">
					<control type="button" id="600">
						<posx>0</posx>
						<posy>0</posy>
						<width>50</width>
						<height>50</height>
						<label>-</label>
						<texturefocus>OSDPrevTrackFO.png</texturefocus>
						<texturenofocus>OSDPrevTrackNF.png</texturenofocus>
						<onleft>606</onleft>
						<onright>601</onright>
						<onup>90</onup>
						<ondown>200</ondown>
						<onclick>XBMC.PlayerControl(Previous)</onclick>
					</control>
					<control type="button" id="601">
						<posx>50</posx>
						<posy>0</posy>
						<width>50</width>
						<height>50</height>
						<label>-</label>
						<texturefocus>OSDRewindFO.png</texturefocus>
						<texturenofocus>OSDRewindNF.png</texturenofocus>
						<onleft>600</onleft>
						<onright>602</onright>
						<onup>90</onup>
						<ondown>200</ondown>
						<onclick>XBMC.PlayerControl(Rewind)</onclick>
					</control>
					<control type="button" id="602">
						<posx>100</posx>
						<posy>0</posy>
						<width>50</width>
						<height>50</height>
						<label>-</label>
						<texturefocus>OSDStopFO.png</texturefocus>
						<texturenofocus>OSDStopNF.png</texturenofocus>
						<onleft>601</onleft>
						<onright>603</onright>
						<onup>90</onup>
						<ondown>200</ondown>
						<onclick>down</onclick>
						<onclick>XBMC.PlayerControl(Stop)</onclick>
					</control>
					<control type="togglebutton" id="603">
						<posx>150</posx>
						<posy>0</posy>
						<width>50</width>
						<height>50</height>
						<label>-</label>
						<texturefocus>OSDPauseFO.png</texturefocus>
						<texturenofocus>OSDPauseNF.png</texturenofocus>
						<usealttexture>Player.Paused | Player.Forwarding | Player.Rewinding</usealttexture>
						<alttexturefocus>OSDPlayFO.png</alttexturefocus>
						<alttexturenofocus>OSDPlayNF.png</alttexturenofocus>
						<onleft>602</onleft>
						<onright>604</onright>
						<onup>90</onup>
						<ondown>200</ondown>
						<onclick>XBMC.PlayerControl(Play)</onclick>
					</control>
					<control type="button" id="604">
						<posx>200</posx>
						<posy>0</posy>
						<width>50</width>
						<height>50</height>
						<label>-</label>
						<texturefocus>OSDForwardFO.png</texturefocus>
						<texturenofocus>OSDForwardNF.png</texturenofocus>
						<onleft>603</onleft>
						<onright>605</onright>
						<onup>90</onup>
						<ondown>200</ondown>
						<onclick>XBMC.PlayerControl(Forward)</onclick>
					</control>
					<control type="button" id="605">
						<posx>250</posx>
						<posy>0</posy>
						<width>50</width>
						<height>50</height>
						<label>-</label>
						<texturefocus>OSDNextTrackFO.png</texturefocus>
						<texturenofocus>OSDNextTrackNF.png</texturenofocus>
						<onleft>604</onleft>
						<onright>606</onright>
						<onup>90</onup>
						<ondown>200</ondown>
						<onclick>XBMC.PlayerControl(Next)</onclick>
					</control>
					<control type="button" id="606">
						<posx>300</posx>
						<posy>0</posy>
						<width>50</width>
						<height>50</height>
						<label>-</label>
						<texturefocus>OSDRecordFO.png</texturefocus>
						<texturenofocus>OSDRecordNF.png</texturenofocus>
						<onleft>605</onleft>
						<onright>600</onright>
						<onup>90</onup>
						<ondown>200</ondown>
						<onclick>XBMC.PlayerControl(record)</onclick>
						<enable>Player.CanRecord</enable>
						<animation effect="fade" start="100" end="30" time="100" condition="!Player.CanRecord">Conditional</animation>
					</control>
				</control>
				<control type="group" id="200">
					<posx>25</posx>
					<posy>45</posy>
					<control type="button" id="700">
						<posx>0</posx>
						<posy>0</posy>
						<width>50</width>
						<height>50</height>
						<label>-</label>
						<texturefocus>-</texturefocus>
						<texturenofocus>-</texturenofocus>
						<onclick>XBMC.PlayerControl(Repeat)</onclick>
						<onleft>705</onleft>
						<onright>701</onright>
						<onup>100</onup>
						<ondown>300</ondown>
					</control>
					<control type="image">
						<posx>0</posx>
						<posy>0</posy>
						<width>50</width>
						<height>50</height>
						<texture>OSDRepeatNF.png</texture>
						<visible>!Playlist.IsRepeat + !Playlist.IsRepeatOne</visible>
						<visible>!Control.HasFocus(700)</visible>
					</control>
					<control type="image">
						<posx>0</posx>
						<posy>0</posy>
						<width>50</width>
						<height>50</height>
						<texture>OSDRepeatFO.png</texture>
						<visible>!Playlist.IsRepeat + !Playlist.IsRepeatOne</visible>
						<visible>Control.HasFocus(700)</visible>
					</control>
					<control type="image">
						<posx>0</posx>
						<posy>0</posy>
						<width>50</width>
						<height>50</height>
						<texture>OSDRepeatOneNF.png</texture>
						<visible>Playlist.IsRepeatOne</visible>
						<visible>!Control.HasFocus(700)</visible>
					</control>
					<control type="image">
						<posx>0</posx>
						<posy>0</posy>
						<width>50</width>
						<height>50</height>
						<texture>OSDRepeatOneFO.png</texture>
						<visible>Playlist.IsRepeatOne</visible>
						<visible>Control.HasFocus(700)</visible>
					</control>
					<control type="image">
						<posx>0</posx>
						<posy>0</posy>
						<width>50</width>
						<height>50</height>
						<texture>OSDRepeatAllNF.png</texture>
						<visible>Playlist.IsRepeat</visible>
						<visible>!Control.HasFocus(700)</visible>
					</control>
					<control type="image">
						<posx>0</posx>
						<posy>0</posy>
						<width>50</width>
						<height>50</height>
						<texture>OSDRepeatAllFO.png</texture>
						<visible>Playlist.IsRepeat</visible>
						<visible>Control.HasFocus(700)</visible>
					</control>
					<control type="togglebutton" id="701">
						<posx>50</posx>
						<posy>0</posy>
						<width>50</width>
						<height>50</height>
						<label>-</label>
						<texturefocus>OSDRandomOffFO.png</texturefocus>
						<texturenofocus>OSDRandomOffNF.png</texturenofocus>
						<usealttexture>Playlist.IsRandom</usealttexture>
						<alttexturefocus>OSDRandomOnFO.png</alttexturefocus>
						<alttexturenofocus>OSDRandomOnNF.png</alttexturenofocus>
						<onclick>XBMC.PlayerControl(Random)</onclick>
						<onleft>700</onleft>
						<onright>702</onright>
						<onup>100</onup>
						<ondown>300</ondown>
					</control>
					<control type="button" id="702">
						<posx>100</posx>
						<posy>0</posy>
						<width>50</width>
						<height>50</height>
						<label>-</label>
						<texturefocus>OSDPlaylistFO.png</texturefocus>
						<texturenofocus>OSDPlaylistNF.png</texturenofocus>
						<onleft>701</onleft>
						<onright>500</onright>
						<onup>100</onup>
						<ondown>100</ondown>
						<onclick>ActivateWindow(MusicPlaylist)</onclick>
					</control>
					<control type="button" id="500">
						<posx>150</posx>
						<posy>0</posy>
						<width>50</width>
						<height>50</height>
						<label>-</label>
						<texturefocus>OSDVizFO.png</texturefocus>
						<texturenofocus>OSDVizNF.png</texturenofocus>
						<onleft>702</onleft>
						<onright>704</onright>
						<onup>100</onup>
						<ondown>300</ondown>
					</control>
					<control type="button" id="704">
						<posx>200</posx>
						<posy>0</posy>
						<width>50</width>
						<height>50</height>
						<label>-</label>
						<texturefocus>OSDPreFO.png</texturefocus>
						<texturenofocus>OSDPreNF.png</texturenofocus>
						<onleft>500</onleft>
						<onright>705</onright>
						<onup>100</onup>
						<ondown>300</ondown>
						<onclick>ActivateWindow(122)</onclick>
					</control>
					<control type="button" id="705">
						<posx>250</posx>
						<posy>0</posy>
						<width>50</width>
						<height>50</height>
						<label>-</label>
						<texturefocus>OSDPresetSettingsFO.png</texturefocus>
						<texturenofocus>OSDPresetSettingsNF.png</texturenofocus>
						<onleft>704</onleft>
						<onright>700</onright>
						<onup>100</onup>
						<ondown>300</ondown>
						<onclick>Addon.Default.OpenSettings(xbmc.player.musicviz)</onclick>
					</control>
				</control>
			</control>
		</control>
	</controls>
</window>