<window type="dialog" id="2901">
	<defaultcontrol always="true">3</defaultcontrol>
	<controls>
		<control type="button" id="3">
			<description>Fake Button to close the Exact same Info Dialog</description>
			<posx>-200</posx>
			<posy>-200</posy>
			<onfocus>Dialog.Close(142,true)</onfocus>
			<onfocus>Setfocus(603)</onfocus>
			<visible allowhiddenfocus="true">false</visible>
		</control>
		<control type="group">
			<animation effect="slide" start="-400,0" end="0,0" time="400" tween="quadratic" easing="out" condition="!Window.IsVisible(142)">WindowOpen</animation>
			<animation effect="slide" start="0,0" end="-400,0" time="400" tween="quadratic" easing="out" condition="!Window.IsVisible(142)">WindowClose</animation>
			<animation effect="slide" start="0,0" end="-400,0" time="400" tween="quadratic" easing="out" condition="Window.IsVisible(SliderDialog)">Conditional</animation>
			<include>VideoOSDBackground</include>
		</control>
		<control type="group">
			<posx>680</posx>
			<animation effect="slide" start="600,0" end="0,0" time="400" tween="quadratic" easing="out">visible</animation>
			<animation effect="slide" start="0,0" end="600,0" time="400" tween="quadratic" easing="out">hidden</animation>
			<animation effect="slide" start="0,0" end="600,0" time="400" tween="quadratic" easing="out" condition="Control.HasFocus(90)">WindowClose</animation>
			<visible>Control.HasFocus(90) | Control.HasFocus(91)</visible>
			<include>VideoOSDInfo</include>
		</control>

		<control type="group">
			<posx>10</posx>
			<posy>545</posy>
			<animation effect="slide" start="-400,0" end="0,0" time="400" tween="quadratic" easing="out" condition="!Window.IsVisible(142)">WindowOpen</animation>
			<animation effect="slide" start="0,0" end="-400,0" time="400" tween="quadratic" easing="out" condition="!Window.IsVisible(142)">WindowClose</animation>
			<animation effect="slide" start="0,0" end="-400,0" time="400" tween="quadratic" easing="out" condition="Window.IsVisible(SliderDialog)">Conditional</animation>
			<include>VideoOSDButtons</include>
		</control>
		<include>Clock</include>
	</controls>
</window>