<window type="dialog" id="120">
	<defaultcontrol always="true">602</defaultcontrol>
	<controls>
		<control type="group">
			<animation effect="fade" start="0" end="100" time="300" tween="quadratic" easing="out">WindowOpen</animation>
			<animation effect="fade" start="100" end="0" time="300" delay="150" tween="quadratic" easing="out">WindowClose</animation>
			<animation effect="fade" start="100" end="0" time="300" tween="quadratic" easing="out" condition="Window.IsVisible(VisualisationSettings) | Window.IsVisible(VisualisationPresetList)">Conditional</animation>
			<control type="image">
				<description>media info background image</description>
				<posx>0</posx>
				<posy>-20</posy>
				<width>1280</width>
				<height>160</height>
				<texture flipy="true">HomeNowPlayingBack.png</texture>
			</control>
			<control type="image">
				<description>media info background image</description>
				<posx>0</posx>
				<posy>-20</posy>
				<width>1280</width>
				<height>160</height>
				<colordiffuse>88FFFFFF</colordiffuse>
				<texture flipy="true">HomeNowPlayingBack.png</texture>
			</control>
			<control type="group" id="200">
				<posx>367</posx>
				<posy>4</posy>
				<control type="button" id="700">
					<posx>0</posx>
					<posy>0</posy>
					<width>45</width>
					<height>45</height>
					<label>10517</label>
					<font>-</font>
					<texturefocus>OSDPlaylistFO.png</texturefocus>
					<texturenofocus>OSDPlaylistNF.png</texturenofocus>
					<onleft>706</onleft>
					<onright>500</onright>
					<onup>600</onup>
					<ondown>600</ondown>
					<onclick>ActivateWindow(MusicPlaylist)</onclick>
				</control>
				<control type="button" id="500">
					<posx>50</posx>
					<posy>0</posy>
					<width>45</width>
					<height>45</height>
					<label>12006</label>
					<font>-</font>
					<texturefocus>OSDVizFO.png</texturefocus>
					<texturenofocus>OSDVizNF.png</texturenofocus>
					<onleft>700</onleft>
					<onright>701</onright>
					<onup>600</onup>
					<ondown>600</ondown>
				</control>
				<control type="button" id="701">
					<posx>100</posx>
					<posy>0</posy>
					<width>45</width>
					<height>45</height>
					<label>$LOCALIZE[250] $LOCALIZE[21417]</label>
					<font>-</font>
					<texturefocus>OSDPresetSettingsFO.png</texturefocus>
					<texturenofocus>OSDPresetSettingsNF.png</texturenofocus>
					<onleft>500</onleft>
					<onright>702</onright>
					<onup>600</onup>
					<ondown>600</ondown>
					<onclick>Addon.Default.OpenSettings(xbmc.player.musicviz)</onclick>
				</control>
				<control type="button" id="702">
					<posx>150</posx>
					<posy>0</posy>
					<width>45</width>
					<height>45</height>
					<label>31048</label>
					<font>-</font>
					<texturefocus>OSDPreFO.png</texturefocus>
					<texturenofocus>OSDPreNF.png</texturenofocus>
					<onleft>701</onleft>
					<onright>800</onright>
					<onup>601</onup>
					<ondown>601</ondown>
					<onclick>ActivateWindow(122)</onclick>
				</control>
			</control>
			<control type="image" id="11">
				<description>separator image</description>
				<posx>567</posx>
				<posy>25</posy>
				<width>150</width>
				<height>1</height>
				<colordiffuse>66FFFFFF</colordiffuse>
				<texture>separator2.png</texture>
				<visible>!LastFM.RadioPlaying</visible>
			</control>
			<control type="group" id="202">
				<posx>607</posx>
				<posy>10</posy>
				<visible>LastFM.RadioPlaying</visible>
				<control type="button" id="800">
					<posx>0</posx>
					<posy>0</posy>
					<width>30</width>
					<height>30</height>
					<label>$LOCALIZE[15200] $LOCALIZE[31001]</label>
					<align>right</align>
					<font>-</font>
					<textoffsetx>35</textoffsetx>
					<textcolor>grey2</textcolor>
					<shadowcolor>black</shadowcolor>
					<texturefocus>lastfm-love-focus.png</texturefocus>
					<texturenofocus>lastfm-love-nofocus.png</texturenofocus>
					<onleft>702</onleft>
					<onright>801</onright>
					<onup>602</onup>
					<ondown>602</ondown>
					<onclick>XBMC.LastFM.Love</onclick>
				</control>
				<control type="button" id="801">
					<posx>36</posx>
					<posy>0</posy>
					<width>30</width>
					<width>30</width>
					<height>30</height>
					<label>$LOCALIZE[15200] $LOCALIZE[31002]</label>
					<align>left</align>
					<font>-</font>
					<textoffsetx>35</textoffsetx>
					<textcolor>grey2</textcolor>
					<shadowcolor>black</shadowcolor>
					<texturefocus>lastfm-hate-focus.png</texturefocus>
					<texturenofocus>lastfm-hate-nofocus.png</texturenofocus>
					<onleft>800</onleft>
					<onright>703</onright>
					<onup>603</onup>
					<ondown>603</ondown>
					<onclick>XBMC.LastFM.Ban</onclick>
				</control>
			</control>
			<control type="group" id="201">
				<posx>718</posx>
				<posy>4</posy>
				<control type="togglebutton" id="703">
					<posx>0</posx>
					<posy>0</posy>
					<width>45</width>
					<height>45</height>
					<label>31128</label>
					<font>-</font>
					<texturefocus>OSDLyricsFO.png</texturefocus>
					<texturenofocus>OSDLyricsNF.png</texturenofocus>
					<alttexturefocus>OSDLyricsFO.png</alttexturefocus>
					<alttexturenofocus>OSDLyricsNF.png</alttexturenofocus>
					<onleft>801</onleft>
					<onright>704</onright>
					<onup>604</onup>
					<ondown>604</ondown>
					<onclick>Close</onclick>
					<onclick>XBMC.RunScript($INFO[Skin.String(LyricScript_Path)])</onclick>
					<altclick>Skin.SetAddon(LyricScript_Path,xbmc.python.lyrics)</altclick>
					<altclick>Close</altclick>
					<altclick>XBMC.RunScript($INFO[Skin.String(LyricScript_Path)])</altclick>
					<usealttexture>IsEmpty(Skin.String(LyricScript_Path))</usealttexture>
				</control>
				<control type="button" id="704">
					<posx>50</posx>
					<posy>0</posy>
					<width>45</width>
					<height>45</height>
					<label>$LOCALIZE[486]$INFO[Playlist.Repeat, : ]</label>
					<font>-</font>
					<texturefocus>-</texturefocus>
					<texturenofocus>-</texturenofocus>
					<onclick>XBMC.PlayerControl(Repeat)</onclick>
					<onleft>703</onleft>
					<onright>705</onright>
					<onup>605</onup>
					<ondown>605</ondown>
				</control>
				<control type="image">
					<posx>50</posx>
					<posy>0</posy>
					<width>45</width>
					<height>45</height>
					<texture>OSDRepeatNF.png</texture>
					<visible>!Playlist.IsRepeat + !Playlist.IsRepeatOne</visible>
					<visible>!Control.HasFocus(704)</visible>
				</control>
				<control type="image">
					<posx>50</posx>
					<posy>0</posy>
					<width>45</width>
					<height>45</height>
					<texture>OSDRepeatFO.png</texture>
					<visible>!Playlist.IsRepeat + !Playlist.IsRepeatOne</visible>
					<visible>Control.HasFocus(704)</visible>
				</control>
				<control type="image">
					<posx>50</posx>
					<posy>0</posy>
					<width>45</width>
					<height>45</height>
					<texture>OSDRepeatOneNF.png</texture>
					<visible>Playlist.IsRepeatOne</visible>
					<visible>!Control.HasFocus(704)</visible>
				</control>
				<control type="image">
					<posx>50</posx>
					<posy>0</posy>
					<width>45</width>
					<height>45</height>
					<texture>OSDRepeatOneFO.png</texture>
					<visible>Playlist.IsRepeatOne</visible>
					<visible>Control.HasFocus(704)</visible>
				</control>
				<control type="image">
					<posx>50</posx>
					<posy>0</posy>
					<width>45</width>
					<height>45</height>
					<texture>OSDRepeatAllNF.png</texture>
					<visible>Playlist.IsRepeat</visible>
					<visible>!Control.HasFocus(704)</visible>
				</control>
				<control type="image">
					<posx>50</posx>
					<posy>0</posy>
					<width>45</width>
					<height>45</height>
					<texture>OSDRepeatAllFO.png</texture>
					<visible>Playlist.IsRepeat</visible>
					<visible>Control.HasFocus(704)</visible>
				</control>
				<control type="togglebutton" id="705">
					<posx>100</posx>
					<posy>0</posy>
					<width>45</width>
					<height>45</height>
					<label>$LOCALIZE[590]$INFO[Playlist.Random, : ]</label>
					<font>-</font>
					<texturefocus>OSDRandomOffFO.png</texturefocus>
					<texturenofocus>OSDRandomOffNF.png</texturenofocus>
					<usealttexture>Playlist.IsRandom</usealttexture>
					<alttexturefocus>OSDRandomOnFO.png</alttexturefocus>
					<alttexturenofocus>OSDRandomOnNF.png</alttexturenofocus>
					<onclick>XBMC.PlayerControl(Random)</onclick>
					<onleft>704</onleft>
					<onright>706</onright>
					<onup>605</onup>
					<ondown>605</ondown>
				</control>
				<control type="button" id="706">
					<posx>150</posx>
					<posy>0</posy>
					<width>45</width>
					<height>45</height>
					<label>264</label>
					<font>-</font>
					<texturefocus>OSDRecordFO.png</texturefocus>
					<texturenofocus>OSDRecordNF.png</texturenofocus>
					<onleft>705</onleft>
					<onright>700</onright>
					<onup>605</onup>
					<ondown>605</ondown>
					<onclick>XBMC.PlayerControl(record)</onclick>
					<enable>Player.CanRecord</enable>
					<animation effect="fade" start="100" end="50" time="100" condition="!Player.CanRecord">Conditional</animation>
				</control>
			</control>
			<control type="group" id="100">
				<posx>490</posx>
				<posy>40</posy>
				<control type="button" id="600">
					<posx>0</posx>
					<posy>0</posy>
					<width>50</width>
					<height>50</height>
					<label>210</label>
					<font>-</font>
					<texturefocus>OSDPrevTrackFO.png</texturefocus>
					<texturenofocus>OSDPrevTrackNF.png</texturenofocus>
					<onleft>605</onleft>
					<onright>601</onright>
					<onup>701</onup>
					<ondown>701</ondown>
					<onclick>PlayerControl(Previous)</onclick>
				</control>
				<control type="button" id="601">
					<posx>50</posx>
					<posy>0</posy>
					<width>50</width>
					<height>50</height>
					<label>31354</label>
					<font>-</font>
					<texturefocus>OSDRewindFO.png</texturefocus>
					<texturenofocus>OSDRewindNF.png</texturenofocus>
					<onleft>600</onleft>
					<onright>602</onright>
					<onup>702</onup>
					<ondown>702</ondown>
					<onclick>PlayerControl(Rewind)</onclick>
				</control>
				<control type="togglebutton" id="602">
					<posx>100</posx>
					<posy>0</posy>
					<width>50</width>
					<height>50</height>
					<label>31351</label>
					<altlabel>208</altlabel>
					<font>-</font>
					<texturefocus>OSDPauseFO.png</texturefocus>
					<texturenofocus>OSDPauseNF.png</texturenofocus>
					<usealttexture>Player.Paused | Player.Forwarding | Player.Rewinding</usealttexture>
					<alttexturefocus>OSDPlayFO.png</alttexturefocus>
					<alttexturenofocus>OSDPlayNF.png</alttexturenofocus>
					<onleft>601</onleft>
					<onright>603</onright>
					<onup>800</onup>
					<ondown>800</ondown>
					<onclick>PlayerControl(Play)</onclick>
					<visible>LastFM.RadioPlaying</visible>
				</control>
				<control type="button" id="603">
					<posx>150</posx>
					<posy>0</posy>
					<width>50</width>
					<height>50</height>
					<label>31352</label>
					<font>-</font>
					<texturefocus>OSDStopFO.png</texturefocus>
					<texturenofocus>OSDStopNF.png</texturenofocus>
					<onleft>602</onleft>
					<onright>604</onright>
					<onup>801</onup>
					<ondown>801</ondown>
					<onclick>PlayerControl(Stop)</onclick>
					<visible>LastFM.RadioPlaying</visible>
				</control>
				<control type="togglebutton" id="602">
					<posx>100</posx>
					<posy>0</posy>
					<width>50</width>
					<height>50</height>
					<label>31351</label>
					<altlabel>208</altlabel>
					<font>-</font>
					<texturefocus>OSDPauseFO.png</texturefocus>
					<texturenofocus>OSDPauseNF.png</texturenofocus>
					<usealttexture>Player.Paused | Player.Forwarding | Player.Rewinding</usealttexture>
					<alttexturefocus>OSDPlayFO.png</alttexturefocus>
					<alttexturenofocus>OSDPlayNF.png</alttexturenofocus>
					<onleft>601</onleft>
					<onright>603</onright>
					<onup>702</onup>
					<ondown>702</ondown>
					<onclick>PlayerControl(Play)</onclick>
					<visible>!LastFM.RadioPlaying</visible>
				</control>
				<control type="button" id="603">
					<posx>150</posx>
					<posy>0</posy>
					<width>50</width>
					<height>50</height>
					<label>31352</label>
					<font>-</font>
					<texturefocus>OSDStopFO.png</texturefocus>
					<texturenofocus>OSDStopNF.png</texturenofocus>
					<onleft>602</onleft>
					<onright>604</onright>
					<onup>703</onup>
					<ondown>703</ondown>
					<onclick>down</onclick>
					<onclick>PlayerControl(Stop)</onclick>
					<visible>!LastFM.RadioPlaying</visible>
				</control>
				<control type="button" id="604">
					<posx>200</posx>
					<posy>0</posy>
					<width>50</width>
					<height>50</height>
					<label>31353</label>
					<font>-</font>
					<texturefocus>OSDForwardFO.png</texturefocus>
					<texturenofocus>OSDForwardNF.png</texturenofocus>
					<onleft>603</onleft>
					<onright>605</onright>
					<onup>703</onup>
					<ondown>703</ondown>
					<onclick>PlayerControl(Forward)</onclick>
				</control>
				<control type="button" id="605">
					<posx>250</posx>
					<posy>0</posy>
					<width>50</width>
					<height>50</height>
					<label>209</label>
					<font>-</font>
					<texturefocus>OSDNextTrackFO.png</texturefocus>
					<texturenofocus>OSDNextTrackNF.png</texturenofocus>
					<onleft>604</onleft>
					<onright>600</onright>
					<onup>704</onup>
					<ondown>704</ondown>
					<onclick>PlayerControl(Next)</onclick>
				</control>
			</control>
			<control type="label">
				<posx>20</posx>
				<posy>60</posy>
				<width>460</width>
				<height>25</height>
				<label>$INFO[System.CurrentControl]</label>
				<scroll>true</scroll>
				<align>left</align>
				<aligny>center</aligny>
				<font>font12_title</font>
				<textcolor>grey</textcolor>
				<shadowcolor>black</shadowcolor>
				<visible>Window.IsTopmost(MusicOSD)</visible>
			</control>
			<control type="group">
				<posx>120r</posx>
				<posy>40</posy>
				<control type="image">
					<posx>10</posx>
					<posy>0</posy>
					<width>80</width>
					<height>50</height>
					<texture>OSDSeekFrame.png</texture>
					<visible>Player.Rewinding | Player.Forwarding</visible>
				</control>
				<control type="image">
					<posx>0</posx>
					<posy>3</posy>
					<width>20</width>
					<height>44</height>
					<texture>OSDSeekRewind.png</texture>
					<visible>Player.Rewinding</visible>
				</control>
				<control type="image">
					<posx>80</posx>
					<posy>3</posy>
					<width>20</width>
					<height>44</height>
					<texture>OSDSeekForward.png</texture>
					<visible>Player.Forwarding</visible>
				</control>

				<control type="image">
					<posx>28</posx>
					<posy>4</posy>
					<width>40</width>
					<height>40</height>
					<texture>OSD2x.png</texture>
					<visible>Player.Rewinding2x</visible>
				</control>
				<control type="image">
					<posx>25</posx>
					<posy>4</posy>
					<width>40</width>
					<height>40</height>
					<texture>OSD4x.png</texture>
					<visible>Player.Rewinding4x</visible>
				</control>
				<control type="image">
					<posx>22</posx>
					<posy>4</posy>
					<width>40</width>
					<height>40</height>
					<texture>OSD8x.png</texture>
					<visible>Player.Rewinding8x</visible>
				</control>
				<control type="image">
					<posx>19</posx>
					<posy>4</posy>
					<width>40</width>
					<height>40</height>
					<texture>OSD16x.png</texture>
					<visible>Player.Rewinding16x</visible>
				</control>
				<control type="image">
					<posx>17</posx>
					<posy>4</posy>
					<width>40</width>
					<height>40</height>
					<texture>OSD32x.png</texture>
					<visible>Player.Rewinding32x</visible>
				</control>

				<control type="image">
					<posx>34</posx>
					<posy>4</posy>
					<width>40</width>
					<height>40</height>
					<texture>OSD2x.png</texture>
					<visible>Player.Forwarding2x</visible>
				</control>
				<control type="image">
					<posx>37</posx>
					<posy>4</posy>
					<width>40</width>
					<height>40</height>
					<texture>OSD4x.png</texture>
					<visible>Player.Forwarding4x</visible>
				</control>
				<control type="image">
					<posx>40</posx>
					<posy>4</posy>
					<width>40</width>
					<height>40</height>
					<texture>OSD8x.png</texture>
					<visible>Player.Forwarding8x</visible>
				</control>
				<control type="image">
					<posx>43</posx>
					<posy>4</posy>
					<width>40</width>
					<height>40</height>
					<texture>OSD16x.png</texture>
					<visible>Player.Forwarding16x</visible>
				</control>
				<control type="image">
					<posx>45</posx>
					<posy>4</posy>
					<width>40</width>
					<height>40</height>
					<texture>OSD32x.png</texture>
					<visible>Player.Forwarding32x</visible>
				</control>
			</control>
			<control type="group">
				<posx>0</posx>
				<posy>0</posy>
				<animation effect="slide" end="-200,0" time="400" tween="quadratic" easing="out">WindowClose</animation>
				<animation effect="slide" start="-200,0" time="400" tween="quadratic" easing="out">WindowOpen</animation>
				<control type="image">
					<posx>0</posx>
					<posy>0</posy>
					<width>170</width>
					<height>35</height>
					<texture border="0,0,32,0">header.png</texture>
				</control>
				<control type="label">
					<include>WindowTitleCommons</include>
					<posx>140</posx>
					<label>31140</label>
				</control>
			</control>
			<include>Clock</include>
			<control type="image">
				<description>media info background image</description>
				<posx>0</posx>
				<posy>100r</posy>
				<width>1280</width>
				<height>150</height>
				<texture>HomeNowPlayingBack.png</texture>
			</control>
			<control type="image">
				<description>media info background image</description>
				<posx>0</posx>
				<posy>100r</posy>
				<width>1280</width>
				<height>150</height>
				<colordiffuse>88FFFFFF</colordiffuse>
				<texture>HomeNowPlayingBack.png</texture>
			</control>
			<control type="label">
				<posx>220</posx>
				<posy>50r</posy>
				<width>200</width>
				<height>25</height>
				<label>$INFO[Player.Time]</label>
				<scroll>true</scroll>
				<align>right</align>
				<aligny>center</aligny>
				<font>font24_title</font>
				<textcolor>grey</textcolor>
				<shadowcolor>black</shadowcolor>
			</control>
			<control type="progress">
				<description>Progressbar</description>
				<posx>230</posx>
				<posy>40r</posy>
				<width>820</width>
				<height>14</height>
				<info>Player.Progress</info>
			</control>
			<control type="slider" id="87">
				<description>Seek Slider</description>
				<posx>230</posx>
				<posy>44r</posy>
				<width>820</width>
				<height>17</height>
				<onup>702</onup>
				<ondown>26</ondown>
				<action>seek</action>
				<texturesliderbar>seekslider2.png</texturesliderbar>
				<textureslidernib>osd_slider_nibNF.png</textureslidernib>
				<textureslidernibfocus>osd_slider_nib.png</textureslidernibfocus>
			</control>
			<control type="label">
				<posx>220r</posx>
				<posy>50r</posy>
				<width>200</width>
				<height>25</height>
				<label>$INFO[Player.Duration]</label>
				<scroll>true</scroll>
				<align>left</align>
				<aligny>center</aligny>
				<font>font24_title</font>
				<textcolor>grey</textcolor>
				<shadowcolor>black</shadowcolor>
			</control>
		</control>
	</controls>
</window>
